trade_date_ist,open_native,high_native,low_native,close_native,volume,fx_rate_used,contract_symbol,contract_expiry_date,source_resolution_used,source_resolution_minutes,coverage_method,notes_data_quality,data_quality_flags,currency_native,market,instrument_name,symbol,source_name,source_url,source_timezone,timestamp_ist,session_window_ist
2026-03-02,,5971.211181668799,5852.9693760912,5912.0902788799995,10000,83.0,CRUDEOILM-SYNTH,,1d,1440,synthetic_wti_fx,Synthetic: WTI * USD/INR (no real MCX data),SYNTHETIC_MCX,INR,MCX,MCX Crude Oil Mini Futures,MCX,synthetic,derived_from_wti_fx,UTC,2026-03-02 15:30:00,mcx_close
2026-03-03,5912.0902788799995,6250.3645954548,6126.594999505201,6188.47979748,10000,83.0,CRUDEOILM-SYNTH,,1d,1440,synthetic_wti_fx,Synthetic: WTI * USD/INR (no real MCX data),SYNTHETIC_MCX,INR,MCX,MCX Crude Oil Mini Futures,MCX,synthetic,derived_from_wti_fx,UTC,2026-03-03 15:30:00,mcx_close
2026-03-04,6188.47979748,6258.7481068178,6134.8125007422,6196.78030378,10000,83.0,CRUDEOILM-SYNTH,,1d,1440,synthetic_wti_fx,Synthetic: WTI * USD/INR (no real MCX data),SYNTHETIC_MCX,INR,MCX,MCX Crude Oil Mini Futures,MCX,synthetic,derived_from_wti_fx,UTC,2026-03-04 15:30:00,mcx_close
2026-03-05,6196.78030378,6791.0684793962,6656.591875843799,6723.83017762,10000,83.0,CRUDEOILM-SYNTH,,1d,1440,synthetic_wti_fx,Synthetic: WTI * USD/INR (no real MCX data),SYNTHETIC_MCX,INR,MCX,MCX Crude Oil Mini Futures,MCX,synthetic,derived_from_wti_fx,UTC,2026-03-05 15:30:00,mcx_close
2026-03-06,6723.83017762,7620.1471282599005,7469.2531257201,7544.70012699,10000,83.0,CRUDEOILM-SYNTH,,1d,1440,synthetic_wti_fx,Synthetic: WTI * USD/INR (no real MCX data),SYNTHETIC_MCX,INR,MCX,MCX Crude Oil Mini Futures,MCX,synthetic,derived_from_wti_fx,UTC,2026-03-06 15:30:00,mcx_close
2026-03-09,7544.70012699,7944.5688183312,7787.250623908801,7865.9097211200005,10000,83.0,CRUDEOILM-SYNTH,,1d,1440,synthetic_wti_fx,Synthetic: WTI * USD/INR (no real MCX data),SYNTHETIC_MCX,INR,MCX,MCX Crude Oil Mini Futures,MCX,synthetic,derived_from_wti_fx,UTC,2026-03-09 15:30:00,mcx_close
2026-03-10,7865.9097211200005,6995.6132443185,6857.0862493815,6926.34974685,10000,83.0,CRUDEOILM-SYNTH,,1d,1440,synthetic_wti_fx,Synthetic: WTI * USD/INR (no real MCX data),SYNTHETIC_MCX,INR,MCX,MCX Crude Oil Mini Futures,MCX,synthetic,derived_from_wti_fx,UTC,2026-03-10 15:30:00,mcx_close
2026-03-11,6926.34974685,7314.1675000000005,7169.3324999999995,7241.75,10000,83.0,CRUDEOILM-SYNTH,,1d,1440,synthetic_wti_fx,Synthetic: WTI * USD/INR (no real MCX data),SYNTHETIC_MCX,INR,MCX,MCX Crude Oil Mini Futures,MCX,synthetic,derived_from_wti_fx,UTC,2026-03-11 15:30:00,mcx_close
2026-03-12,7241.75,8080.3736488637,7920.3662498763,8000.36994937,10000,83.0,CRUDEOILM-SYNTH,,1d,1440,synthetic_wti_fx,Synthetic: WTI * USD/INR (no real MCX data),SYNTHETIC_MCX,INR,MCX,MCX Crude Oil Mini Futures,MCX,synthetic,derived_from_wti_fx,UTC,2026-03-12 15:30:00,mcx_close
2026-03-13,8000.36994937,8322.6422977274,8157.837499752599,8240.23989874,10000,83.0,CRUDEOILM-SYNTH,,1d,1440,synthetic_wti_fx,Synthetic: WTI * USD/INR (no real MCX data),SYNTHETIC_MCX,INR,MCX,MCX Crude Oil Mini Futures,MCX,synthetic,derived_from_wti_fx,UTC,2026-03-13 15:30:00,mcx_close
2026-03-16,8240.23989874,7898.4627022726,7742.0575002474,7820.26010126,10000,83.0,CRUDEOILM-SYNTH,,1d,1440,synthetic_wti_fx,Synthetic: WTI * USD/INR (no real MCX data),SYNTHETIC_MCX,INR,MCX,MCX Crude Oil Mini Futures,MCX,synthetic,derived_from_wti_fx,UTC,2026-03-16 15:30:00,mcx_close
2026-03-17,7820.26010126,7988.9992556815005,7830.8012506185,7909.90025315,10000,83.0,CRUDEOILM-SYNTH,,1d,1440,synthetic_wti_fx,Synthetic: WTI * USD/INR (no real MCX data),SYNTHETIC_MCX,INR,MCX,MCX Crude Oil Mini Futures,MCX,synthetic,derived_from_wti_fx,UTC,2026-03-17 15:30:00,mcx_close
2026-03-18,7909.90025315,8303.3617556815,8138.938750618501,8221.150253150001,10000,83.0,CRUDEOILM-SYNTH,,1d,1440,synthetic_wti_fx,Synthetic: WTI * USD/INR (no real MCX data),SYNTHETIC_MCX,INR,MCX,MCX Crude Oil Mini Futures,MCX,synthetic,derived_from_wti_fx,UTC,2026-03-18 15:30:00,mcx_close
2026-03-19,8221.150253150001,7929.4793931822,7772.4599992578,7850.96969622,10000,83.0,CRUDEOILM-SYNTH,,1d,1440,synthetic_wti_fx,Synthetic: WTI * USD/INR (no real MCX data),SYNTHETIC_MCX,INR,MCX,MCX Crude Oil Mini Futures,MCX,synthetic,derived_from_wti_fx,UTC,2026-03-19 15:30:00,mcx_close
2026-03-20,7850.96969622,8222.8843931822,8060.0549992578,8141.46969622,10000,83.0,CRUDEOILM-SYNTH,,1d,1440,synthetic_wti_fx,Synthetic: WTI * USD/INR (no real MCX data),SYNTHETIC_MCX,INR,MCX,MCX Crude Oil Mini Futures,MCX,synthetic,derived_from_wti_fx,UTC,2026-03-20 15:30:00,mcx_close
2026-03-23,8141.46969622,7449.9723305325,7302.4481259675,7376.21022825,10000,83.0,CRUDEOILM-SYNTH,,1d,1440,synthetic_wti_fx,Synthetic: WTI * USD/INR (no real MCX data),SYNTHETIC_MCX,INR,MCX,MCX Crude Oil Mini Futures,MCX,synthetic,derived_from_wti_fx,UTC,2026-03-23 15:30:00,mcx_close
2026-03-24,7376.21022825,7409.733648863699,7263.0062498763,7336.36994937,10000,83.0,CRUDEOILM-SYNTH,,1d,1440,synthetic_wti_fx,Synthetic: WTI * USD/INR (no real MCX data),SYNTHETIC_MCX,INR,MCX,MCX Crude Oil Mini Futures,MCX,synthetic,derived_from_wti_fx,UTC,2026-03-24 15:30:00,mcx_close
2026-03-25,7336.36994937,7652.8407771236,7501.2993755964,7577.07007636,10000,83.0,CRUDEOILM-SYNTH,,1d,1440,synthetic_wti_fx,Synthetic: WTI * USD/INR (no real MCX data),SYNTHETIC_MCX,INR,MCX,MCX Crude Oil Mini Futures,MCX,synthetic,derived_from_wti_fx,UTC,2026-03-25 15:30:00,mcx_close
2026-03-26,7577.07007636,7862.4157771236,7706.7243755964,7784.57007636,10000,83.0,CRUDEOILM-SYNTH,,1d,1440,synthetic_wti_fx,Synthetic: WTI * USD/INR (no real MCX data),SYNTHETIC_MCX,INR,MCX,MCX Crude Oil Mini Futures,MCX,synthetic,derived_from_wti_fx,UTC,2026-03-26 15:30:00,mcx_close
2026-03-27,7784.57007636,8481.919425149,8313.960624651001,8397.940024900001,10000,83.0,CRUDEOILM-SYNTH,,1d,1440,synthetic_wti_fx,Synthetic: WTI * USD/INR (no real MCX data),SYNTHETIC_MCX,INR,MCX,MCX Crude Oil Mini Futures,MCX,synthetic,derived_from_wti_fx,UTC,2026-03-27 15:30:00,mcx_close
2026-03-30,8397.940024900001,8802.988476043,8628.671872556999,8715.8301743,10000,83.0,CRUDEOILM-SYNTH,,1d,1440,synthetic_wti_fx,Synthetic: WTI * USD/INR (no real MCX data),SYNTHETIC_MCX,INR,MCX,MCX Crude Oil Mini Futures,MCX,synthetic,derived_from_wti_fx,UTC,2026-03-30 15:30:00,mcx_close
2026-03-31,8715.8301743,8513.774598808,8345.185002791999,8429.4798008,10000,83.0,CRUDEOILM-SYNTH,,1d,1440,synthetic_wti_fx,Synthetic: WTI * USD/INR (no real MCX data),SYNTHETIC_MCX,INR,MCX,MCX Crude Oil Mini Futures,MCX,synthetic,derived_from_wti_fx,UTC,2026-03-31 15:30:00,mcx_close
2026-04-01,8429.4798008,8291.6256068178,8127.4350007422,8209.53030378,10000,83.0,CRUDEOILM-SYNTH,,1d,1440,synthetic_wti_fx,Synthetic: WTI * USD/INR (no real MCX data),SYNTHETIC_MCX,INR,MCX,MCX Crude Oil Mini Futures,MCX,synthetic,derived_from_wti_fx,UTC,2026-04-01 15:30:00,mcx_close
2026-04-02,8209.53030378,9388.960000000001,9203.039999999999,9296.0,10000,83.0,CRUDEOILM-SYNTH,,1d,1440,synthetic_wti_fx,Synthetic: WTI * USD/INR (no real MCX data),SYNTHETIC_MCX,INR,MCX,MCX Crude Oil Mini Futures,MCX,synthetic,derived_from_wti_fx,UTC,2026-04-02 15:30:00,mcx_close
2026-04-03,9296.0,9388.960000000001,9203.039999999999,9296.0,10000,83.0,CRUDEOILM-SYNTH,,1d,1440,synthetic_wti_fx,Synthetic: WTI * USD/INR (no real MCX data),SYNTHETIC_MCX,INR,MCX,MCX Crude Oil Mini Futures,MCX,synthetic,derived_from_wti_fx,UTC,2026-04-03 15:30:00,mcx_close
2026-04-06,9296.0,9440.096350298,9253.163749302,9346.6300498,10000,83.0,CRUDEOILM-SYNTH,,1d,1440,synthetic_wti_fx,Synthetic: WTI * USD/INR (no real MCX data),SYNTHETIC_MCX,INR,MCX,MCX Crude Oil Mini Futures,MCX,synthetic,derived_from_wti_fx,UTC,2026-04-06 15:30:00,mcx_close
2026-04-07,9346.6300498,9249.801889829001,9066.637495971,9158.2196929,10000,83.0,CRUDEOILM-SYNTH,,1d,1440,synthetic_wti_fx,Synthetic: WTI * USD/INR (no real MCX data),SYNTHETIC_MCX,INR,MCX,MCX Crude Oil Mini Futures,MCX,synthetic,derived_from_wti_fx,UTC,2026-04-07 15:30:00,mcx_close
2026-04-08,9158.2196929,8089.595,7929.405,8009.5,10000,83.0,CRUDEOILM-SYNTH,,1d,1440,synthetic_wti_fx,Synthetic: WTI * USD/INR (no real MCX data),SYNTHETIC_MCX,INR,MCX,MCX Crude Oil Mini Futures,MCX,synthetic,derived_from_wti_fx,UTC,2026-04-08 15:30:00,mcx_close
2026-04-09,8009.5,8213.663681668799,8051.016876091199,8132.3402788799995,10000,83.0,CRUDEOILM-SYNTH,,1d,1440,synthetic_wti_fx,Synthetic: WTI * USD/INR (no real MCX data),SYNTHETIC_MCX,INR,MCX,MCX Crude Oil Mini Futures,MCX,synthetic,derived_from_wti_fx,UTC,2026-04-09 15:30:00,mcx_close
2026-04-10,8132.3402788799995,8095.4630740127,7935.156874527301,8015.309974270001,10000,83.0,CRUDEOILM-SYNTH,,1d,1440,synthetic_wti_fx,Synthetic: WTI * USD/INR (no real MCX data),SYNTHETIC_MCX,INR,MCX,MCX Crude Oil Mini Futures,MCX,synthetic,derived_from_wti_fx,UTC,2026-04-10 15:30:00,mcx_close
2026-04-13,8015.309974270001,8216.1784793962,8053.4818758438,8134.83017762,10000,83.0,CRUDEOILM-SYNTH,,1d,1440,synthetic_wti_fx,Synthetic: WTI * USD/INR (no real MCX data),SYNTHETIC_MCX,INR,MCX,MCX Crude Oil Mini Futures,MCX,synthetic,derived_from_wti_fx,UTC,2026-04-13 15:30:00,mcx_close
2026-04-14,8134.83017762,7718.228074012701,7565.3918745273,7641.809974270001,10000,83.0,CRUDEOILM-SYNTH,,1d,1440,synthetic_wti_fx,Synthetic: WTI * USD/INR (no real MCX data),SYNTHETIC_MCX,INR,MCX,MCX Crude Oil Mini Futures,MCX,synthetic,derived_from_wti_fx,UTC,2026-04-14 15:30:00,mcx_close
2026-04-15,7641.809974270001,7661.2236488637,7509.516249876299,7585.36994937,10000,83.0,CRUDEOILM-SYNTH,,1d,1440,synthetic_wti_fx,Synthetic: WTI * USD/INR (no real MCX data),SYNTHETIC_MCX,INR,MCX,MCX Crude Oil Mini Futures,MCX,synthetic,derived_from_wti_fx,UTC,2026-04-15 15:30:00,mcx_close
2026-04-16,7585.36994937,7515.3596282599,7366.5406257201,7440.95012699,10000,83.0,CRUDEOILM-SYNTH,,1d,1440,synthetic_wti_fx,Synthetic: WTI * USD/INR (no real MCX data),SYNTHETIC_MCX,INR,MCX,MCX Crude Oil Mini Futures,MCX,synthetic,derived_from_wti_fx,UTC,2026-04-16 15:30:00,mcx_close
2026-04-17,7440.95012699,6923.5193931822,6786.4199992578,6854.96969622,10000,83.0,CRUDEOILM-SYNTH,,1d,1440,synthetic_wti_fx,Synthetic: WTI * USD/INR (no real MCX data),SYNTHETIC_MCX,INR,MCX,MCX Crude Oil Mini Futures,MCX,synthetic,derived_from_wti_fx,UTC,2026-04-17 15:30:00,mcx_close
2026-04-20,6854.96969622,7200.158648863699,7057.5812498763,7128.86994937,10000,83.0,CRUDEOILM-SYNTH,,1d,1440,synthetic_wti_fx,Synthetic: WTI * USD/INR (no real MCX data),SYNTHETIC_MCX,INR,MCX,MCX Crude Oil Mini Futures,MCX,synthetic,derived_from_wti_fx,UTC,2026-04-20 15:30:00,mcx_close
2026-04-21,7128.86994937,7563.1427022726,7413.377500247399,7488.26010126,10000,83.0,CRUDEOILM-SYNTH,,1d,1440,synthetic_wti_fx,Synthetic: WTI * USD/INR (no real MCX data),SYNTHETIC_MCX,INR,MCX,MCX Crude Oil Mini Futures,MCX,synthetic,derived_from_wti_fx,UTC,2026-04-21 15:30:00,mcx_close
2026-04-22,7488.26010126,7785.2923305325,7631.1281259675,7708.21022825,10000,83.0,CRUDEOILM-SYNTH,,1d,1440,synthetic_wti_fx,Synthetic: WTI * USD/INR (no real MCX data),SYNTHETIC_MCX,INR,MCX,MCX Crude Oil Mini Futures,MCX,synthetic,derived_from_wti_fx,UTC,2026-04-22 15:30:00,mcx_close
2026-04-23,7708.21022825,8131.51,7970.49,8051.0,10000,83.0,CRUDEOILM-SYNTH,,1d,1440,synthetic_wti_fx,Synthetic: WTI * USD/INR (no real MCX data),SYNTHETIC_MCX,INR,MCX,MCX Crude Oil Mini Futures,MCX,synthetic,derived_from_wti_fx,UTC,2026-04-23 15:30:00,mcx_close
2026-04-24,8051.0,7913.5521282599,7756.8481257201,7835.20012699,10000,83.0,CRUDEOILM-SYNTH,,1d,1440,synthetic_wti_fx,Synthetic: WTI * USD/INR (no real MCX data),SYNTHETIC_MCX,INR,MCX,MCX Crude Oil Mini Futures,MCX,synthetic,derived_from_wti_fx,UTC,2026-04-24 15:30:00,mcx_close
2026-04-27,7835.20012699,8104.6844259873,7944.195625472699,8024.440025729999,10000,83.0,CRUDEOILM-SYNTH,,1d,1440,synthetic_wti_fx,Synthetic: WTI * USD/INR (no real MCX data),SYNTHETIC_MCX,INR,MCX,MCX Crude Oil Mini Futures,MCX,synthetic,derived_from_wti_fx,UTC,2026-04-27 15:30:00,mcx_close
2026-04-28,8024.440025729999,8351.1448305325,8185.7756259675,8268.46022825,10000,83.0,CRUDEOILM-SYNTH,,1d,1440,synthetic_wti_fx,Synthetic: WTI * USD/INR (no real MCX data),SYNTHETIC_MCX,INR,MCX,MCX Crude Oil Mini Futures,MCX,synthetic,derived_from_wti_fx,UTC,2026-04-28 15:30:00,mcx_close
2026-04-29,8268.46022825,9094.716523957,8914.623127443001,9004.6698257,10000,83.0,CRUDEOILM-SYNTH,,1d,1440,synthetic_wti_fx,Synthetic: WTI * USD/INR (no real MCX data),SYNTHETIC_MCX,INR,MCX,MCX Crude Oil Mini Futures,MCX,synthetic,derived_from_wti_fx,UTC,2026-04-29 15:30:00,mcx_close
2026-04-30,9004.6698257,8836.520610171,8661.540004029,8749.0303071,10000,83.0,CRUDEOILM-SYNTH,,1d,1440,synthetic_wti_fx,Synthetic: WTI * USD/INR (no real MCX data),SYNTHETIC_MCX,INR,MCX,MCX Crude Oil Mini Futures,MCX,synthetic,derived_from_wti_fx,UTC,2026-04-30 15:30:00,mcx_close
2026-05-01,8749.0303071,8545.630401192,8376.409997208,8461.0201992,10000,83.0,CRUDEOILM-SYNTH,,1d,1440,synthetic_wti_fx,Synthetic: WTI * USD/INR (no real MCX data),SYNTHETIC_MCX,INR,MCX,MCX Crude Oil Mini Futures,MCX,synthetic,derived_from_wti_fx,UTC,2026-05-01 15:30:00,mcx_close
2026-05-04,8461.0201992,8813.886149702,8639.353750698,8726.6199502,10000,83.0,CRUDEOILM-SYNTH,,1d,1440,synthetic_wti_fx,Synthetic: WTI * USD/INR (no real MCX data),SYNTHETIC_MCX,INR,MCX,MCX Crude Oil Mini Futures,MCX,synthetic,derived_from_wti_fx,UTC,2026-05-04 15:30:00,mcx_close
2026-05-05,8726.6199502,8607.664425149002,8437.215624651,8522.440024900001,10000,83.0,CRUDEOILM-SYNTH,,1d,1440,synthetic_wti_fx,Synthetic: WTI * USD/INR (no real MCX data),SYNTHETIC_MCX,INR,MCX,MCX Crude Oil Mini Futures,MCX,synthetic,derived_from_wti_fx,UTC,2026-05-05 15:30:00,mcx_close
2026-05-06,8522.440024900001,8065.2842228764,7905.5756244036,7985.42992364,10000,83.0,CRUDEOILM-SYNTH,,1d,1440,synthetic_wti_fx,Synthetic: WTI * USD/INR (no real MCX data),SYNTHETIC_MCX,INR,MCX,MCX Crude Oil Mini Futures,MCX,synthetic,derived_from_wti_fx,UTC,2026-05-06 15:30:00,mcx_close
2026-05-07,7985.42992364,8186.8381068178005,8024.7225007422,8105.78030378,10000,83.0,CRUDEOILM-SYNTH,,1d,1440,synthetic_wti_fx,Synthetic: WTI * USD/INR (no real MCX data),SYNTHETIC_MCX,INR,MCX,MCX Crude Oil Mini Futures,MCX,synthetic,derived_from_wti_fx,UTC,2026-05-07 15:30:00,mcx_close
2026-05-08,8105.78030378,7996.5436488637,7838.1962498763,7917.36994937,10000,83.0,CRUDEOILM-SYNTH,,1d,1440,synthetic_wti_fx,Synthetic: WTI * USD/INR (no real MCX data),SYNTHETIC_MCX,INR,MCX,MCX Crude Oil Mini Futures,MCX,synthetic,derived_from_wti_fx,UTC,2026-05-08 15:30:00,mcx_close
2026-05-11,7917.36994937,8236.2975,8073.2025,8154.75,10000,83.0,CRUDEOILM-SYNTH,,1d,1440,synthetic_wti_fx,Synthetic: WTI * USD/INR (no real MCX data),SYNTHETIC_MCX,INR,MCX,MCX Crude Oil Mini Futures,MCX,synthetic,derived_from_wti_fx,UTC,2026-05-11 15:30:00,mcx_close
2026-05-12,8154.75,8554.851755828855,8385.448750762938,8470.150253295897,10000,83.0,CRUDEOILM-SYNTH,,1d,1440,synthetic_wti_fx,Synthetic: WTI * USD/INR (no real MCX data),SYNTHETIC_MCX,INR,MCX,MCX Crude Oil Mini Futures,MCX,synthetic,derived_from_wti_fx,UTC,2026-05-12 15:30:00,mcx_close
2026-05-13,8470.150253295897,8466.83,8299.17,8383.0,10000,83.0,CRUDEOILM-SYNTH,,1d,1440,synthetic_wti_fx,Synthetic: WTI * USD/INR (no real MCX data),SYNTHETIC_MCX,INR,MCX,MCX Crude Oil Mini Futures,MCX,synthetic,derived_from_wti_fx,UTC,2026-05-13 15:30:00,mcx_close
2026-05-14,8383.0,8552.336318588257,8382.983124160766,8467.659721374512,10000,83.0,CRUDEOILM-SYNTH,,1d,1440,synthetic_wti_fx,Synthetic: WTI * USD/INR (no real MCX data),SYNTHETIC_MCX,INR,MCX,MCX Crude Oil Mini Futures,MCX,synthetic,derived_from_wti_fx,UTC,2026-05-14 15:30:00,mcx_close
2026-05-15,8467.659721374512,8468.506318588257,8300.813124160766,8384.659721374512,10000,83.0,CRUDEOILM-SYNTH,,1d,1440,synthetic_wti_fx,Synthetic: WTI * USD/INR (no real MCX data),SYNTHETIC_MCX,INR,MCX,MCX Crude Oil Mini Futures,MCX,synthetic,derived_from_wti_fx,UTC,2026-05-15 15:30:00,mcx_close
2026-05-18,8384.659721374512,8591.736520919798,8421.60312446594,8506.66982269287,10000,83.0,CRUDEOILM-SYNTH,,1d,1440,synthetic_wti_fx,Synthetic: WTI * USD/INR (no real MCX data),SYNTHETIC_MCX,INR,MCX,MCX Crude Oil Mini Futures,MCX,synthetic,derived_from_wti_fx,UTC,2026-05-18 15:30:00,mcx_close
2026-05-19,8506.66982269287,8720.834797668458,8548.144999694827,8634.489898681642,10000,83.0,CRUDEOILM-SYNTH,,1d,1440,synthetic_wti_fx,Synthetic: WTI * USD/INR (no real MCX data),SYNTHETIC_MCX,INR,MCX,MCX Crude Oil Mini Futures,MCX,synthetic,derived_from_wti_fx,UTC,2026-05-19 15:30:00,mcx_close
2026-05-20,8634.489898681642,8305.876553497315,8141.403750457764,8223.640151977539,10000,83.0,CRUDEOILM-SYNTH,,1d,1440,synthetic_wti_fx,Synthetic: WTI * USD/INR (no real MCX data),SYNTHETIC_MCX,INR,MCX,MCX Crude Oil Mini Futures,MCX,synthetic,derived_from_wti_fx,UTC,2026-05-20 15:30:00,mcx_close
2026-05-21,8223.640151977539,8215.34,8052.66,8134.0,10000,83.0,CRUDEOILM-SYNTH,,1d,1440,synthetic_wti_fx,Synthetic: WTI * USD/INR (no real MCX data),SYNTHETIC_MCX,INR,MCX,MCX Crude Oil Mini Futures,MCX,synthetic,derived_from_wti_fx,UTC,2026-05-21 15:30:00,mcx_close
2026-05-22,8134.0,8097.977872085571,7937.6218746185305,8017.799873352051,10000,83.0,CRUDEOILM-SYNTH,,1d,1440,synthetic_wti_fx,Synthetic: WTI * USD/INR (no real MCX data),SYNTHETIC_MCX,INR,MCX,MCX Crude Oil Mini Futures,MCX,synthetic,derived_from_wti_fx,UTC,2026-05-22 15:30:00,mcx_close
2026-05-25,8017.799873352051,8097.977872085571,7937.6218746185305,8017.799873352051,10000,83.0,CRUDEOILM-SYNTH,,1d,1440,synthetic_wti_fx,Synthetic: WTI * USD/INR (no real MCX data),SYNTHETIC_MCX,INR,MCX,MCX Crude Oil Mini Futures,MCX,synthetic,derived_from_wti_fx,UTC,2026-05-25 15:30:00,mcx_close
2026-05-26,8017.799873352051,7843.973074417115,7688.646874923706,7766.30997467041,10000,83.0,CRUDEOILM-SYNTH,,1d,1440,synthetic_wti_fx,Synthetic: WTI * USD/INR (no real MCX data),SYNTHETIC_MCX,INR,MCX,MCX Crude Oil Mini Futures,MCX,synthetic,derived_from_wti_fx,UTC,2026-05-26 15:30:00,mcx_close
2026-05-27,7766.30997467041,7427.337872085572,7280.26187461853,7353.799873352051,10000,83.0,CRUDEOILM-SYNTH,,1d,1440,synthetic_wti_fx,Synthetic: WTI * USD/INR (no real MCX data),SYNTHETIC_MCX,INR,MCX,MCX Crude Oil Mini Futures,MCX,synthetic,derived_from_wti_fx,UTC,2026-05-27 15:30:00,mcx_close
2026-05-28,7353.799873352051,7421.469797668457,7274.509999694824,7347.989898681641,10000,83.0,CRUDEOILM-SYNTH,,1d,1440,synthetic_wti_fx,Synthetic: WTI * USD/INR (no real MCX data),SYNTHETIC_MCX,INR,MCX,MCX Crude Oil Mini Futures,MCX,synthetic,derived_from_wti_fx,UTC,2026-05-28 15:30:00,mcx_close
2026-05-29,7347.989898681641,7323.3888511363,7178.3712501237005,7250.88005063,10000,83.0,CRUDEOILM-SYNTH,,1d,1440,synthetic_wti_fx,Synthetic: WTI * USD/INR (no real MCX data),SYNTHETIC_MCX,INR,MCX,MCX Crude Oil Mini Futures,MCX,synthetic,derived_from_wti_fx,UTC,2026-05-29 15:30:00,mcx_close
2026-06-01,7250.88005063,7751.7602022726,7598.2600002474,7675.01010126,10000,83.0,CRUDEOILM-SYNTH,,1d,1440,synthetic_wti_fx,Synthetic: WTI * USD/INR (no real MCX data),SYNTHETIC_MCX,INR,MCX,MCX Crude Oil Mini Futures,MCX,synthetic,derived_from_wti_fx,UTC,2026-06-01 15:30:00,mcx_close
2026-06-02,7675.01010126,7828.8836488637,7673.856249876299,7751.36994937,10000,83.0,CRUDEOILM-SYNTH,,1d,1440,synthetic_wti_fx,Synthetic: WTI * USD/INR (no real MCX data),SYNTHETIC_MCX,INR,MCX,MCX Crude Oil Mini Futures,MCX,synthetic,derived_from_wti_fx,UTC,2026-06-02 15:30:00,mcx_close
2026-06-03,7751.36994937,8064.4457443185,7904.7537493815,7984.59974685,10000,83.0,CRUDEOILM-SYNTH,,1d,1440,synthetic_wti_fx,Synthetic: WTI * USD/INR (no real MCX data),SYNTHETIC_MCX,INR,MCX,MCX Crude Oil Mini Futures,MCX,synthetic,derived_from_wti_fx,UTC,2026-06-03 15:30:00,mcx_close
2026-06-04,7984.59974685,7788.6456068178,7634.4150007422,7711.53030378,10000,83.0,CRUDEOILM-SYNTH,,1d,1440,synthetic_wti_fx,Synthetic: WTI * USD/INR (no real MCX data),SYNTHETIC_MCX,INR,MCX,MCX Crude Oil Mini Futures,MCX,synthetic,derived_from_wti_fx,UTC,2026-06-04 15:30:00,mcx_close
2026-06-05,7711.53030378,7589.9682771236,7439.671875596399,7514.82007636,10000,83.0,CRUDEOILM-SYNTH,,1d,1440,synthetic_wti_fx,Synthetic: WTI * USD/INR (no real MCX data),SYNTHETIC_MCX,INR,MCX,MCX Crude Oil Mini Futures,MCX,synthetic,derived_from_wti_fx,UTC,2026-06-05 15:30:00,mcx_close
2026-06-08,7514.82007636,7652.0022977274,7500.4774997526,7576.23989874,10000,83.0,CRUDEOILM-SYNTH,,1d,1440,synthetic_wti_fx,Synthetic: WTI * USD/INR (no real MCX data),SYNTHETIC_MCX,INR,MCX,MCX Crude Oil Mini Futures,MCX,synthetic,derived_from_wti_fx,UTC,2026-06-08 15:30:00,mcx_close
2026-06-09,7576.23989874,7435.7207443185,7288.4787493815,7362.09974685,10000,83.0,CRUDEOILM-SYNTH,,1d,1440,synthetic_wti_fx,Synthetic: WTI * USD/INR (no real MCX data),SYNTHETIC_MCX,INR,MCX,MCX Crude Oil Mini Futures,MCX,synthetic,derived_from_wti_fx,UTC,2026-06-09 15:30:00,mcx_close
2026-06-10,7362.09974685,7699.7853717401,7547.314374279899,7623.54987301,10000,83.0,CRUDEOILM-SYNTH,,1d,1440,synthetic_wti_fx,Synthetic: WTI * USD/INR (no real MCX data),SYNTHETIC_MCX,INR,MCX,MCX Crude Oil Mini Futures,MCX,synthetic,derived_from_wti_fx,UTC,2026-06-10 15:30:00,mcx_close
2026-06-11,7623.54987301,7244.5884465910995,7101.1312496289,7172.85984811,10000,83.0,CRUDEOILM-SYNTH,,1d,1440,synthetic_wti_fx,Synthetic: WTI * USD/INR (no real MCX data),SYNTHETIC_MCX,INR,MCX,MCX Crude Oil Mini Futures,MCX,synthetic,derived_from_wti_fx,UTC,2026-06-11 15:30:00,mcx_close
2026-06-12,7172.85984811,7115.4901694675,6974.5893740325,7045.03977175,10000,83.0,CRUDEOILM-SYNTH,,1d,1440,synthetic_wti_fx,Synthetic: WTI * USD/INR (no real MCX data),SYNTHETIC_MCX,INR,MCX,MCX Crude Oil Mini Futures,MCX,synthetic,derived_from_wti_fx,UTC,2026-06-12 15:30:00,mcx_close
2026-06-15,7045.03977175,6803.643106817801,6668.9175007422,6736.28030378,10000,83.0,CRUDEOILM-SYNTH,,1d,1440,synthetic_wti_fx,Synthetic: WTI * USD/INR (no real MCX data),SYNTHETIC_MCX,INR,MCX,MCX Crude Oil Mini Futures,MCX,synthetic,derived_from_wti_fx,UTC,2026-06-15 15:30:00,mcx_close
2026-06-16,6736.28030378,6356.8290534089,6230.9512503711,6293.89015189,10000,83.0,CRUDEOILM-SYNTH,,1d,1440,synthetic_wti_fx,Synthetic: WTI * USD/INR (no real MCX data),SYNTHETIC_MCX,INR,MCX,MCX Crude Oil Mini Futures,MCX,synthetic,derived_from_wti_fx,UTC,2026-06-16 15:30:00,mcx_close
2026-06-17,6293.89015189,6288.0884793962,6163.5718758438,6225.83017762,10000,83.0,CRUDEOILM-SYNTH,,1d,1440,synthetic_wti_fx,Synthetic: WTI * USD/INR (no real MCX data),SYNTHETIC_MCX,INR,MCX,MCX Crude Oil Mini Futures,MCX,synthetic,derived_from_wti_fx,UTC,2026-06-17 15:30:00,mcx_close
2026-06-18,6225.83017762,6330.8413183312005,6205.478123908801,6268.1597211200005,10000,83.0,CRUDEOILM-SYNTH,,1d,1440,synthetic_wti_fx,Synthetic: WTI * USD/INR (no real MCX data),SYNTHETIC_MCX,INR,MCX,MCX Crude Oil Mini Futures,MCX,synthetic,derived_from_wti_fx,UTC,2026-06-18 15:30:00,mcx_close
2026-06-19,6268.1597211200005,6309.0459793962,6184.114375843799,6246.58017762,10000,83.0,CRUDEOILM-SYNTH,,1d,1440,synthetic_wti_fx,Synthetic: WTI * USD/INR (no real MCX data),SYNTHETIC_MCX,INR,MCX,MCX Crude Oil Mini Futures,MCX,synthetic,derived_from_wti_fx,UTC,2026-06-19 15:30:00,mcx_close
2026-06-22,6246.58017762,6416.3482771235995,6289.2918755964,6352.82007636,10000,83.0,CRUDEOILM-SYNTH,,1d,1440,synthetic_wti_fx,Synthetic: WTI * USD/INR (no real MCX data),SYNTHETIC_MCX,INR,MCX,MCX Crude Oil Mini Futures,MCX,synthetic,derived_from_wti_fx,UTC,2026-06-22 15:30:00,mcx_close
2026-06-23,6352.82007636,6123.7817556815,6002.5187506185,6063.15025315,10000,83.0,CRUDEOILM-SYNTH,,1d,1440,synthetic_wti_fx,Synthetic: WTI * USD/INR (no real MCX data),SYNTHETIC_MCX,INR,MCX,MCX Crude Oil Mini Futures,MCX,synthetic,derived_from_wti_fx,UTC,2026-06-23 15:30:00,mcx_close
2026-06-24,6063.15025315,5857.2023305325,5741.2181259675,5799.21022825,10000,83.0,CRUDEOILM-SYNTH,,1d,1440,synthetic_wti_fx,Synthetic: WTI * USD/INR (no real MCX data),SYNTHETIC_MCX,INR,MCX,MCX Crude Oil Mini Futures,MCX,synthetic,derived_from_wti_fx,UTC,2026-06-24 15:30:00,mcx_close
2026-06-25,5799.21022825,5991.3302022726,5872.690000247399,5932.01010126,10000,83.0,CRUDEOILM-SYNTH,,1d,1440,synthetic_wti_fx,Synthetic: WTI * USD/INR (no real MCX data),SYNTHETIC_MCX,INR,MCX,MCX Crude Oil Mini Futures,MCX,synthetic,derived_from_wti_fx,UTC,2026-06-25 15:30:00,mcx_close
2026-06-26,5932.01010126,5803.5511816687995,5688.629376091199,5746.0902788799995,10000,83.0,CRUDEOILM-SYNTH,,1d,1440,synthetic_wti_fx,Synthetic: WTI * USD/INR (no real MCX data),SYNTHETIC_MCX,INR,MCX,MCX Crude Oil Mini Futures,MCX,synthetic,derived_from_wti_fx,UTC,2026-06-26 15:30:00,mcx_close
2026-06-29,5746.0902788799995,5903.3084465911,5786.4112496289,5844.85984811,10000,83.0,CRUDEOILM-SYNTH,,1d,1440,synthetic_wti_fx,Synthetic: WTI * USD/INR (no real MCX data),SYNTHETIC_MCX,INR,MCX,MCX Crude Oil Mini Futures,MCX,synthetic,derived_from_wti_fx,UTC,2026-06-29 15:30:00,mcx_close
2026-06-30,5844.85984811,5870.6147977274,5754.3649997526,5812.48989874,10000,83.0,CRUDEOILM-SYNTH,,1d,1440,synthetic_wti_fx,Synthetic: WTI * USD/INR (no real MCX data),SYNTHETIC_MCX,INR,MCX,MCX Crude Oil Mini Futures,MCX,synthetic,derived_from_wti_fx,UTC,2026-06-30 15:30:00,mcx_close
2026-07-01,5812.48989874,5707.9843931822,5594.9549992577995,5651.46969622,10000,83.0,CRUDEOILM-SYNTH,,1d,1440,synthetic_wti_fx,Synthetic: WTI * USD/INR (no real MCX data),SYNTHETIC_MCX,INR,MCX,MCX Crude Oil Mini Futures,MCX,synthetic,derived_from_wti_fx,UTC,2026-07-01 15:30:00,mcx_close
2026-07-02,5651.46969622,5739.0017228764,5625.3581244036,5682.17992364,10000,83.0,CRUDEOILM-SYNTH,,1d,1440,synthetic_wti_fx,Synthetic: WTI * USD/INR (no real MCX data),SYNTHETIC_MCX,INR,MCX,MCX Crude Oil Mini Futures,MCX,synthetic,derived_from_wti_fx,UTC,2026-07-02 15:30:00,mcx_close
2026-07-03,5682.17992364,5785.1084793962,5670.551875843799,5727.83017762,10000,83.0,CRUDEOILM-SYNTH,,1d,1440,synthetic_wti_fx,Synthetic: WTI * USD/INR (no real MCX data),SYNTHETIC_MCX,INR,MCX,MCX Crude Oil Mini Futures,MCX,synthetic,derived_from_wti_fx,UTC,2026-07-03 15:30:00,mcx_close
2026-07-06,5727.83017762,5765.8272977274,5651.6524997526,5708.73989874,10000,83.0,CRUDEOILM-SYNTH,,1d,1440,synthetic_wti_fx,Synthetic: WTI * USD/INR (no real MCX data),SYNTHETIC_MCX,INR,MCX,MCX Crude Oil Mini Futures,MCX,synthetic,derived_from_wti_fx,UTC,2026-07-06 15:30:00,mcx_close
2026-07-07,5708.73989874,6052.5257443185,5932.6737493815,5992.59974685,10000,83.0,CRUDEOILM-SYNTH,,1d,1440,synthetic_wti_fx,Synthetic: WTI * USD/INR (no real MCX data),SYNTHETIC_MCX,INR,MCX,MCX Crude Oil Mini Futures,MCX,synthetic,derived_from_wti_fx,UTC,2026-07-07 15:30:00,mcx_close
2026-07-08,5992.59974685,6164.0197977274,6041.9599997526,6102.98989874,10000,83.0,CRUDEOILM-SYNTH,,1d,1440,synthetic_wti_fx,Synthetic: WTI * USD/INR (no real MCX data),SYNTHETIC_MCX,INR,MCX,MCX Crude Oil Mini Futures,MCX,synthetic,derived_from_wti_fx,UTC,2026-07-08 15:30:00,mcx_close
2026-07-09,6102.98989874,6019.832095454801,5900.6274995052,5960.22979748,10000,83.0,CRUDEOILM-SYNTH,,1d,1440,synthetic_wti_fx,Synthetic: WTI * USD/INR (no real MCX data),SYNTHETIC_MCX,INR,MCX,MCX Crude Oil Mini Futures,MCX,synthetic,derived_from_wti_fx,UTC,2026-07-09 15:30:00,mcx_close
2026-07-10,5960.22979748,5986.3006068178,5867.760000742201,5927.03030378,10000,83.0,CRUDEOILM-SYNTH,,1d,1440,synthetic_wti_fx,Synthetic: WTI * USD/INR (no real MCX data),SYNTHETIC_MCX,INR,MCX,MCX Crude Oil Mini Futures,MCX,synthetic,derived_from_wti_fx,UTC,2026-07-10 15:30:00,mcx_close
2026-07-13,5927.03030378,6538.74,6409.26,6474.0,10000,83.0,CRUDEOILM-SYNTH,,1d,1440,synthetic_wti_fx,Synthetic: WTI * USD/INR (no real MCX data),SYNTHETIC_MCX,INR,MCX,MCX Crude Oil Mini Futures,MCX,synthetic,derived_from_wti_fx,UTC,2026-07-13 15:30:00,mcx_close
2026-07-14,6474.0,6692.1490534089,6559.631250371101,6625.89015189,10000,83.0,CRUDEOILM-SYNTH,,1d,1440,synthetic_wti_fx,Synthetic: WTI * USD/INR (no real MCX data),SYNTHETIC_MCX,INR,MCX,MCX Crude Oil Mini Futures,MCX,synthetic,derived_from_wti_fx,UTC,2026-07-14 15:30:00,mcx_close
2026-07-15,6625.89015189,6726.5190206038005,6593.3206241562,6659.91982238,10000,83.0,CRUDEOILM-SYNTH,,1d,1440,synthetic_wti_fx,Synthetic: WTI * USD/INR (no real MCX data),SYNTHETIC_MCX,INR,MCX,MCX Crude Oil Mini Futures,MCX,synthetic,derived_from_wti_fx,UTC,2026-07-15 15:30:00,mcx_close
2026-07-16,6659.91982238,6613.3486488637,6482.391249876299,6547.86994937,10000,83.0,CRUDEOILM-SYNTH,,1d,1440,synthetic_wti_fx,Synthetic: WTI * USD/INR (no real MCX data),SYNTHETIC_MCX,INR,MCX,MCX Crude Oil Mini Futures,MCX,synthetic,derived_from_wti_fx,UTC,2026-07-16 15:30:00,mcx_close
2026-07-17,6547.86994937,6855.6172977274,6719.8624997526,6787.73989874,10000,83.0,CRUDEOILM-SYNTH,,1d,1440,synthetic_wti_fx,Synthetic: WTI * USD/INR (no real MCX data),SYNTHETIC_MCX,INR,MCX,MCX Crude Oil Mini Futures,MCX,synthetic,derived_from_wti_fx,UTC,2026-07-17 15:30:00,mcx_close
2026-07-20,6787.73989874,6909.2684465911,6772.4512496289,6840.85984811,10000,83.0,CRUDEOILM-SYNTH,,1d,1440,synthetic_wti_fx,Synthetic: WTI * USD/INR (no real MCX data),SYNTHETIC_MCX,INR,MCX,MCX Crude Oil Mini Futures,MCX,synthetic,derived_from_wti_fx,UTC,2026-07-20 15:30:00,mcx_close
2026-07-21,6840.85984811,7086.9882771236,6946.6518755964,7016.82007636,10000,83.0,CRUDEOILM-SYNTH,,1d,1440,synthetic_wti_fx,Synthetic: WTI * USD/INR (no real MCX data),SYNTHETIC_MCX,INR,MCX,MCX Crude Oil Mini Futures,MCX,synthetic,derived_from_wti_fx,UTC,2026-07-21 15:30:00,mcx_close
2026-07-22,7016.82007636,7249.6186816688,7106.061876091199,7177.8402788799995,10000,83.0,CRUDEOILM-SYNTH,,1d,1440,synthetic_wti_fx,Synthetic: WTI * USD/INR (no real MCX data),SYNTHETIC_MCX,INR,MCX,MCX Crude Oil Mini Futures,MCX,synthetic,derived_from_wti_fx,UTC,2026-07-22 15:30:00,mcx_close
2026-07-23,7177.8402788799995,7742.538851136301,7589.2212501237,7665.88005063,10000,83.0,CRUDEOILM-SYNTH,,1d,1440,synthetic_wti_fx,Synthetic: WTI * USD/INR (no real MCX data),SYNTHETIC_MCX,INR,MCX,MCX Crude Oil Mini Futures,MCX,synthetic,derived_from_wti_fx,UTC,2026-07-23 15:30:00,mcx_close
2026-07-24,7665.88005063,7486.8570954548,7338.6024995052,7412.72979748,10000,83.0,CRUDEOILM-SYNTH,,1d,1440,synthetic_wti_fx,Synthetic: WTI * USD/INR (no real MCX data),SYNTHETIC_MCX,INR,MCX,MCX Crude Oil Mini Futures,MCX,synthetic,derived_from_wti_fx,UTC,2026-07-24 15:30:00,mcx_close
2026-07-27,7412.72979748,6866.5156068178,6730.5450007422005,6798.53030378,10000,83.0,CRUDEOILM-SYNTH,,1d,1440,synthetic_wti_fx,Synthetic: WTI * USD/INR (no real MCX data),SYNTHETIC_MCX,INR,MCX,MCX Crude Oil Mini Futures,MCX,synthetic,derived_from_wti_fx,UTC,2026-07-27 15:30:00,mcx_close
2026-07-28,6798.53030378,6633.4676694675,6502.1118740325,6567.78977175,10000,83.0,CRUDEOILM-SYNTH,,1d,1440,synthetic_wti_fx,Synthetic: WTI * USD/INR (no real MCX data),SYNTHETIC_MCX,INR,MCX,MCX Crude Oil Mini Futures,MCX,synthetic,derived_from_wti_fx,UTC,2026-07-28 15:30:00,mcx_close
2026-07-29,6567.78977175,7092.0178717400995,6951.5818742799,7021.79987301,10000,83.0,CRUDEOILM-SYNTH,,1d,1440,synthetic_wti_fx,Synthetic: WTI * USD/INR (no real MCX data),SYNTHETIC_MCX,INR,MCX,MCX Crude Oil Mini Futures,MCX,synthetic,derived_from_wti_fx,UTC,2026-07-29 15:30:00,mcx_close
2026-07-30,7021.79987301,7038.366722876401,6898.9931244036,6968.67992364,10000,83.0,CRUDEOILM-SYNTH,,1d,1440,synthetic_wti_fx,Synthetic: WTI * USD/INR (no real MCX data),SYNTHETIC_MCX,INR,MCX,MCX Crude Oil Mini Futures,MCX,synthetic,derived_from_wti_fx,UTC,2026-07-30 15:30:00,mcx_close
2026-07-31,6968.67992364,7097.8859465911,6957.3337496289,7027.60984811,10000,83.0,CRUDEOILM-SYNTH,,1d,1440,synthetic_wti_fx,Synthetic: WTI * USD/INR (no real MCX data),SYNTHETIC_MCX,INR,MCX,MCX Crude Oil Mini Futures,MCX,synthetic,derived_from_wti_fx,UTC,2026-07-31 15:30:00,mcx_close
2026-08-03,7027.60984811,6711.429595454801,6578.5299995052,6644.97979748,10000,83.0,CRUDEOILM-SYNTH,,1d,1440,synthetic_wti_fx,Synthetic: WTI * USD/INR (no real MCX data),SYNTHETIC_MCX,INR,MCX,MCX Crude Oil Mini Futures,MCX,synthetic,derived_from_wti_fx,UTC,2026-08-03 15:30:00,mcx_close
2026-08-04,6644.97979748,6298.9861488637,6174.2537498762995,6236.61994937,10000,83.0,CRUDEOILM-SYNTH,,1d,1440,synthetic_wti_fx,Synthetic: WTI * USD/INR (no real MCX data),SYNTHETIC_MCX,INR,MCX,MCX Crude Oil Mini Futures,MCX,synthetic,derived_from_wti_fx,UTC,2026-08-04 15:30:00,mcx_close
2026-08-05,6236.61994937,6293.956553408901,6169.3237503711,6231.64015189,10000,83.0,CRUDEOILM-SYNTH,,1d,1440,synthetic_wti_fx,Synthetic: WTI * USD/INR (no real MCX data),SYNTHETIC_MCX,INR,MCX,MCX Crude Oil Mini Futures,MCX,synthetic,derived_from_wti_fx,UTC,2026-08-05 15:30:00,mcx_close
2026-08-06,6231.64015189,6558.0211816688,6428.159376091199,6493.0902788799995,10000,83.0,CRUDEOILM-SYNTH,,1d,1440,synthetic_wti_fx,Synthetic: WTI * USD/INR (no real MCX data),SYNTHETIC_MCX,INR,MCX,MCX Crude Oil Mini Futures,MCX,synthetic,derived_from_wti_fx,UTC,2026-08-06 15:30:00,mcx_close
2026-08-07,6493.0902788799995,6553.829425987299,6424.0506254727,6488.940025729999,10000,83.0,CRUDEOILM-SYNTH,,1d,1440,synthetic_wti_fx,Synthetic: WTI * USD/INR (no real MCX data),SYNTHETIC_MCX,INR,MCX,MCX Crude Oil Mini Futures,MCX,synthetic,derived_from_wti_fx,UTC,2026-08-07 15:30:00,mcx_close
2026-08-10,6488.940025729999,6899.2092556815005,6762.5912506184995,6830.90025315,10000,83.0,CRUDEOILM-SYNTH,,1d,1440,synthetic_wti_fx,Synthetic: WTI * USD/INR (no real MCX data),SYNTHETIC_MCX,INR,MCX,MCX Crude Oil Mini Futures,MCX,synthetic,derived_from_wti_fx,UTC,2026-08-10 15:30:00,mcx_close
2026-08-11,6830.90025315,6977.171181668799,6839.0093760912,6908.0902788799995,10000,83.0,CRUDEOILM-SYNTH,,1d,1440,synthetic_wti_fx,Synthetic: WTI * USD/INR (no real MCX data),SYNTHETIC_MCX,INR,MCX,MCX Crude Oil Mini Futures,MCX,synthetic,derived_from_wti_fx,UTC,2026-08-11 15:30:00,mcx_close
2026-08-12,6908.0902788799995,6922.6815534089,6785.5987503711,6854.14015189,10000,83.0,CRUDEOILM-SYNTH,,1d,1440,synthetic_wti_fx,Synthetic: WTI * USD/INR (no real MCX data),SYNTHETIC_MCX,INR,MCX,MCX Crude Oil Mini Futures,MCX,synthetic,derived_from_wti_fx,UTC,2026-08-12 15:30:00,mcx_close
2026-08-13,6854.14015189,6807.8342228764,6673.0256244036,6740.42992364,10000,83.0,CRUDEOILM-SYNTH,,1d,1440,synthetic_wti_fx,Synthetic: WTI * USD/INR (no real MCX data),SYNTHETIC_MCX,INR,MCX,MCX Crude Oil Mini Futures,MCX,synthetic,derived_from_wti_fx,UTC,2026-08-13 15:30:00,mcx_close
2026-08-14,6740.42992364,6907.5921282599,6770.8081257201,6839.20012699,10000,83.0,CRUDEOILM-SYNTH,,1d,1440,synthetic_wti_fx,Synthetic: WTI * USD/INR (no real MCX data),SYNTHETIC_MCX,INR,MCX,MCX Crude Oil Mini Futures,MCX,synthetic,derived_from_wti_fx,UTC,2026-08-14 15:30:00,mcx_close
2026-08-17,6839.20012699,7121.3582443185,6980.3412493815,7050.84974685,10000,83.0,CRUDEOILM-SYNTH,,1d,1440,synthetic_wti_fx,Synthetic: WTI * USD/INR (no real MCX data),SYNTHETIC_MCX,INR,MCX,MCX Crude Oil Mini Futures,MCX,synthetic,derived_from_wti_fx,UTC,2026-08-17 15:30:00,mcx_close
2026-08-18,7050.84974685,7076.9284465911,6936.7912496289,7006.85984811,10000,83.0,CRUDEOILM-SYNTH,,1d,1440,synthetic_wti_fx,Synthetic: WTI * USD/INR (no real MCX data),SYNTHETIC_MCX,INR,MCX,MCX Crude Oil Mini Futures,MCX,synthetic,derived_from_wti_fx,UTC,2026-08-18 15:30:00,mcx_close
2026-08-19,7006.85984811,7064.3538183312,6924.465623908801,6994.4097211200005,10000,83.0,CRUDEOILM-SYNTH,,1d,1440,synthetic_wti_fx,Synthetic: WTI * USD/INR (no real MCX data),SYNTHETIC_MCX,INR,MCX,MCX Crude Oil Mini Futures,MCX,synthetic,derived_from_wti_fx,UTC,2026-08-19 15:30:00,mcx_close
