trade_date_ist,instrument_name,market,contract_expiry_date,source_resolution_used,source_resolution_minutes,open_native,high_native,low_native,close_native,volume,currency_native,open_inr,high_inr,low_inr,close_inr,fx_rate_used,open_time_original,open_time_ist,close_time_original,close_time_ist,prior_trading_day_close_native,prior_trading_day_close_inr,notes_data_quality,did_gap_up,did_gap_down,gap_abs_native,gap_pct_native,gap_abs_inr,gap_pct_inr,extreme_gap_flag,extreme_gap_threshold_method,day_range_abs_native,day_range_pct_native,day_range_abs_inr,day_range_pct_inr,body_abs_native,body_pct_native,body_direction,upper_wick_abs_native,lower_wick_abs_native,close_location_in_range_pct,closed_green,closed_red,inside_day_flag,outside_day_flag,doji_like_flag,intraday_reversal_flag,reversal_strength_score_1_to_5,follow_through_vs_gap_flag,net_day_return_pct,overnight_to_close_return_pct,europe_to_us_return_pct,us_to_settlement_return_pct,max_favorable_excursion_pct,max_adverse_excursion_pct,realized_vol_proxy,day_efficiency_ratio,trendiness_score_1_to_5,whipsaw_score_1_to_5,first_hour_range_inr,europe_open_hour_range_inr,us_open_hour_range_inr,full_day_range_inr,25pct_range_inr,50pct_range_inr,75pct_range_inr,max_up_move_from_open_inr,max_down_move_from_open_inr,max_up_move_from_open_pct,max_down_move_from_open_pct,close_from_open_inr,close_from_open_pct,mfe_inr,mae_inr,mfe_pct,mae_pct,symbol,contract_logic,contract_symbol,rolled_flag,roll_reference,source_name,source_url,source_timezone,coverage_method,data_quality_flags
2026-03-02 00:00:00,Brent Crude Futures,ICE,,1d,1440,77.0,82.11000061,75.79000092,77.73999786,143671,USD,,,,,,2026-03-02 05:00:00+00:00,2026-03-02 10:30:00+05:30,2026-03-02 05:00:00+00:00,2026-03-02 10:30:00+05:30,,,Daily fallback used because no intraday bucket coverage was available for this trade date,False,False,,,,,False,abs_gap_pct_native>=2.0,6.319999695,8.207791811,,,0.739997864,0.961036187,UP,4.370002747,1.209999084,30.85438358,True,False,False,False,False,,,,0.961036187,,,,,,,,2,2,,,,,,,,,,,,,,,,,,,,,,,,,,,
2026-03-03 00:00:00,Brent Crude Futures,ICE,,1d,1440,78.05000305,85.05000305,77.37000275,81.40000153,229556,USD,,,,,,2026-03-03 05:00:00+00:00,2026-03-03 10:30:00+05:30,2026-03-03 05:00:00+00:00,2026-03-03 10:30:00+05:30,77.73999786,,Daily fallback used because no intraday bucket coverage was available for this trade date,True,False,0.310005188,0.398771799,,,False,abs_gap_pct_native>=2.0,7.680000305,9.839846259,,,3.349998474,4.292118313,UP,3.650001526,0.680000305,52.47394035,True,False,False,False,False,,,,4.292118313,4.708005869,,,,,,,2,2,,,,,,,,,,,,,,,,,,,,,,,,,,,
2026-03-04 00:00:00,Brent Crude Futures,ICE,,1d,1440,81.90000153,84.44999695,80.30000305,81.40000153,152390,USD,,,,,,2026-03-04 05:00:00+00:00,2026-03-04 10:30:00+05:30,2026-03-04 05:00:00+00:00,2026-03-04 10:30:00+05:30,81.40000153,,Daily fallback used because no intraday bucket coverage was available for this trade date,True,False,0.5,0.614250603,,,False,abs_gap_pct_native>=2.0,4.149993896,5.06714752,,,0.5,0.610500599,DOWN,2.549995422,1.099998474,26.50602631,False,True,True,False,False,,,,-0.610500599,0.0,,,,,,,2,2,,,,,,,,,,,,,,,,,,,,,,,,,,,
2026-03-05 00:00:00,Brent Crude Futures,ICE,,1d,1440,82.43000031,86.27999878,81.51999664,85.41000366,146018,USD,,,,,,2026-03-05 05:00:00+00:00,2026-03-05 10:30:00+05:30,2026-03-05 05:00:00+00:00,2026-03-05 10:30:00+05:30,81.40000153,,Daily fallback used because no intraday bucket coverage was available for this trade date,True,False,1.029998779,1.265354742,,,False,abs_gap_pct_native>=2.0,4.760002136,5.774599198,,,2.980003357,3.615192704,UP,0.869995117,0.910003662,81.72279986,True,False,False,False,False,,,,3.615192704,4.926292458,,,,,,,2,2,,,,,,,,,,,,,,,,,,,,,,,,,,,
2026-03-06 00:00:00,Brent Crude Futures,ICE,,1d,1440,84.83999634,94.55000305,83.16999817,92.69000244,197523,USD,,,,,,2026-03-06 05:00:00+00:00,2026-03-06 10:30:00+05:30,2026-03-06 05:00:00+00:00,2026-03-06 10:30:00+05:30,85.41000366,,Daily fallback used because no intraday bucket coverage was available for this trade date,False,True,-0.570007324,-0.667377707,,,False,abs_gap_pct_native>=2.0,11.38000488,13.41349054,,,7.850006104,9.252718579,UP,1.86000061,1.669998169,83.65553768,True,False,False,False,False,,,,9.252718579,8.523590291,,,,,,,2,2,,,,,,,,,,,,,,,,,,,,,,,,,,,
2026-03-09 00:00:00,Brent Crude Futures,ICE,,1d,1440,98.36000061,119.4000015,83.87999725,98.95999908,235965,USD,,,,,,2026-03-09 04:00:00+00:00,2026-03-09 09:30:00+05:30,2026-03-09 04:00:00+00:00,2026-03-09 09:30:00+05:30,92.69000244,,Daily fallback used because no intraday bucket coverage was available for this trade date,True,False,5.669998169,6.117162606,,,True,abs_gap_pct_native>=2.0,35.52000427,36.11224487,,,0.599998474,0.610002512,UP,20.44000244,14.48000336,42.454955,True,False,False,False,True,,,,0.610002512,6.764479963,,,,,,,2,2,,,,,,,,,,,,,,,,,,,,,,,,,,,
2026-03-10 00:00:00,Brent Crude Futures,ICE,,1d,1440,92.44999695,95.08000183,81.16000366,87.80000305,144614,USD,,,,,,2026-03-10 04:00:00+00:00,2026-03-10 09:30:00+05:30,2026-03-10 04:00:00+00:00,2026-03-10 09:30:00+05:30,98.95999908,,Daily fallback used because no intraday bucket coverage was available for this trade date,False,True,-6.510002136,-6.578417741,,,True,abs_gap_pct_native>=2.0,13.91999817,15.05678597,,,4.649993896,5.029739373,DOWN,2.630004883,6.63999939,47.70115132,False,True,False,False,False,,,,-5.029739373,-11.27727985,,,,,,,2,2,,,,,,,,,,,,,,,,,,,,,,,,,,,
2026-03-11 00:00:00,Brent Crude Futures,ICE,,1d,1440,91.30000305,93.25,86.31999969,91.98000336,101940,USD,,,,,,2026-03-11 04:00:00+00:00,2026-03-11 09:30:00+05:30,2026-03-11 04:00:00+00:00,2026-03-11 09:30:00+05:30,87.80000305,,Daily fallback used because no intraday bucket coverage was available for this trade date,True,False,3.5,3.986332435,,,True,abs_gap_pct_native>=2.0,6.930000305,7.590361526,,,0.680000305,0.744797681,UP,1.269996643,4.980003357,81.67393092,True,False,True,False,True,,,,0.744797681,4.760820228,,,,,,,2,2,,,,,,,,,,,,,,,,,,,,,,,,,,,
2026-03-12 00:00:00,Brent Crude Futures,ICE,,60m | 15m | 5m,60,93.91000366,98.05000305,91.70999908,97.27999878,74333,USD,,,,,,2026-03-12 07:00:00+00:00,2026-03-12 12:00:00+05:30,2026-03-12 20:30:00+00:00,2026-03-13 02:00:00+05:30,91.98000336,,Yahoo 60m history truncated by provider lookback window | Yahoo 15m history truncated by provider lookback window | Yahoo 5m history truncated by provider lookback window | Yahoo 5m history truncated by provider lookback window | Partial 5m coverage used for 60m bucket because no fuller finer bucket was available,True,False,1.930000305,2.09828249,,,True,abs_gap_pct_native>=2.0,6.340003967,6.751148674,,,3.369995117,3.588536882,UP,0.770004272,2.200004578,87.8548298,True,False,False,False,False,0.0,,,3.588536882,5.762117013,1.824741334,1.354444027,6.391058112,-0.488286198,3.876436969,0.807569702,5,2,,,,,,,,,,6.391058112,-0.488286198,,5.555550037,,,6.391058112,-0.488286198,,,,,,,,,,
2026-03-13 00:00:00,Brent Crude Futures,ICE,,60m | 15m | 5m,60,98.63999939,103.9000015,95.76999664,103.1399994,70400,USD,,,,,,2026-03-12 22:00:00+00:00,2026-03-13 03:00:00+05:30,2026-03-13 20:30:00+00:00,2026-03-14 02:00:00+05:30,97.27999878,,Yahoo 60m history truncated by provider lookback window | Yahoo 15m history truncated by provider lookback window | Yahoo 5m history truncated by provider lookback window | Yahoo 5m history truncated by provider lookback window | Partial 5m coverage used for 60m bucket because no fuller finer bucket was available,True,False,1.36000061,1.398026961,,,False,abs_gap_pct_native>=2.0,8.130004883,8.242097459,,,4.5,4.562043824,UP,0.760002136,2.870002747,90.65188586,True,False,False,False,False,0.0,,,4.562043824,6.023849387,2.031125864,2.149151374,5.332524502,-2.909572957,5.707666891,0.553505203,4,2,,,,,,,,,,5.332524502,-2.909572957,,4.562043824,,,5.332524502,-2.909572957,,,,,,,,,,
2026-03-16 00:00:00,Brent Crude Futures,ICE,,60m | 5m | 15m,60,101.4100037,103.2399979,95.62000275,100.8399963,74936,USD,,,,,,2026-03-15 22:00:00+00:00,2026-03-16 03:00:00+05:30,2026-03-16 20:30:00+00:00,2026-03-17 02:00:00+05:30,103.1399994,,Yahoo 60m history truncated by provider lookback window | Yahoo 5m history truncated by provider lookback window | Yahoo 15m history truncated by provider lookback window | Yahoo 5m history truncated by provider lookback window | Partial 5m coverage used for 60m bucket because no fuller finer bucket was available,False,True,-1.729995728,-1.67732765,,,False,abs_gap_pct_native>=2.0,7.619995117,7.514046782,,,0.570007324,0.562081948,DOWN,1.829994202,5.219993591,68.5038968,False,True,False,False,True,0.0,,,-0.562081948,-2.229981642,2.026958586,0.168866765,1.804549981,-5.709496802,5.382649074,0.074804159,2,5,,,,,,,,,,1.804549981,-5.709496802,,-0.562081948,,,1.804549981,-5.709496802,,,,,,,,,,
2026-03-17 00:00:00,Brent Crude Futures,ICE,,60m | 5m | 15m,60,101.3700027,104.9800034,100.7600021,103.5199966,61618,USD,,,,,,2026-03-16 22:00:00+00:00,2026-03-17 03:00:00+05:30,2026-03-17 20:30:00+00:00,2026-03-18 02:00:00+05:30,100.8399963,,Yahoo 60m history truncated by provider lookback window | Yahoo 5m history truncated by provider lookback window | Yahoo 15m history truncated by provider lookback window | Yahoo 5m history truncated by provider lookback window | Partial 5m coverage used for 60m bucket because no fuller finer bucket was available,True,False,0.530006409,0.52559146,,,False,abs_gap_pct_native>=2.0,4.220001221,4.162968439,,,2.149993896,2.120937001,UP,1.460006714,0.61000061,65.40269451,True,False,False,False,False,1.0,,,2.120937001,2.657675925,-0.76306474,0.759196803,3.561211909,-0.601756529,3.63113318,0.509477079,4,2,,,,,,,,,,3.561211909,-0.601756529,,2.120937001,,,3.561211909,-0.601756529,,,,,,,,,,
2026-03-18 00:00:00,Brent Crude Futures,ICE,,60m | 15m | 5m,60,103.4499969,109.9499969,100.3399963,106.1699982,73151,USD,,,,,,2026-03-17 22:00:00+00:00,2026-03-18 03:00:00+05:30,2026-03-18 20:30:00+00:00,2026-03-19 02:00:00+05:30,103.5199966,,Yahoo 60m history truncated by provider lookback window | Yahoo 15m history truncated by provider lookback window | Yahoo 5m history truncated by provider lookback window | Yahoo 5m history truncated by provider lookback window | Partial 5m coverage used for 60m bucket because no fuller finer bucket was available,False,True,-0.069999695,-0.067619491,,,False,abs_gap_pct_native>=2.0,9.61000061,9.289512706,,,2.720001221,2.629290769,UP,3.779998779,3.11000061,60.66598815,True,False,False,True,False,1.0,,,2.629290769,2.559893365,-0.00959442,1.929718161,6.283228798,-3.006283907,6.012222515,0.283038611,3,4,,,,,,,,,,6.283228798,-3.006283907,,2.629290769,,,6.283228798,-3.006283907,,,,,,,,,,
2026-03-19 00:00:00,Brent Crude Futures,ICE,,60m | 15m | 5m,60,106.0299988,112.0599976,99.62000275,103.0199966,108765,USD,,,,,,2026-03-18 22:00:00+00:00,2026-03-19 03:00:00+05:30,2026-03-19 20:30:00+00:00,2026-03-20 02:00:00+05:30,106.1699982,,Yahoo 60m history truncated by provider lookback window | Yahoo 15m history truncated by provider lookback window | Yahoo 5m history truncated by provider lookback window | Yahoo 5m history truncated by provider lookback window | Partial 5m coverage used for 60m bucket because no fuller finer bucket was available,False,True,-0.13999939,-0.131863419,,,False,abs_gap_pct_native>=2.0,12.43999481,11.73252377,,,3.010002136,2.83882125,DOWN,6.029998779,3.399993896,27.33115205,False,True,False,True,False,0.0,,,-2.83882125,-2.966941302,-3.963616578,-0.425287498,5.687068611,-6.04545516,6.557323679,0.241961687,2,4,,,,,,,,,,5.687068611,-6.04545516,,-2.83882125,,,5.687068611,-6.04545516,,,,,,,,,,
2026-03-20 00:00:00,Brent Crude Futures,ICE,,60m | 5m | 15m,60,103.2099991,107.2900009,100.4800034,106.7699966,51486,USD,,,,,,2026-03-19 22:00:00+00:00,2026-03-20 03:00:00+05:30,2026-03-20 20:30:00+00:00,2026-03-21 02:00:00+05:30,103.0199966,,Yahoo 60m history truncated by provider lookback window | Yahoo 5m history truncated by provider lookback window | Yahoo 15m history truncated by provider lookback window | Yahoo 5m history truncated by provider lookback window | Partial 5m coverage used for 60m bucket because no fuller finer bucket was available,True,False,0.190002441,0.184432584,,,False,abs_gap_pct_native>=2.0,6.809997559,6.598195542,,,3.559997559,3.449275836,UP,0.520004272,2.729995728,92.36410486,True,False,True,False,False,0.0,,,3.449275836,3.640070008,2.561365477,1.002741054,3.953107128,-2.645088414,3.994611418,0.522760475,4,2,,,,,,,,,,3.953107128,-2.645088414,,3.449275836,,,3.953107128,-2.645088414,,,,,,,,,,
2026-03-23 00:00:00,Brent Crude Futures,ICE,,60m | 5m | 15m,60,107.4100037,109.7099991,92.0,100.4899979,92590,USD,,,,,,2026-03-22 22:00:00+00:00,2026-03-23 03:00:00+05:30,2026-03-23 20:30:00+00:00,2026-03-24 02:00:00+05:30,106.7699966,,Yahoo 60m history truncated by provider lookback window | Yahoo 5m history truncated by provider lookback window | Yahoo 15m history truncated by provider lookback window | Yahoo 5m history truncated by provider lookback window | Partial 5m coverage used for 60m bucket because no fuller finer bucket was available,True,False,0.640007019,0.599425905,,,False,abs_gap_pct_native>=2.0,17.70999908,16.48822128,,,6.920005798,6.442608288,DOWN,2.299995422,8.489997864,47.93900792,False,True,False,True,False,0.0,,,-6.442608288,-5.881801046,-0.256868339,-0.465532117,2.141323288,-14.346898,14.03577544,0.390740043,3,3,,,,,,,,,,2.141323288,-14.346898,,-6.442608288,,,2.141323288,-14.346898,,,,,,,,,,
2026-03-24 00:00:00,Brent Crude Futures,ICE,,60m | 15m | 5m,60,100.5,105.0400009,96.95999908,100.0400009,59721,USD,,,,,,2026-03-23 22:00:00+00:00,2026-03-24 03:00:00+05:30,2026-03-24 20:30:00+00:00,2026-03-25 02:00:00+05:30,100.4899979,,Yahoo 60m history truncated by provider lookback window | Yahoo 15m history truncated by provider lookback window | Yahoo 5m history truncated by provider lookback window | Yahoo 5m history truncated by provider lookback window | Partial 5m coverage used for 60m bucket because no fuller finer bucket was available,True,False,0.010002136,0.009953365,,,False,abs_gap_pct_native>=2.0,8.080001831,8.039802817,,,0.459999084,0.457710532,DOWN,4.540000916,3.080001831,38.1188259,False,True,True,False,True,0.0,,,-0.457710532,-0.447802724,2.307843302,-4.377749676,4.517413846,-3.522388971,7.211923956,0.056930567,2,5,,,,,,,,,,4.517413846,-3.522388971,,-0.457710532,,,4.517413846,-3.522388971,,,,,,,,,,
2026-03-25 00:00:00,Brent Crude Futures,ICE,,60m | 5m | 15m,60,99.98999786,100.8799973,93.63999939,98.05000305,50029,USD,,,,,,2026-03-24 22:00:00+00:00,2026-03-25 03:00:00+05:30,2026-03-25 20:30:00+00:00,2026-03-26 02:00:00+05:30,100.0400009,,Yahoo 60m history truncated by provider lookback window | Yahoo 5m history truncated by provider lookback window | Yahoo 15m history truncated by provider lookback window | Yahoo 5m history truncated by provider lookback window | Partial 5m coverage used for 60m bucket because no fuller finer bucket was available,False,True,-0.050003052,-0.049983058,,,False,abs_gap_pct_native>=2.0,7.239997864,7.240722091,,,1.939994812,1.940188872,DOWN,0.88999939,4.410003662,60.91167076,False,True,False,False,False,0.0,,,-1.940188872,-1.989202165,2.604000267,1.155475852,0.890088418,-6.350633673,6.449565567,0.267955164,3,4,,,,,,,,,,0.890088418,-6.350633673,,-1.940188872,,,0.890088418,-6.350633673,,,,,,,,,,
2026-03-26 00:00:00,Brent Crude Futures,ICE,,60m | 15m | 5m,60,97.93000031,102.4800034,97.04000092,101.2600021,53043,USD,,,,,,2026-03-25 22:00:00+00:00,2026-03-26 03:00:00+05:30,2026-03-26 20:30:00+00:00,2026-03-27 02:00:00+05:30,98.05000305,,Yahoo 60m history truncated by provider lookback window | Yahoo 15m history truncated by provider lookback window | Yahoo 5m history truncated by provider lookback window | Yahoo 5m history truncated by provider lookback window | Partial 5m coverage used for 60m bucket because no fuller finer bucket was available,False,True,-0.120002747,-0.122389335,,,False,abs_gap_pct_native>=2.0,5.440002441,5.554990733,,,3.330001831,3.400389891,UP,1.220001221,0.88999939,77.57351704,True,False,False,False,False,1.0,,,3.400389891,3.273838842,-0.039270707,-0.53045275,4.646178942,-0.908811791,3.163491082,0.612132415,4,2,,,,,,,,,,4.646178942,-0.908811791,,3.400389891,,,4.646178942,-0.908811791,,,,,,,,,,
2026-03-27 00:00:00,Brent Crude Futures,ICE,,60m | 15m | 5m,60,100.6600037,106.9599991,99.30000305,106.8399963,51038,USD,,,,,,2026-03-26 22:00:00+00:00,2026-03-27 03:00:00+05:30,2026-03-27 20:30:00+00:00,2026-03-28 02:00:00+05:30,101.2600021,,Yahoo 60m history truncated by provider lookback window | Yahoo 15m history truncated by provider lookback window | Yahoo 5m history truncated by provider lookback window | Yahoo 5m history truncated by provider lookback window | Partial 5m coverage used for 60m bucket because no fuller finer bucket was available,False,True,-0.599998474,-0.592532551,,,False,abs_gap_pct_native>=2.0,7.659996033,7.609771264,,,6.179992676,6.139471936,UP,0.120002747,1.36000061,98.4333837,True,False,False,False,False,0.0,,,6.139471936,5.510561015,0.528696586,2.161019762,6.258687853,-1.35108341,3.092866439,0.806787973,5,2,,,,,,,,,,6.258687853,-1.35108341,,6.139471936,,,6.258687853,-1.35108341,,,,,,,,,,
2026-03-30 00:00:00,Brent Crude Futures,ICE,,60m | 5m,60,108.1999969,109.4499969,106.1399994,108.7900009,52085,USD,,,,,,2026-03-29 22:00:00+00:00,2026-03-30 03:00:00+05:30,2026-03-30 20:30:00+00:00,2026-03-31 02:00:00+05:30,106.8399963,,Yahoo 60m history truncated by provider lookback window | Yahoo 5m history truncated by provider lookback window | Yahoo 5m history truncated by provider lookback window | Partial 5m coverage used for 60m bucket because no fuller finer bucket was available,True,False,1.36000061,1.272932101,,,False,abs_gap_pct_native>=2.0,3.309997559,3.059147553,,,0.590003967,0.545290188,UP,0.659996033,2.059997559,80.06052811,True,False,False,False,False,1.0,,,0.545290188,1.825163464,0.111467827,0.946464048,1.155268055,-1.903879498,3.436420451,0.178249064,2,5,,,,,,,,,,1.155268055,-1.903879498,,0.545290188,,,1.155268055,-1.903879498,,,,,,,,,,
2026-03-31 00:00:00,Brent Crude Futures,ICE,,60m | 15m | 5m,60,108.9899979,110.3199997,102.6800003,103.2799988,65426,USD,,,,,,2026-03-30 22:00:00+00:00,2026-03-31 03:00:00+05:30,2026-03-31 20:30:00+00:00,2026-04-01 02:00:00+05:30,108.7900009,,Yahoo 60m history truncated by provider lookback window | Yahoo 15m history truncated by provider lookback window | Yahoo 5m history truncated by provider lookback window | Yahoo 5m history truncated by provider lookback window | Partial 5m coverage used for 60m bucket because no fuller finer bucket was available,True,False,0.199996948,0.18383762,,,False,abs_gap_pct_native>=2.0,7.63999939,7.009816992,,,5.709999084,5.239012016,DOWN,1.330001831,0.599998474,7.853383797,False,True,False,True,False,0.0,,,-5.239012016,-5.064805671,-2.420105045,-1.101217584,1.220297144,-5.789519848,5.024153539,0.747382139,4,2,,,,,,,,,,1.220297144,-5.789519848,,-5.239012016,,,1.220297144,-5.789519848,,,,,,,,,,
2026-04-01 00:00:00,Brent Crude Futures,ICE,,60m | 5m | 15m,60,103.8199997,105.9000015,98.45999908,100.3000031,58499,USD,,,,,,2026-03-31 22:00:00+00:00,2026-04-01 03:00:00+05:30,2026-04-01 20:30:00+00:00,2026-04-02 02:00:00+05:30,103.2799988,,Yahoo 60m history truncated by provider lookback window | Yahoo 5m history truncated by provider lookback window | Yahoo 15m history truncated by provider lookback window | Yahoo 5m history truncated by provider lookback window | Partial 5m coverage used for 60m bucket because no fuller finer bucket was available,True,False,0.540000916,0.522851396,,,False,abs_gap_pct_native>=2.0,7.440002441,7.16625165,,,3.519996643,3.390480306,DOWN,2.080001831,1.840003967,24.731228,False,True,False,False,False,1.0,,,-3.390480306,-2.885356083,-0.718005056,-0.634039404,2.00346931,-5.162782341,4.754698529,0.473117673,3,3,,,,,,,,,,2.00346931,-5.162782341,,-3.390480306,,,2.00346931,-5.162782341,,,,,,,,,,
2026-04-02 00:00:00,Brent Crude Futures,ICE,,60m | 5m,60,100.3000031,109.7099991,99.01999664,109.0500031,65504,USD,,,,,,2026-04-01 22:00:00+00:00,2026-04-02 03:00:00+05:30,2026-04-02 20:30:00+00:00,2026-04-03 02:00:00+05:30,100.3000031,,Yahoo 60m history truncated by provider lookback window | Yahoo 5m history truncated by provider lookback window | Yahoo 5m history truncated by provider lookback window | Partial 5m coverage used for 60m bucket because no fuller finer bucket was available,False,False,0.0,0.0,,,False,abs_gap_pct_native>=2.0,10.69000244,10.65802803,,,8.75,8.723828249,UP,0.659996033,1.280006409,93.82604413,True,False,False,False,False,0.0,,,8.723828249,8.723828249,-1.035364907,0.962874637,9.381850196,-1.276177836,5.236601828,0.818521796,5,2,,,,,,,,,,9.381850196,-1.276177836,,8.723828249,,,9.381850196,-1.276177836,,,,,,,,,,
2026-04-06 00:00:00,Brent Crude Futures,ICE,,60m | 5m | 15m,60,109.1999969,111.8700027,106.8499985,109.6299973,27060,USD,,,,,,2026-04-05 22:00:00+00:00,2026-04-06 03:00:00+05:30,2026-04-06 20:30:00+00:00,2026-04-07 02:00:00+05:30,109.0500031,,Yahoo 60m history truncated by provider lookback window | Yahoo 5m history truncated by provider lookback window | Yahoo 15m history truncated by provider lookback window | Yahoo 5m history truncated by provider lookback window | Partial 5m coverage used for 60m bucket because no fuller finer bucket was available,True,False,0.149993896,0.137545981,,,False,abs_gap_pct_native>=2.0,5.020004272,4.597073638,,,0.430000305,0.393773184,UP,2.240005493,2.349998474,55.37841461,True,False,False,False,True,0.0,,,0.393773184,0.531860784,1.481822906,-0.571381163,2.445060323,-2.152013315,3.472734357,0.085657358,2,5,,,,,,,,,,2.445060323,-2.152013315,,0.393773184,,,2.445060323,-2.152013315,,,,,,,,,,
2026-04-07 00:00:00,Brent Crude Futures,ICE,,60m | 15m | 5m,60,109.5899963,111.8000031,104.5699997,105.4700012,59836,USD,,,,,,2026-04-06 22:00:00+00:00,2026-04-07 03:00:00+05:30,2026-04-07 20:30:00+00:00,2026-04-08 02:00:00+05:30,109.6299973,,Yahoo 60m history truncated by provider lookback window | Yahoo 15m history truncated by provider lookback window | Yahoo 5m history truncated by provider lookback window | Yahoo 5m history truncated by provider lookback window | Partial 5m coverage used for 60m bucket because no fuller finer bucket was available,False,True,-0.040000916,-0.036487199,,,False,abs_gap_pct_native>=2.0,7.230003357,6.597320557,,,4.119995117,3.759462775,DOWN,2.210006714,0.900001526,12.44814811,False,True,False,False,False,1.0,,,-3.759462775,-3.794578251,-0.135307167,-4.733084552,2.016613548,-4.580707009,4.107982447,0.569846916,4,2,,,,,,,,,,2.016613548,-4.580707009,,-3.759462775,,,2.016613548,-4.580707009,,,,,,,,,,
2026-04-08 00:00:00,Brent Crude Futures,ICE,,60m | 5m,60,103.4000015,104.0,90.01000214,96.26000214,77499,USD,,,,,,2026-04-07 22:00:00+00:00,2026-04-08 03:00:00+05:30,2026-04-08 20:30:00+00:00,2026-04-09 02:00:00+05:30,105.4700012,,Yahoo 60m history truncated by provider lookback window | Yahoo 5m history truncated by provider lookback window | Yahoo 5m history truncated by provider lookback window | Partial 5m coverage used for 60m bucket because no fuller finer bucket was available,False,True,-2.069999695,-1.962643094,,,False,abs_gap_pct_native>=2.0,13.98999786,13.52997839,,,7.13999939,6.905221745,DOWN,0.599998474,6.25,44.67477451,False,True,False,False,False,0.0,,,-6.905221745,-8.732339981,3.54978217,0.606189203,0.580269309,-12.94970908,9.70467332,0.51036458,4,2,,,,,,,,,,0.580269309,-12.94970908,,-6.905221745,,,0.580269309,-12.94970908,,,,,,,,,,
2026-04-09 00:00:00,Brent Crude Futures,ICE,,60m | 5m | 15m,60,96.52999878,99.51999664,94.33999634,96.44000244,49921,USD,,,,,,2026-04-08 22:00:00+00:00,2026-04-09 03:00:00+05:30,2026-04-09 20:30:00+00:00,2026-04-10 02:00:00+05:30,96.26000214,,Yahoo 60m history truncated by provider lookback window | Yahoo 5m history truncated by provider lookback window | Yahoo 15m history truncated by provider lookback window | Yahoo 5m history truncated by provider lookback window | Partial 5m coverage used for 60m bucket because no fuller finer bucket was available,True,False,0.269996643,0.280486845,,,False,abs_gap_pct_native>=2.0,5.180000305,5.366207781,,,0.089996338,0.093231471,DOWN,2.989997864,2.100006104,40.54065598,False,True,True,False,True,1.0,,,-0.093231471,0.186993872,-2.891001991,1.45171988,3.097480474,-2.268727307,3.831136861,0.017373809,2,5,,,,,,,,,,3.097480474,-2.268727307,,-0.093231471,,,3.097480474,-2.268727307,,,,,,,,,,
2026-04-10 00:00:00,Brent Crude Futures,ICE,,60m | 15m | 5m,60,96.37999725,98.25,94.23999786,94.44999695,30911,USD,,,,,,2026-04-09 22:00:00+00:00,2026-04-10 03:00:00+05:30,2026-04-10 20:30:00+00:00,2026-04-11 02:00:00+05:30,96.44000244,,Yahoo 60m history truncated by provider lookback window | Yahoo 15m history truncated by provider lookback window | Yahoo 5m history truncated by provider lookback window | Yahoo 5m history truncated by provider lookback window | Partial 5m coverage used for 60m bucket because no fuller finer bucket was available,False,True,-0.060005188,-0.062220227,,,False,abs_gap_pct_native>=2.0,4.010002136,4.16061657,,,1.930000305,2.002490517,DOWN,1.870002747,0.209999084,5.23688211,False,True,False,False,False,0.0,,,-2.002490517,-2.063464789,0.771152429,-2.326783941,1.940239469,-2.220377102,2.717511472,0.481296578,3,3,,,,,,,,,,1.940239469,-2.220377102,,-2.002490517,,,1.940239469,-2.220377102,,,,,,,,,,
2026-04-13 00:00:00,Brent Crude Futures,ICE,,60m | 5m | 15m,60,102.4199982,103.8600006,97.63999939,98.11000061,45083,USD,,,,,,2026-04-12 22:00:00+00:00,2026-04-13 03:00:00+05:30,2026-04-13 20:30:00+00:00,2026-04-14 02:00:00+05:30,94.44999695,,Yahoo 60m history truncated by provider lookback window | Yahoo 5m history truncated by provider lookback window | Yahoo 15m history truncated by provider lookback window | Yahoo 5m history truncated by provider lookback window | Partial 5m coverage used for 60m bucket because no fuller finer bucket was available,True,False,7.970001221,8.438328722,,,True,abs_gap_pct_native>=2.0,6.220001221,6.073033911,,,4.309997559,4.20816016,DOWN,1.440002441,0.470001221,7.556288239,False,True,False,False,False,0.0,,,-4.20816016,3.875070175,-2.844292935,-1.297787621,1.405977804,-4.667056107,3.444781106,0.692925517,4,2,,,,,,,,,,1.405977804,-4.667056107,,-4.20816016,,,1.405977804,-4.667056107,,,,,,,,,,
2026-04-14 00:00:00,Brent Crude Futures,ICE,,60m | 15m | 5m,60,98.41999817,99.41000366,94.43000031,95.13999939,38521,USD,,,,,,2026-04-13 22:00:00+00:00,2026-04-14 03:00:00+05:30,2026-04-14 20:30:00+00:00,2026-04-15 02:00:00+05:30,98.11000061,,Yahoo 60m history truncated by provider lookback window | Yahoo 15m history truncated by provider lookback window | Yahoo 5m history truncated by provider lookback window | Yahoo 5m history truncated by provider lookback window | Partial 5m coverage used for 60m bucket because no fuller finer bucket was available,True,False,0.309997559,0.315969378,,,False,abs_gap_pct_native>=2.0,4.980003357,5.05995067,,,3.279998779,3.332654786,DOWN,0.990005493,0.709999084,14.25700012,False,True,False,False,False,0.0,,,-3.332654786,-3.027215577,-3.565644478,-0.063022648,1.005898711,-4.054051959,3.592414775,0.658633849,4,2,,,,,,,,,,1.005898711,-4.054051959,,-3.332654786,,,1.005898711,-4.054051959,,,,,,,,,,
2026-04-15 00:00:00,Brent Crude Futures,ICE,,60m | 15m | 5m,60,95.51999664,96.88999939,91.0,94.93000031,40408,USD,,,,,,2026-04-14 22:00:00+00:00,2026-04-15 03:00:00+05:30,2026-04-15 20:30:00+00:00,2026-04-16 02:00:00+05:30,95.13999939,,Yahoo 60m history truncated by provider lookback window | Yahoo 15m history truncated by provider lookback window | Yahoo 5m history truncated by provider lookback window | Yahoo 5m history truncated by provider lookback window | Partial 5m coverage used for 60m bucket because no fuller finer bucket was available,True,False,0.379997253,0.399408509,,,False,abs_gap_pct_native>=2.0,5.88999939,6.166247484,,,0.589996338,0.61766788,DOWN,1.370002747,3.930000305,66.72327186,False,True,False,False,False,0.0,,,-0.61766788,-0.220726388,-0.188758708,-0.262660222,1.434257532,-4.731989952,3.712402073,0.100169168,2,5,,,,,,,,,,1.434257532,-4.731989952,,-0.61766788,,,1.434257532,-4.731989952,,,,,,,,,,
2026-04-16 00:00:00,Brent Crude Futures,ICE,,60m | 15m | 5m | 1m,60,94.76000214,99.83999634,94.41999817,98.01000214,34966,USD,,,,,,2026-04-15 22:00:00+00:00,2026-04-16 03:00:00+05:30,2026-04-16 20:30:00+00:00,2026-04-17 02:00:00+05:30,94.93000031,,Yahoo 60m history truncated by provider lookback window | Yahoo 15m history truncated by provider lookback window | Yahoo 5m history truncated by provider lookback window | Yahoo 1m history truncated by provider lookback window | Yahoo 1m history truncated by provider lookback window | Partial 1m coverage used for 60m bucket because no fuller finer bucket was available,False,True,-0.169998169,-0.179077392,,,False,abs_gap_pct_native>=2.0,5.419998169,5.719710898,,,3.25,3.429717103,UP,1.829994202,0.340003967,66.23625794,True,False,False,False,False,0.0,,,3.429717103,3.244497863,4.002091905,-1.527174381,5.360905537,-0.358805361,2.405911532,0.599631199,4,2,,,,,,,,,,5.360905537,-0.358805361,,3.429717103,,,5.360905537,-0.358805361,,,,,,,,,,
2026-04-17 00:00:00,Brent Crude Futures,ICE,,60m | 5m | 15m | 1m,60,98.25,98.90000153,86.08000183,90.37999725,82379,USD,,,,,,2026-04-16 22:00:00+00:00,2026-04-17 03:00:00+05:30,2026-04-17 20:30:00+00:00,2026-04-18 02:00:00+05:30,98.01000214,,Yahoo 60m history truncated by provider lookback window | Yahoo 5m history truncated by provider lookback window | Yahoo 15m history truncated by provider lookback window | Yahoo 1m history truncated by provider lookback window | Yahoo 1m history truncated by provider lookback window | Partial 1m coverage used for 60m bucket because no fuller finer bucket was available,True,False,0.239997864,0.244870787,,,False,abs_gap_pct_native>=2.0,12.81999969,13.04834575,,,7.870002747,8.010180913,DOWN,0.650001526,4.299995422,33.54130675,False,True,False,False,False,0.0,,,-8.010180913,-7.784924718,-5.602413123,-0.297853577,0.661579161,-12.38676658,11.01447437,0.613884784,4,2,,,,,,,,,,0.661579161,-12.38676658,,-8.010180913,,,0.661579161,-12.38676658,,,,,,,,,,
2026-04-20 00:00:00,Brent Crude Futures,ICE,,60m | 15m | 5m | 1m,60,90.37999725,96.25,90.37999725,94.27999878,30318,USD,,,,,,2026-04-20 09:00:00+00:00,2026-04-20 14:00:00+05:30,2026-04-20 20:30:00+00:00,2026-04-21 02:00:00+05:30,90.37999725,,Yahoo 60m history truncated by provider lookback window | Yahoo 15m history truncated by provider lookback window | Yahoo 5m history truncated by provider lookback window | Yahoo 1m history truncated by provider lookback window | Yahoo 1m history truncated by provider lookback window | Partial 1m coverage used for 60m bucket because no fuller finer bucket was available,False,False,0.0,0.0,,,False,abs_gap_pct_native>=2.0,5.870002747,6.494802971,,,3.900001526,4.315115783,UP,1.970001221,0.0,66.43951791,True,False,True,False,False,0.0,,,4.315115783,4.315115783,1.12003124,-1.483801687,6.494802971,0.0,2.4210376,0.664395179,4,2,,,,,,,,,,6.494802971,0.0,,4.315115783,,,6.494802971,0.0,,,,,,,,,,
2026-04-21 00:00:00,Brent Crude Futures,ICE,,60m | 15m | 5m | 1m,60,93.98999786,95.69000244,89.36000061,93.86000061,50675,USD,,,,,,2026-04-20 22:00:00+00:00,2026-04-21 03:00:00+05:30,2026-04-21 20:30:00+00:00,2026-04-22 02:00:00+05:30,94.27999878,,Yahoo 60m history truncated by provider lookback window | Yahoo 15m history truncated by provider lookback window | Yahoo 5m history truncated by provider lookback window | Yahoo 1m history truncated by provider lookback window | Partial 1m coverage used for 60m bucket because no fuller finer bucket was available,False,True,-0.290000916,-0.307595375,,,False,abs_gap_pct_native>=2.0,6.330001831,6.734761118,,,0.129997253,0.138309667,DOWN,1.700004578,4.5,71.09002683,False,True,False,False,True,1.0,,,-0.138309667,-0.445479608,3.888957298,-0.466598544,1.808707965,-4.926053153,7.230175251,0.020536685,2,5,,,,,,,,,,1.808707965,-4.926053153,,-0.138309667,,,1.808707965,-4.926053153,,,,,,,,,,
2026-04-22 00:00:00,Brent Crude Futures,ICE,,60m | 15m | 5m | 1m,60,93.58999634,102.3099976,91.38999939,101.8499985,38313,USD,,,,,,2026-04-21 22:00:00+00:00,2026-04-22 03:00:00+05:30,2026-04-22 20:30:00+00:00,2026-04-23 02:00:00+05:30,93.86000061,,Yahoo 60m history truncated by provider lookback window | Yahoo 15m history truncated by provider lookback window | Yahoo 5m history truncated by provider lookback window | Yahoo 1m history truncated by provider lookback window | Yahoo 1m history truncated by provider lookback window | Partial 1m coverage used for 60m bucket because no fuller finer bucket was available,False,True,-0.270004272,-0.287667026,,,False,abs_gap_pct_native>=2.0,10.91999817,11.66791174,,,8.260002136,8.825731872,UP,0.459999084,2.199996948,95.78755347,True,False,False,False,False,0.0,,,8.825731872,8.512676126,8.156321556,0.009821422,9.317236416,-2.350675322,6.793252859,0.756410579,5,2,,,,,,,,,,9.317236416,-2.350675322,,8.825731872,,,9.317236416,-2.350675322,,,,,,,,,,
2026-04-23 00:00:00,Brent Crude Futures,ICE,,60m | 15m | 5m | 1m,60,101.5800018,107.3600006,95.94999695,106.4700012,51294,USD,,,,,,2026-04-22 22:00:00+00:00,2026-04-23 03:00:00+05:30,2026-04-23 20:30:00+00:00,2026-04-24 02:00:00+05:30,101.8499985,,Yahoo 60m history truncated by provider lookback window | Yahoo 15m history truncated by provider lookback window | Yahoo 5m history truncated by provider lookback window | Yahoo 1m history truncated by provider lookback window | Yahoo 1m history truncated by provider lookback window | Partial 1m coverage used for 60m bucket because no fuller finer bucket was available,False,True,-0.269996643,-0.265092437,,,False,abs_gap_pct_native>=2.0,11.41000366,11.23252949,,,4.88999939,4.813939064,UP,0.88999939,5.630004883,92.19983257,True,False,False,False,False,1.0,,,4.813939064,4.536085239,9.209165923,0.652299536,5.690095171,-5.542434319,9.655492821,0.428571238,3,3,,,,,,,,,,5.690095171,-5.542434319,,4.813939064,,,5.690095171,-5.542434319,,,,,,,,,,
2026-04-24 00:00:00,Brent Crude Futures,ICE,,60m | 15m | 5m | 1m,60,106.2799988,107.0100021,97.55000305,99.12999725,54500,USD,,,,,,2026-04-23 22:00:00+00:00,2026-04-24 03:00:00+05:30,2026-04-24 20:30:00+00:00,2026-04-25 02:00:00+05:30,106.4700012,,Yahoo 60m history truncated by provider lookback window | Yahoo 15m history truncated by provider lookback window | Yahoo 5m history truncated by provider lookback window | Yahoo 1m history truncated by provider lookback window | Partial 1m coverage used for 60m bucket because no fuller finer bucket was available,False,True,-0.190002441,-0.178456316,,,False,abs_gap_pct_native>=2.0,9.459999084,8.901015424,,,7.150001526,6.727513745,DOWN,0.730003357,1.579994202,16.70184307,False,True,True,False,False,0.0,,,-6.727513745,-6.893964387,0.457600767,0.344160679,0.686868052,-8.214147373,6.302995658,0.755814188,5,2,,,,,,,,,,0.686868052,-8.214147373,,-6.727513745,,,0.686868052,-8.214147373,,,,,,,,,,
2026-04-27 00:00:00,Brent Crude Futures,ICE,,60m | 15m | 5m | 1m,60,101.3000031,102.6100006,99.58999634,101.9100037,38683,USD,,,,,,2026-04-26 22:00:00+00:00,2026-04-27 03:00:00+05:30,2026-04-27 20:31:00+00:00,2026-04-28 02:00:00+05:30,99.12999725,,Yahoo 60m history truncated by provider lookback window | Yahoo 15m history truncated by provider lookback window | Yahoo 5m history truncated by provider lookback window | Yahoo 1m history truncated by provider lookback window | Partial 1m coverage used for 60m bucket because no fuller finer bucket was available,True,False,2.170005798,2.189050599,,,True,abs_gap_pct_native>=2.0,3.020004272,2.981247958,,,0.61000061,0.602172351,UP,0.699996948,1.710006714,76.8213259,True,False,True,False,False,0.0,,,0.602172351,2.804404808,1.846313533,-0.137187051,1.2931861,-1.688061858,2.389463417,0.201986671,2,4,,,,,,,,,,1.2931861,-1.688061858,,0.602172351,,,1.2931861,-1.688061858,,,,,,,,,,
2026-04-28 00:00:00,Brent Crude Futures,ICE,,60m | 15m | 5m | 1m,60,101.8199997,105.8099976,101.5999985,104.3000031,49245,USD,,,,,,2026-04-27 22:00:00+00:00,2026-04-28 03:00:00+05:30,2026-04-28 20:30:00+00:00,2026-04-29 02:00:00+05:30,101.9100037,,Yahoo 60m history truncated by provider lookback window | Yahoo 15m history truncated by provider lookback window | Yahoo 5m history truncated by provider lookback window | Yahoo 1m history truncated by provider lookback window | Yahoo 1m history truncated by provider lookback window | Partial 1m coverage used for 60m bucket because no fuller finer bucket was available,False,True,-0.090003967,-0.088317107,,,False,abs_gap_pct_native>=2.0,4.209999084,4.134746707,,,2.480003357,2.435674096,UP,1.509994507,0.220001221,64.13313931,True,False,False,False,False,1.0,,,2.435674096,2.345205872,-1.213039064,0.057564456,3.918677937,-0.21606877,2.852540498,0.58907456,4,2,,,,,,,,,,3.918677937,-0.21606877,,2.435674096,,,3.918677937,-0.21606877,,,,,,,,,,
2026-04-29 00:00:00,Brent Crude Futures,ICE,,60m | 15m | 5m | 1m,60,104.1800003,112.1399994,103.2699966,111.9100037,59031,USD,,,,,,2026-04-28 22:00:00+00:00,2026-04-29 03:00:00+05:30,2026-04-29 20:30:00+00:00,2026-04-30 02:00:00+05:30,104.3000031,,Yahoo 60m history truncated by provider lookback window | Yahoo 15m history truncated by provider lookback window | Yahoo 5m history truncated by provider lookback window | Yahoo 1m history truncated by provider lookback window | Yahoo 1m history truncated by provider lookback window | Partial 1m coverage used for 60m bucket because no fuller finer bucket was available,False,True,-0.120002747,-0.115055362,,,False,abs_gap_pct_native>=2.0,8.870002747,8.514112805,,,7.730003357,7.41985346,UP,0.229995728,0.910003662,97.40703882,True,False,False,False,False,1.0,,,7.41985346,7.296261158,2.722036717,1.211905554,7.640621099,-0.873491706,2.853779694,0.871476997,5,2,,,,,,,,,,7.640621099,-0.873491706,,7.41985346,,,7.640621099,-0.873491706,,,,,,,,,,
2026-04-30 00:00:00,Brent Crude Futures,ICE,,60m | 5m | 1m,60,112.4199982,114.6600037,100.5999985,111.2300034,57375,USD,,,,,,2026-04-29 22:00:00+00:00,2026-04-30 03:00:00+05:30,2026-04-30 20:31:00+00:00,2026-05-01 02:00:00+05:30,111.9100037,,Yahoo 60m history truncated by provider lookback window | Yahoo 5m history truncated by provider lookback window | Yahoo 1m history truncated by provider lookback window | Yahoo 1m history truncated by provider lookback window | Partial 1m coverage used for 60m bucket because no fuller finer bucket was available,True,False,0.509994507,0.455718426,,,False,abs_gap_pct_native>=2.0,14.06000519,12.50667623,,,1.189994812,1.058525913,DOWN,2.240005493,10.63000488,75.60455875,False,True,False,True,True,0.0,,,-1.058525913,-0.607631385,7.242123218,1.505750592,1.992532939,-10.51414329,10.92048857,0.084636869,2,5,,,,,,,,,,1.992532939,-10.51414329,,-1.058525913,,,1.992532939,-10.51414329,,,,,,,,,,
2026-05-01 00:00:00,Brent Crude Futures,ICE,,60m | 15m | 5m | 1m,60,111.0100021,112.4300003,103.9100037,108.1699982,37229,USD,,,,,,2026-04-30 22:00:00+00:00,2026-05-01 03:00:00+05:30,2026-05-01 20:30:00+00:00,2026-05-02 02:00:00+05:30,111.2300034,,Yahoo 60m history truncated by provider lookback window | Yahoo 15m history truncated by provider lookback window | Yahoo 5m history truncated by provider lookback window | Yahoo 1m history truncated by provider lookback window | Yahoo 1m history truncated by provider lookback window | Partial 1m coverage used for 60m bucket because no fuller finer bucket was available,False,True,-0.220001221,-0.197789458,,,False,abs_gap_pct_native>=2.0,8.519996643,7.674981064,,,2.840003967,2.558331603,DOWN,1.419998169,4.259994507,49.99995523,False,True,True,False,False,1.0,,,-2.558331603,-2.751060951,-2.498650782,0.074014094,1.279162365,-6.395818699,9.139279467,0.33333393,3,4,,,,,,,,,,1.279162365,-6.395818699,,-2.558331603,,,1.279162365,-6.395818699,,,,,,,,,,
2026-05-04 00:00:00,Brent Crude Futures,ICE,,60m | 5m | 1m,60,106.6200027,115.25,106.4700012,113.7600021,61774,USD,,,,,,2026-05-03 22:00:00+00:00,2026-05-04 03:00:00+05:30,2026-05-04 20:31:00+00:00,2026-05-05 02:00:00+05:30,108.1699982,,Yahoo 60m history truncated by provider lookback window | Yahoo 5m history truncated by provider lookback window | Yahoo 1m history truncated by provider lookback window | Yahoo 1m history truncated by provider lookback window | Partial 1m coverage used for 60m bucket because no fuller finer bucket was available,False,True,-1.549995422,-1.43292544,,,False,abs_gap_pct_native>=2.0,8.779998779,8.234851391,,,7.13999939,6.696679052,UP,1.489997864,0.150001526,83.02963473,True,False,False,False,False,1.0,,,6.696679052,5.167795195,2.111226444,0.087980354,8.094163413,-0.140687978,4.918877999,0.813211889,5,2,,,,,,,,,,8.094163413,-0.140687978,,6.696679052,,,8.094163413,-0.140687978,,,,,,,,,,
2026-05-05 00:00:00,Brent Crude Futures,ICE,,60m | 15m | 5m | 1m,60,113.8199997,114.4499969,109.5999985,110.5,38741,USD,,,,,,2026-05-04 22:00:00+00:00,2026-05-05 03:00:00+05:30,2026-05-05 20:30:00+00:00,2026-05-06 02:00:00+05:30,113.7600021,,Yahoo 60m history truncated by provider lookback window | Yahoo 15m history truncated by provider lookback window | Yahoo 5m history truncated by provider lookback window | Yahoo 1m history truncated by provider lookback window | Yahoo 1m history truncated by provider lookback window | Partial 1m coverage used for 60m bucket because no fuller finer bucket was available,True,False,0.059997559,0.052740469,,,False,abs_gap_pct_native>=2.0,4.849998474,4.261112711,,,3.319999695,2.916886051,DOWN,0.629997253,0.900001526,18.55673833,False,True,True,False,False,1.0,,,-2.916886051,-2.865683962,-2.231906595,0.500230166,0.553503123,-3.707609587,2.251017867,0.684536235,4,2,,,,,,,,,,0.553503123,-3.707609587,,-2.916886051,,,0.553503123,-3.707609587,,,,,,,,,,
2026-05-06 00:00:00,Brent Crude Futures,ICE,,60m | 15m | 5m | 1m,60,110.4499969,110.4499969,96.73000336,101.9599991,58843,USD,,,,,,2026-05-05 22:00:00+00:00,2026-05-06 03:00:00+05:30,2026-05-06 20:31:00+00:00,2026-05-07 02:00:00+05:30,110.5,,Yahoo 60m history truncated by provider lookback window | Yahoo 15m history truncated by provider lookback window | Yahoo 5m history truncated by provider lookback window | Yahoo 1m history truncated by provider lookback window | Yahoo 1m history truncated by provider lookback window | Partial 1m coverage used for 60m bucket because no fuller finer bucket was available,False,True,-0.050003052,-0.045251631,,,False,abs_gap_pct_native>=2.0,13.71999359,12.42190491,,,8.489997864,7.686734358,DOWN,0.0,5.229995728,38.11952019,False,True,False,False,False,0.0,,,-7.686734358,-7.728507616,1.586197128,0.127661054,0.0,-12.42190491,6.226290591,0.618804798,4,2,,,,,,,,,,0.0,-12.42190491,,-7.686734358,,,0.0,-12.42190491,,,,,,,,,,
2026-05-07 00:00:00,Brent Crude Futures,ICE,,60m | 5m | 15m | 1m,60,101.5299988,103.4100037,96.06999969,103.1100006,60188,USD,,,,,,2026-05-06 22:00:00+00:00,2026-05-07 03:00:00+05:30,2026-05-07 20:30:00+00:00,2026-05-08 02:00:00+05:30,101.9599991,,Yahoo 60m history truncated by provider lookback window | Yahoo 5m history truncated by provider lookback window | Yahoo 15m history truncated by provider lookback window | Yahoo 1m history truncated by provider lookback window | Yahoo 1m history truncated by provider lookback window | Partial 1m coverage used for 60m bucket because no fuller finer bucket was available,False,True,-0.430000305,-0.421734316,,,False,abs_gap_pct_native>=2.0,7.340003967,7.229394322,,,1.580001831,1.556192111,UP,0.300003052,5.459999084,95.91276717,True,False,False,False,False,0.0,,,1.556192111,1.127894798,4.139061413,0.93979351,1.851674289,-5.377720034,5.66613671,0.215258989,2,4,,,,,,,,,,1.851674289,-5.377720034,,1.556192111,,,1.851674289,-5.377720034,,,,,,,,,,
2026-05-08 00:00:00,Brent Crude Futures,ICE,,60m | 5m | 15m | 1m,60,103.5599976,103.9599991,99.54000092,101.2799988,29508,USD,,,,,,2026-05-07 22:00:00+00:00,2026-05-08 03:00:00+05:30,2026-05-08 17:30:00+00:00,2026-05-08 23:00:00+05:30,103.1100006,,Yahoo 60m history truncated by provider lookback window | Yahoo 5m history truncated by provider lookback window | Yahoo 15m history truncated by provider lookback window | Yahoo 1m history truncated by provider lookback window,True,False,0.449996948,0.436424154,,,False,abs_gap_pct_native>=2.0,4.419998169,4.268055497,,,2.279998779,2.201621121,DOWN,0.400001526,1.739997864,39.36648381,False,True,False,False,False,0.0,,,-2.201621121,-1.774805373,0.317901533,0.297083989,0.386251,-3.881804498,2.904276742,0.515837042,4,2,,,,,,,,,,0.386251,-3.881804498,,-2.201621121,,,0.386251,-3.881804498,,,,,,,,,,
2026-05-11 00:00:00,Brent Crude Futures,ICE,,5m | 1m,5,104.0800018310547,106.0,102.8199996948242,104.4199981689453,28737,USD,,,,,,2026-05-10 22:10:00+00:00,2026-05-11 03:40:00+05:30,2026-05-11 20:55:00+00:00,2026-05-12 02:25:00+05:30,101.2900009155273,,Yahoo 5m history truncated by provider lookback window | Missing FX for INR conversion | Yahoo 1m history truncated by provider lookback window | Missing FX for INR conversion,True,False,2.790000915527344,2.754468249885905,,,True,abs_gap_pct_native>=2.0,3.180000305175781,3.055342284041885,,,0.339996337890625,0.326668266630621,UP,1.580001831054688,1.260002136230469,50.31441259665698,True,False,False,False,False,1.0,,,0.326668266630621,3.09013449020332,0.1630521441225234,-0.0095778379787795,1.844733027639548,-1.210609256402336,2.853110380866623,0.1069170771264536,2,5,,,,,,,,,,1.844733027639548,-1.210609256402336,,0.326668266630621,,,1.844733027639548,-1.210609256402336,,,,,,,,,,
2026-05-12 00:00:00,Brent Crude Futures,ICE,,5m | 1m,5,104.5,108.4199981689453,104.1100006103516,107.4199981689453,27450,USD,,,,,,2026-05-11 22:00:00+00:00,2026-05-12 03:30:00+05:30,2026-05-12 20:55:00+00:00,2026-05-13 02:25:00+05:30,104.4199981689453,,Yahoo 5m history truncated by provider lookback window | Missing FX for INR conversion | Yahoo 1m history truncated by provider lookback window | Missing FX for INR conversion,True,False,0.0800018310546875,0.0766154304324439,,,False,abs_gap_pct_native>=2.0,4.30999755859375,4.124399577601674,,,2.919998168945312,2.794256621000299,UP,1.0,0.3899993896484375,76.79813070877293,True,False,False,False,False,1.0,,,2.794256621000299,2.873012883170309,-0.3069784474927326,0.233274241178855,3.751194420043361,-0.3732051575583134,2.196080468944312,0.6774941584649153,4,2,,,,,,,,,,3.751194420043361,-0.3732051575583134,,2.794256621000299,,,3.751194420043361,-0.3732051575583134,,,,,,,,,,
2026-05-13 00:00:00,Brent Crude Futures,ICE,,5m | 1m,5,107.7399978637695,108.3099975585938,105.3099975585938,105.5500030517578,25837,USD,,,,,,2026-05-12 22:00:00+00:00,2026-05-13 03:30:00+05:30,2026-05-13 20:55:00+00:00,2026-05-14 02:25:00+05:30,107.4199981689453,,Yahoo 5m history truncated by provider lookback window | Missing FX for INR conversion | Yahoo 1m history truncated by provider lookback window | Missing FX for INR conversion,True,False,0.3199996948242188,0.2978958297140703,,,False,abs_gap_pct_native>=2.0,3.0,2.784481213553867,,,2.189994812011719,2.032666470609021,DOWN,0.5699996948242188,0.2400054931640625,8.00018310546875,False,True,True,False,False,0.0,,,-2.032666470609021,-1.740825869542891,-1.218375743576837,-0.621406683366907,0.529051147323158,-2.255430066230709,2.033859007254147,0.7299982706705729,4,2,,,,,,,,,,0.529051147323158,-2.255430066230709,,-2.032666470609021,,,0.529051147323158,-2.255430066230709,,,,,,,,,,
2026-05-14 00:00:00,Brent Crude Futures,ICE,,5m | 1m,5,105.6399993896484,107.0800018310547,103.8600006103516,106.5500030517578,24503,USD,,,,,,2026-05-13 22:00:00+00:00,2026-05-14 03:30:00+05:30,2026-05-14 20:55:00+00:00,2026-05-15 02:25:00+05:30,105.5500030517578,,Yahoo 5m history truncated by provider lookback window | Missing FX for INR conversion | Yahoo 1m history truncated by provider lookback window | Missing FX for INR conversion,True,False,0.089996337890625,0.0852641736509416,,,False,abs_gap_pct_native>=2.0,3.220001220703125,3.048089018655039,,,0.910003662109375,0.8614196018241793,UP,0.529998779296875,1.779998779296875,83.54041682067613,True,False,False,False,False,0.0,,,0.8614196018241793,0.9474182577802835,0.7919109344417999,0.8614196018241793,1.363122349229542,-1.684966669425497,2.674374826396458,0.2826097258157763,3,4,,,,,,,,,,1.363122349229542,-1.684966669425497,,0.8614196018241793,,,1.363122349229542,-1.684966669425497,,,,,,,,,,
2026-05-15 00:00:00,Brent Crude Futures,ICE,,5m | 1m,5,106.5699996948242,109.7300033569336,106.0500030517578,109.2600021362305,23982,USD,,,,,,2026-05-14 22:05:00+00:00,2026-05-15 03:35:00+05:30,2026-05-15 20:55:00+00:00,2026-05-16 02:25:00+05:30,106.5500030517578,,Yahoo 5m history truncated by provider lookback window | Missing FX for INR conversion | Yahoo 1m history truncated by provider lookback window | Missing FX for INR conversion,True,False,0.0199966430664062,0.0187673791587717,,,False,abs_gap_pct_native>=2.0,3.680000305175781,3.453129694767661,,,2.69000244140625,2.524164820408548,UP,0.470001220703125,0.5199966430664062,87.22822875742466,True,False,False,False,False,1.0,,,2.524164820408548,2.543405919149758,0.5344161407705906,0.1374773394187619,2.965190645733713,-0.4879390490339477,2.242845497708877,0.7309788636764142,4,2,,,,,,,,,,2.965190645733713,-0.4879390490339477,,2.524164820408548,,,2.965190645733713,-0.4879390490339477,,,,,,,,,,
2026-05-18 00:00:00,Brent Crude Futures,ICE,,1m | 5m,5,110.2200012207031,112.6900024414062,106.870002746582,109.2799987792969,43088,USD,,,,,,2026-05-17 22:10:00+00:00,2026-05-18 03:40:00+05:30,2026-05-18 20:55:00+00:00,2026-05-19 02:25:00+05:30,109.2600021362305,,Yahoo 1m history truncated by provider lookback window | Missing FX for INR conversion | Yahoo 5m history truncated by provider lookback window | Missing FX for INR conversion,True,False,0.9599990844726562,0.8786372558145153,,,False,abs_gap_pct_native>=2.0,5.819999694824219,5.280348058761427,,,0.94000244140625,0.852841980580277,DOWN,2.470001220703125,2.409996032714844,41.40886871279523,False,True,False,False,False,1.0,,,-0.852841980580277,0.0183018878596336,1.227784473867471,-1.08617355283725,2.240973682949999,-3.039374375811428,4.450204157582563,0.1615124554460378,2,5,,,,,,,,,,2.240973682949999,-3.039374375811428,,-0.852841980580277,,,2.240973682949999,-3.039374375811428,,,,,,,,,,
2026-05-19 00:00:00,Brent Crude Futures,ICE,,5m | 1m,5,109.5500030517578,111.7900009155273,108.9000015258789,111.0,26851,USD,,,,,,2026-05-18 22:00:00+00:00,2026-05-19 03:30:00+05:30,2026-05-19 20:55:00+00:00,2026-05-20 02:25:00+05:30,109.2799987792969,,Yahoo 5m history truncated by provider lookback window | Missing FX for INR conversion | Yahoo 1m history truncated by provider lookback window | Missing FX for INR conversion,True,False,0.2700042724609375,0.2470756547190682,,,False,abs_gap_pct_native>=2.0,2.889999389648438,2.63806417995537,,,1.449996948242188,1.323593708671212,UP,0.7900009155273438,0.6500015258789062,72.66432240930523,True,False,True,False,False,1.0,,,1.323593708671212,1.5739396412118,-0.2521444403390982,0.2076404837988146,2.044726427539418,-0.5933377524159517,2.600641282310288,0.5017291537970106,4,2,,,,,,,,,,2.044726427539418,-0.5933377524159517,,1.323593708671212,,,2.044726427539418,-0.5933377524159517,,,,,,,,,,
2026-05-20 00:00:00,Brent Crude Futures,ICE,,5m | 1m,5,111.2099990844727,111.5,103.2799987792969,105.4499969482422,52135,USD,,,,,,2026-05-19 22:00:00+00:00,2026-05-20 03:30:00+05:30,2026-05-20 20:55:00+00:00,2026-05-21 02:25:00+05:30,111.0,,Yahoo 5m history truncated by provider lookback window | Missing FX for INR conversion | Yahoo 1m history truncated by provider lookback window | Missing FX for INR conversion,True,False,0.2099990844726562,0.1891883643897804,,,False,abs_gap_pct_native>=2.0,8.220001220703125,7.391422793250267,,,5.760002136230469,5.179392306131843,DOWN,0.2900009155273438,2.169998168945312,26.39900056802783,False,True,False,False,False,0.0,,,-5.179392306131843,-5.000002749331363,-4.462978944283956,1.151076209345024,0.2607687419429484,-7.130654051307318,3.757696383506681,0.7007300828281103,4,2,,,,,,,,,,0.2607687419429484,-7.130654051307318,,-5.179392306131843,,,0.2607687419429484,-7.130654051307318,,,,,,,,,,
2026-05-21 00:00:00,Brent Crude Futures,ICE,,1m | 5m,5,105.2099990844727,109.3099975585938,102.1600036621094,104.879997253418,50298,USD,,,,,,2026-05-20 22:00:00+00:00,2026-05-21 03:30:00+05:30,2026-05-21 20:55:00+00:00,2026-05-22 02:25:00+05:30,105.4499969482422,,Yahoo 1m history truncated by provider lookback window | Missing FX for INR conversion | Yahoo 5m history truncated by provider lookback window | Missing FX for INR conversion,False,True,-0.2399978637695312,-0.2275939978332374,,,False,abs_gap_pct_native>=2.0,7.149993896484375,6.795926203500558,,,0.3300018310546875,0.3136601406010188,DOWN,4.099998474121094,2.719993591308594,38.04190088394348,False,True,False,False,True,0.0,,,-0.3136601406010188,-0.540540266780653,-1.974177268501086,0.104992472917906,3.896966552417914,-2.898959651082644,4.714114049090159,0.0461541416443653,2,5,,,,,,,,,,3.896966552417914,-2.898959651082644,,-0.3136601406010188,,,3.896966552417914,-2.898959651082644,,,,,,,,,,
2026-05-22 00:00:00,Brent Crude Futures,ICE,,5m | 1m,5,104.5199966430664,106.3499984741211,100.2099990844727,103.5400009155273,33916,USD,,,,,,2026-05-21 22:00:00+00:00,2026-05-22 03:30:00+05:30,2026-05-22 20:55:00+00:00,2026-05-23 02:25:00+05:30,104.879997253418,,Yahoo 5m history truncated by provider lookback window | Missing FX for INR conversion | Yahoo 1m history truncated by provider lookback window | Missing FX for INR conversion,False,True,-0.3600006103515625,-0.3432500188588919,,,False,abs_gap_pct_native>=2.0,6.139999389648438,5.874473389638928,,,0.9799957275390624,0.9376155367529596,DOWN,1.830001831054688,3.330001831054688,54.23456290026367,False,True,False,False,False,0.0,,,-0.9376155367529596,-1.277647190105123,-2.710470004591813,1.929512747728118,1.750862887322993,-4.123610502315936,4.110926410274493,0.1596084405466325,2,5,,,,,,,,,,1.750862887322993,-4.123610502315936,,-0.9376155367529596,,,1.750862887322993,-4.123610502315936,,,,,,,,,,
2026-05-26 00:00:00,Brent Crude Futures,ICE,,5m | 1m,5,95.06999969482422,97.75,94.93000030517578,96.58999633789062,30588,USD,,,,,,2026-05-26 04:00:00+00:00,2026-05-26 09:30:00+05:30,2026-05-26 20:55:00+00:00,2026-05-27 02:25:00+05:30,103.5400009155273,,Yahoo 5m history truncated by provider lookback window | Missing FX for INR conversion | Yahoo 1m history truncated by provider lookback window | Missing FX for INR conversion,False,True,-8.470001220703125,-8.180414473449096,,,True,abs_gap_pct_native>=2.0,2.819999694824219,2.966235094011202,,,1.519996643066406,1.598818394809733,UP,1.160003662109375,0.1399993896484375,58.86511391336578,True,False,False,False,False,0.0,,,1.598818394809733,-6.712386050012545,0.8528337824347457,-0.3918788058459556,2.818975821793008,-0.1472592722181941,2.486994567378185,0.5390059601269401,4,2,,,,,,,,,,2.818975821793008,-0.1472592722181941,,1.598818394809733,,,2.818975821793008,-0.1472592722181941,,,,,,,,,,
2026-05-27 00:00:00,Brent Crude Futures,ICE,,1m | 5m,5,96.38999938964844,96.95999908447266,91.72000122070312,92.2300033569336,48733,USD,,,,,,2026-05-26 22:00:00+00:00,2026-05-27 03:30:00+05:30,2026-05-27 18:25:00+00:00,2026-05-27 23:55:00+05:30,96.58999633789062,,Yahoo 1m history truncated by provider lookback window | Missing FX for INR conversion | Yahoo 5m history truncated by provider lookback window | Missing FX for INR conversion,False,True,-0.1999969482421875,-0.2070576206904069,,,False,abs_gap_pct_native>=2.0,5.239997863769531,5.436246391689746,,,4.159996032714844,4.31579630569185,DOWN,0.5699996948242188,0.5100021362304688,9.732869163110406,False,True,False,False,False,1.0,,,-4.31579630569185,-4.513917741237846,-1.062247723054435,-0.977019582003541,0.5913473373104227,-4.844899054379323,2.85229268567082,0.7938926963077501,5,2,,,,,,,,,,0.5913473373104227,-4.844899054379323,,-4.31579630569185,,,0.5913473373104227,-4.844899054379323,,,,,,,,,,
2026-05-28,Brent Crude Futures,ICE,,5m | 1m,5,93.25,95.95999908447266,90.63999938964844,92.4800033569336,37449,USD,,,,,,2026-05-27 22:30:00+00:00,2026-05-28 04:00:00+05:30,2026-05-28 20:55:00+00:00,2026-05-29 02:25:00+05:30,,,Missing FX for INR conversion,False,False,,,,,False,abs_gap_pct_native>=2.0,5.319999694824219,5.705093506513908,,,0.7699966430664062,0.8257336654867627,DOWN,2.709999084472656,1.840003967285156,34.58654272246068,False,True,False,False,False,1.0,,,-0.8257336654867627,,-2.416122541697644,-0.0108060407252453,2.906165238040382,-2.7989282684735257,3.717146256192501,0.1447362194053374,2,5,,,,,,,,,,2.906165238040382,-2.7989282684735257,,-0.8257336654867627,,,2.906165238040382,-2.7989282684735257,BRENT,yahoo_front_symbol_no_verified_roll_metadata,BZ=F,0.0,,yahoo_finance,https://finance.yahoo.com,UTC,yahoo_intraday_direct | bucket_complete_5m_for_5m | yahoo_intraday_direct | bucket_complete_1m_for_5m,MISSING_DAILY_FX
2026-05-29,Brent Crude Futures,ICE,,5m | 1m,5,92.54000091552734,92.88999938964844,89.94000244140625,91.12000274658205,38593,USD,,,,,,2026-05-28 22:30:00+00:00,2026-05-29 04:00:00+05:30,2026-05-29 20:55:00+00:00,2026-05-30 02:25:00+05:30,,,Missing FX for INR conversion,False,False,,,,,False,abs_gap_pct_native>=2.0,2.9499969482421875,3.187807347154678,,,1.4199981689453125,1.5344695860134254,DOWN,0.3499984741210937,1.1800003051757812,40.0000517247622,False,True,False,False,False,0.0,,,-1.5344695860134254,,-0.2083962003154186,0.1538792970793709,0.3782131733936122,-2.809594173761066,3.1341008960896506,0.4813558094666659,3,3,,,,,,,,,,0.3782131733936122,-2.809594173761066,,-1.5344695860134254,,,0.3782131733936122,-2.809594173761066,BRENT,yahoo_front_symbol_no_verified_roll_metadata,BZ=F,0.0,,yahoo_finance,https://finance.yahoo.com,UTC,yahoo_intraday_direct | bucket_complete_5m_for_5m | yahoo_intraday_direct | bucket_complete_1m_for_5m,MISSING_DAILY_FX
2026-06-01,Brent Crude Futures,ICE,,1m | 5m,5,93.4499969482422,97.8000030517578,92.62000274658205,95.3000030517578,54266,USD,,,,,,2026-05-31 22:10:00+00:00,2026-06-01 03:40:00+05:30,2026-06-01 20:55:00+00:00,2026-06-02 02:25:00+05:30,91.12000274658205,,Missing FX for INR conversion,True,False,2.329994201660156,2.557061162673808,,,True,abs_gap_pct_native>=2.0,5.180000305175781,5.543071668632321,,,1.850006103515625,1.9796748677694032,UP,2.5,0.8299942016601562,51.73745458080309,True,False,False,False,False,1.0,,,1.9796748677694032,4.587357527634157,1.2072701936260484,0.6017097800329578,4.654902349461714,-0.8881693191706076,3.572337427699479,0.3571440143868574,3,3,,,,,,,,,,4.654902349461714,-0.8881693191706076,,1.9796748677694032,,,4.654902349461714,-0.8881693191706076,BRENT,yahoo_front_symbol_no_verified_roll_metadata,BZ=F,0.0,,yahoo_finance,https://finance.yahoo.com,UTC,yahoo_intraday_direct | bucket_complete_1m_for_5m | yahoo_intraday_direct | bucket_complete_5m_for_5m,MISSING_DAILY_FX
2026-06-02,Brent Crude Futures,ICE,,5m | 1m,5,95.13999938964844,96.26000213623047,92.81999969482422,95.77999877929688,36465,USD,,,,,,2026-06-01 22:30:00+00:00,2026-06-02 04:00:00+05:30,2026-06-02 20:55:00+00:00,2026-06-03 02:25:00+05:30,,,Missing FX for INR conversion,False,False,,,,,False,abs_gap_pct_native>=2.0,3.44000244140625,3.6157267852374346,,,0.6399993896484375,0.6726922364454752,UP,0.48000335693359375,2.3199996948242188,86.04642394563616,True,False,False,False,False,0.0,,,0.6726922364454752,,2.4202970688857284,-0.2914832254977771,1.177215423341585,-2.4385113618958494,2.4957983579315783,0.18604620216106882,2,5,,,,,,,,,,1.177215423341585,-2.4385113618958494,,0.6726922364454752,,,1.177215423341585,-2.4385113618958494,BRENT,yahoo_front_symbol_no_verified_roll_metadata,BZ=F,0.0,,yahoo_finance,https://finance.yahoo.com,UTC,yahoo_intraday_direct | bucket_complete_5m_for_5m | yahoo_intraday_direct | bucket_complete_1m_for_5m,MISSING_DAILY_FX
2026-06-03,Brent Crude Futures,ICE,,5m | 1m,5,96.06999969482422,99.0,96.04000091552734,97.86000061035156,38917,USD,,,,,,2026-06-02 22:00:00+00:00,2026-06-03 03:30:00+05:30,2026-06-03 20:55:00+00:00,2026-06-04 02:25:00+05:30,95.77999877929688,,Missing FX for INR conversion,True,False,0.29000091552734375,0.3027781574685385,,,False,abs_gap_pct_native>=2.0,2.9599990844726562,3.0810857644169705,,,1.7900009155273438,1.8632256908644296,UP,1.1399993896484375,0.029998779296875,61.48649519425321,True,False,False,False,False,0.0,,,1.8632256908644296,2.1716452887492474,0.08167674052082417,-0.16322795163670442,3.0498598048123395,-0.03122595960463107,2.51360557326145,0.6047302260724329,4,2,,,,,,,,,,3.0498598048123395,-0.03122595960463107,,1.8632256908644296,,,3.0498598048123395,-0.03122595960463107,BRENT,yahoo_front_symbol_no_verified_roll_metadata,BZ=F,0.0,,yahoo_finance,https://finance.yahoo.com,UTC,yahoo_intraday_direct | bucket_complete_5m_for_5m | yahoo_intraday_direct | bucket_complete_1m_for_5m,MISSING_DAILY_FX
2026-06-04,Brent Crude Futures,ICE,,5m | 1m,5,97.43000030517578,97.56999969482422,93.91999816894531,95.13999938964844,31783,USD,,,,,,2026-06-03 22:00:00+00:00,2026-06-04 03:30:00+05:30,2026-06-04 18:25:00+00:00,2026-06-04 23:55:00+05:30,97.86000061035156,,Missing FX for INR conversion,False,True,-0.43000030517578125,-0.43940353821160316,,,False,abs_gap_pct_native>=2.0,3.6500015258789062,3.746280934461833,,,2.2900009155273438,2.350406351590345,DOWN,0.1399993896484375,1.220001220703125,33.424677005014495,False,True,False,False,False,0.0,,,-2.350406351590345,-2.7794821211307097,0.21183872522446953,0.5601931887514291,0.14369228082718202,-3.6025886536346508,2.5299435300681483,0.6273972488205797,4,2,,,,,,,,,,0.14369228082718202,-3.6025886536346508,,-2.350406351590345,,,0.14369228082718202,-3.6025886536346508,BRENT,yahoo_front_symbol_no_verified_roll_metadata,BZ=F,0.0,,yahoo_finance,https://finance.yahoo.com,UTC,yahoo_intraday_direct | bucket_complete_5m_for_5m | yahoo_intraday_direct | bucket_complete_1m_for_5m,MISSING_DAILY_FX
