trade_date_ist,instrument_name,market,contract_expiry_date,rolled_flag,roll_reference,source_resolution_used,source_resolution_minutes,coverage_method,open_native,high_native,low_native,close_native,volume,currency_native,open_inr,high_inr,low_inr,close_inr,fx_rate_used,open_time_original,open_time_ist,close_time_original,close_time_ist,prior_trading_day_close_native,prior_trading_day_close_inr,notes_data_quality,data_quality_flags,did_gap_up,did_gap_down,gap_abs_native,gap_pct_native,gap_abs_inr,gap_pct_inr,extreme_gap_flag,extreme_gap_threshold_method,day_range_abs_native,day_range_pct_native,day_range_abs_inr,day_range_pct_inr,body_abs_native,body_pct_native,body_direction,upper_wick_abs_native,lower_wick_abs_native,close_location_in_range_pct,closed_green,closed_red,inside_day_flag,outside_day_flag,doji_like_flag,intraday_reversal_flag,reversal_strength_score_1_to_5,follow_through_vs_gap_flag,net_day_return_pct,overnight_to_close_return_pct,europe_to_us_return_pct,us_to_settlement_return_pct,max_favorable_excursion_pct,max_adverse_excursion_pct,realized_vol_proxy,day_efficiency_ratio,trendiness_score_1_to_5,whipsaw_score_1_to_5,first_hour_range_inr,europe_open_hour_range_inr,us_open_hour_range_inr,full_day_range_inr,25pct_range_inr,50pct_range_inr,75pct_range_inr,max_up_move_from_open_inr,max_down_move_from_open_inr,max_up_move_from_open_pct,max_down_move_from_open_pct,close_from_open_inr,close_from_open_pct,mfe_inr,mae_inr,mfe_pct,mae_pct,symbol,contract_logic,contract_symbol,source_name,source_url,source_timezone
2026-03-02 00:00:00,WTI Crude Futures,NYMEX,,False,,1d,1440,yahoo_daily_endpoint_fallback,75.0,75.33000183,69.19999695,71.23000336,881329,USD,,,,,,2026-03-02 05:00:00+00:00,2026-03-02 10:30:00+05:30,2026-03-02 05:00:00+00:00,2026-03-02 10:30:00+05:30,,,Daily fallback used because no intraday bucket coverage was available for this trade date,DAILY_FALLBACK_NO_INTRADAY,False,False,,,,,False,abs_gap_pct_native>=2.0,6.130004883,8.173339844,,,3.769996643,5.026662191,DOWN,0.330001831,2.030006409,33.11590199,False,True,False,False,False,,,,-5.026662191,,,,,,,,2,2,,,,,,,,,,,,,,,,,,,,,,,
2026-03-03 00:00:00,WTI Crude Futures,NYMEX,,False,,1d,1440,yahoo_daily_endpoint_fallback,71.23000336,77.98000336,70.41000366,74.55999756,1009753,USD,,,,,,2026-03-03 05:00:00+00:00,2026-03-03 10:30:00+05:30,2026-03-03 05:00:00+00:00,2026-03-03 10:30:00+05:30,71.23000336,,Daily fallback used because no intraday bucket coverage was available for this trade date,DAILY_FALLBACK_NO_INTRADAY,False,False,0.0,0.0,,,False,abs_gap_pct_native>=2.0,7.569999695,10.62754364,,,3.329994202,4.67498813,UP,3.420005798,0.819999695,54.82158605,True,False,False,False,False,,,,4.67498813,4.67498813,,,,,,,2,2,,,,,,,,,,,,,,,,,,,,,,,
2026-03-04 00:00:00,WTI Crude Futures,NYMEX,,False,,1d,1440,yahoo_daily_endpoint_fallback,74.73999786,77.23000336,73.27999878,74.66000366,617822,USD,,,,,,2026-03-04 05:00:00+00:00,2026-03-04 10:30:00+05:30,2026-03-04 05:00:00+00:00,2026-03-04 10:30:00+05:30,74.55999756,,Daily fallback used because no intraday bucket coverage was available for this trade date,DAILY_FALLBACK_NO_INTRADAY,True,False,0.180000305,0.241416726,,,False,abs_gap_pct_native>=2.0,3.950004578,5.284994234,,,0.079994202,0.107029976,DOWN,2.490005493,1.380004883,34.93679199,False,True,True,False,True,,,,-0.107029976,0.134128362,,,,,,,2,2,,,,,,,,,,,,,,,,,,,,,,,
2026-03-05 00:00:00,WTI Crude Futures,NYMEX,,False,,1d,1440,yahoo_daily_endpoint_fallback,76.15000153,82.16000366,74.97000122,81.01000214,707030,USD,,,,,,2026-03-05 05:00:00+00:00,2026-03-05 10:30:00+05:30,2026-03-05 05:00:00+00:00,2026-03-05 10:30:00+05:30,74.66000366,,Daily fallback used because no intraday bucket coverage was available for this trade date,DAILY_FALLBACK_NO_INTRADAY,True,False,1.489997864,1.995710944,,,False,abs_gap_pct_native>=2.0,7.190002441,9.441894021,,,4.86000061,6.382141186,UP,1.150001526,1.180000305,84.00554749,True,False,False,False,False,,,,6.382141186,8.50522122,,,,,,,2,2,,,,,,,,,,,,,,,,,,,,,,,
2026-03-06 00:00:00,WTI Crude Futures,NYMEX,,False,,1d,1440,yahoo_daily_endpoint_fallback,79.08000183,92.61000061,78.23999786,90.90000153,996251,USD,,,,,,2026-03-06 05:00:00+00:00,2026-03-06 10:30:00+05:30,2026-03-06 05:00:00+00:00,2026-03-06 10:30:00+05:30,81.01000214,,Daily fallback used because no intraday bucket coverage was available for this trade date,DAILY_FALLBACK_NO_INTRADAY,False,True,-1.930000305,-2.382422237,,,True,abs_gap_pct_native>=2.0,14.37000275,18.17147498,,,11.81999969,14.94688849,UP,1.709999084,0.840003967,88.10021741,True,False,False,False,False,,,,14.94688849,12.20836826,,,,,,,2,2,,,,,,,,,,,,,,,,,,,,,,,
2026-03-09 00:00:00,WTI Crude Futures,NYMEX,,False,,1d,1440,yahoo_daily_endpoint_fallback,98.0,119.4800034,81.19000244,94.76999664,1107193,USD,,,,,,2026-03-09 04:00:00+00:00,2026-03-09 09:30:00+05:30,2026-03-09 04:00:00+00:00,2026-03-09 09:30:00+05:30,90.90000153,,Daily fallback used because no intraday bucket coverage was available for this trade date,DAILY_FALLBACK_NO_INTRADAY,True,False,7.099998474,7.810779268,,,True,abs_gap_pct_native>=2.0,38.29000092,39.07142951,,,3.230003357,3.295921793,DOWN,21.48000336,13.5799942,35.46616317,False,True,False,False,True,,,,-3.295921793,4.257420299,,,,,,,2,2,,,,,,,,,,,,,,,,,,,,,,,
2026-03-10 00:00:00,WTI Crude Futures,NYMEX,,False,,1d,1440,yahoo_daily_endpoint_fallback,85.75,91.48000336,76.73000336,83.44999695,801564,USD,,,,,,2026-03-10 04:00:00+00:00,2026-03-10 09:30:00+05:30,2026-03-10 04:00:00+00:00,2026-03-10 09:30:00+05:30,94.76999664,,Daily fallback used because no intraday bucket coverage was available for this trade date,DAILY_FALLBACK_NO_INTRADAY,False,True,-9.019996643,-9.517776683,,,True,abs_gap_pct_native>=2.0,14.75,17.20116618,,,2.300003052,2.682219302,DOWN,5.730003357,6.719993591,45.55927859,False,True,False,False,False,,,,-2.682219302,-11.94470834,,,,,,,2,2,,,,,,,,,,,,,,,,,,,,,,,
2026-03-11 00:00:00,WTI Crude Futures,NYMEX,,False,,1d,1440,yahoo_daily_endpoint_fallback,86.88999939,88.98999786,81.79000092,87.25,538020,USD,,,,,,2026-03-11 04:00:00+00:00,2026-03-11 09:30:00+05:30,2026-03-11 04:00:00+00:00,2026-03-11 09:30:00+05:30,83.44999695,,Daily fallback used because no intraday bucket coverage was available for this trade date,DAILY_FALLBACK_NO_INTRADAY,True,False,3.440002441,4.122231956,,,True,abs_gap_pct_native>=2.0,7.199996948,8.286335595,,,0.36000061,0.414317658,UP,1.739997864,5.099998474,75.83335276,True,False,True,False,True,,,,0.414317658,4.553628749,,,,,,,2,2,,,,,,,,,,,,,,,,,,,,,,,
2026-03-12 00:00:00,WTI Crude Futures,NYMEX,,False,,60m | 15m | 5m,60,yahoo_intraday_direct | bucket_complete_60m_for_60m | yahoo_intraday_direct | bucket_complete_15m_for_60m | yahoo_intraday_direct | bucket_complete_5m_for_60m | yahoo_intraday_direct | bucket_partial_5m_for_60m,92.52999878,97.19000244,89.87999725,96.38999939,375133,USD,,,,,,2026-03-12 07:00:00+00:00,2026-03-12 12:00:00+05:30,2026-03-12 20:30:00+00:00,2026-03-13 02:00:00+05:30,87.25,,Yahoo 60m history truncated by provider lookback window | Yahoo 15m history truncated by provider lookback window | Yahoo 5m history truncated by provider lookback window | Yahoo 5m history truncated by provider lookback window | Partial 5m coverage used for 60m bucket because no fuller finer bucket was available,YF_60M_LOOKBACK_TRUNCATED | YF_15M_LOOKBACK_TRUNCATED | YF_5M_LOOKBACK_TRUNCATED | YF_5M_LOOKBACK_TRUNCATED | PARTIAL_60M_BUCKET_FROM_5M,True,False,5.279998779,6.051574532,,,True,abs_gap_pct_native>=2.0,7.310005188,7.900146206,,,3.86000061,4.17162073,UP,0.800003052,2.650001526,89.05605357,True,False,False,False,False,1.0,,,4.17162073,10.475644,2.643794784,1.335152025,6.427948715,-1.576875215,4.240634111,0.693569917,4,2,,,,,,,,,,6.427948715,-1.576875215,,5.551905072,,,6.427948715,-1.576875215,,,,,,
2026-03-13 00:00:00,WTI Crude Futures,NYMEX,,False,,60m | 5m,60,yahoo_intraday_direct | bucket_complete_60m_for_60m | yahoo_intraday_direct | bucket_complete_5m_for_60m | yahoo_intraday_direct | bucket_partial_5m_for_60m,96.73999786,99.31999969,92.04000092,99.27999878,401297,USD,,,,,,2026-03-12 22:00:00+00:00,2026-03-13 03:00:00+05:30,2026-03-13 20:30:00+00:00,2026-03-14 02:00:00+05:30,96.38999939,,Yahoo 60m history truncated by provider lookback window | Yahoo 5m history truncated by provider lookback window | Yahoo 5m history truncated by provider lookback window | Partial 5m coverage used for 60m bucket because no fuller finer bucket was available,YF_60M_LOOKBACK_TRUNCATED | YF_5M_LOOKBACK_TRUNCATED | YF_5M_LOOKBACK_TRUNCATED | PARTIAL_60M_BUCKET_FROM_5M,True,False,0.349998474,0.363106626,,,False,abs_gap_pct_native>=2.0,7.279998779,7.525324519,,,2.540000916,2.625595381,UP,0.040000916,4.699996948,99.45053678,True,False,False,False,False,0.0,,,2.625595381,2.998235717,3.510648366,2.657429138,2.666944271,-4.858380248,4.316354605,0.348901283,3,4,,,,,,,,,,2.666944271,-4.858380248,,2.625595381,,,2.666944271,-4.858380248,,,,,,
2026-03-16 00:00:00,WTI Crude Futures,NYMEX,,False,,60m | 5m,60,yahoo_intraday_direct | bucket_complete_60m_for_60m | yahoo_intraday_direct | bucket_complete_5m_for_60m | yahoo_intraday_direct | bucket_partial_5m_for_60m,101.5800018,101.7600021,92.93000031,94.22000122,425022,USD,,,,,,2026-03-15 22:00:00+00:00,2026-03-16 03:00:00+05:30,2026-03-16 20:30:00+00:00,2026-03-17 02:00:00+05:30,99.27999878,,Yahoo 60m history truncated by provider lookback window | Yahoo 5m history truncated by provider lookback window | Yahoo 5m history truncated by provider lookback window | Partial 5m coverage used for 60m bucket because no fuller finer bucket was available,YF_60M_LOOKBACK_TRUNCATED | YF_5M_LOOKBACK_TRUNCATED | YF_5M_LOOKBACK_TRUNCATED | PARTIAL_60M_BUCKET_FROM_5M,True,False,2.300003052,2.316683199,,,True,abs_gap_pct_native>=2.0,8.830001831,8.692657681,,,7.36000061,7.245521242,DOWN,0.180000305,1.290000916,14.60929386,False,True,False,False,False,0.0,,,-7.245521242,-5.096693816,-3.103407128,0.255371202,0.177200534,-8.515457147,4.645794311,0.83352198,5,2,,,,,,,,,,0.177200534,-8.515457147,,-7.245521242,,,0.177200534,-8.515457147,,,,,,
2026-03-17 00:00:00,WTI Crude Futures,NYMEX,,False,,60m | 5m,60,yahoo_intraday_direct | bucket_complete_60m_for_60m | yahoo_intraday_direct | bucket_complete_5m_for_60m | yahoo_intraday_direct | bucket_partial_5m_for_60m,94.41000366,98.41999817,93.18000031,95.30000305,370298,USD,,,,,,2026-03-16 22:00:00+00:00,2026-03-17 03:00:00+05:30,2026-03-17 20:30:00+00:00,2026-03-18 02:00:00+05:30,94.22000122,,Yahoo 60m history truncated by provider lookback window | Yahoo 5m history truncated by provider lookback window | Yahoo 5m history truncated by provider lookback window | Partial 5m coverage used for 60m bucket because no fuller finer bucket was available,YF_60M_LOOKBACK_TRUNCATED | YF_5M_LOOKBACK_TRUNCATED | YF_5M_LOOKBACK_TRUNCATED | PARTIAL_60M_BUCKET_FROM_5M,True,False,0.190002441,0.201658288,,,False,abs_gap_pct_native>=2.0,5.239997864,5.550257028,,,0.88999939,0.942696065,UP,3.119995117,1.230003357,40.45808418,True,False,True,False,False,1.0,,,0.942696065,1.146255378,-1.247268433,0.305231985,4.247425433,-1.302831595,4.082738633,0.169847281,2,5,,,,,,,,,,4.247425433,-1.302831595,,0.942696065,,,4.247425433,-1.302831595,,,,,,
2026-03-18 00:00:00,WTI Crude Futures,NYMEX,,False,,60m | 5m,60,yahoo_intraday_direct | bucket_complete_60m_for_60m | yahoo_intraday_direct | bucket_complete_5m_for_60m | yahoo_intraday_direct | bucket_partial_5m_for_60m,95.26999664,99.77999878,91.44999695,99.05000305,588090,USD,,,,,,2026-03-17 22:00:00+00:00,2026-03-18 03:00:00+05:30,2026-03-18 20:30:00+00:00,2026-03-19 02:00:00+05:30,95.30000305,,Yahoo 60m history truncated by provider lookback window | Yahoo 5m history truncated by provider lookback window | Yahoo 5m history truncated by provider lookback window | Partial 5m coverage used for 60m bucket because no fuller finer bucket was available,YF_60M_LOOKBACK_TRUNCATED | YF_5M_LOOKBACK_TRUNCATED | YF_5M_LOOKBACK_TRUNCATED | PARTIAL_60M_BUCKET_FROM_5M,False,True,-0.030006409,-0.031486262,,,False,abs_gap_pct_native>=2.0,8.330001831,8.743573134,,,3.780006409,3.967677697,UP,0.729995728,3.819999695,91.23654781,True,False,False,True,False,1.0,,,3.967677697,3.934942162,2.761321099,1.97673824,4.733916548,-4.009656586,4.120777247,0.453782182,3,3,,,,,,,,,,4.733916548,-4.009656586,,3.967677697,,,4.733916548,-4.009656586,,,,,,
2026-03-19 00:00:00,WTI Crude Futures,NYMEX,,False,,60m | 5m,60,yahoo_intraday_direct | bucket_complete_60m_for_60m | yahoo_intraday_direct | bucket_complete_5m_for_60m | yahoo_intraday_direct | bucket_partial_5m_for_60m,98.05999756,100.4800034,92.09999847,94.58999634,690062,USD,,,,,,2026-03-18 22:00:00+00:00,2026-03-19 03:00:00+05:30,2026-03-19 20:30:00+00:00,2026-03-20 02:00:00+05:30,99.05000305,,Yahoo 60m history truncated by provider lookback window | Yahoo 5m history truncated by provider lookback window | Yahoo 5m history truncated by provider lookback window | Partial 5m coverage used for 60m bucket because no fuller finer bucket was available,YF_60M_LOOKBACK_TRUNCATED | YF_5M_LOOKBACK_TRUNCATED | YF_5M_LOOKBACK_TRUNCATED | PARTIAL_60M_BUCKET_FROM_5M,False,True,-0.990005493,-0.999500719,,,False,abs_gap_pct_native>=2.0,8.380004883,8.545793485,,,3.470001221,3.538651139,DOWN,2.420005798,2.489997864,29.71356101,False,True,False,False,False,1.0,,,-3.538651139,-4.502783015,-1.28311038,-0.849062028,2.467882785,-6.0779107,6.37208424,0.41408105,3,3,,,,,,,,,,2.467882785,-6.0779107,,-3.538651139,,,2.467882785,-6.0779107,,,,,,
2026-03-20 00:00:00,WTI Crude Futures,NYMEX,,False,,60m | 5m,60,yahoo_intraday_direct | bucket_complete_60m_for_60m | yahoo_intraday_direct | bucket_complete_5m_for_60m | yahoo_intraday_direct | bucket_partial_5m_for_60m,94.45999908,98.75,92.47000122,98.08999634,418494,USD,,,,,,2026-03-19 22:00:00+00:00,2026-03-20 03:00:00+05:30,2026-03-20 20:30:00+00:00,2026-03-21 02:00:00+05:30,94.58999634,,Yahoo 60m history truncated by provider lookback window | Yahoo 5m history truncated by provider lookback window | Yahoo 5m history truncated by provider lookback window | Partial 5m coverage used for 60m bucket because no fuller finer bucket was available,YF_60M_LOOKBACK_TRUNCATED | YF_5M_LOOKBACK_TRUNCATED | YF_5M_LOOKBACK_TRUNCATED | PARTIAL_60M_BUCKET_FROM_5M,False,True,-0.129997253,-0.137432349,,,False,abs_gap_pct_native>=2.0,6.279998779,6.64831552,,,3.629997253,3.842893594,UP,0.660003662,1.989997864,89.4903855,True,False,True,False,False,0.0,,,3.842893594,3.700179866,4.214885994,-0.071319602,4.541605925,-2.106709595,3.5004996,0.578025153,4,2,,,,,,,,,,4.541605925,-2.106709595,,3.842893594,,,4.541605925,-2.106709595,,,,,,
2026-03-23 00:00:00,WTI Crude Futures,NYMEX,,False,,60m | 5m,60,yahoo_intraday_direct | bucket_complete_60m_for_60m | yahoo_intraday_direct | bucket_complete_5m_for_60m | yahoo_intraday_direct | bucket_partial_5m_for_60m,98.51999664,101.6699982,84.37000275,88.87000275,627974,USD,,,,,,2026-03-22 22:00:00+00:00,2026-03-23 03:00:00+05:30,2026-03-23 20:30:00+00:00,2026-03-24 02:00:00+05:30,98.08999634,,Yahoo 60m history truncated by provider lookback window | Yahoo 5m history truncated by provider lookback window | Yahoo 5m history truncated by provider lookback window | Partial 5m coverage used for 60m bucket because no fuller finer bucket was available,YF_60M_LOOKBACK_TRUNCATED | YF_5M_LOOKBACK_TRUNCATED | YF_5M_LOOKBACK_TRUNCATED | PARTIAL_60M_BUCKET_FROM_5M,True,False,0.430000305,0.43837325,,,False,abs_gap_pct_native>=2.0,17.29999542,17.55988227,,,9.649993896,9.794959628,DOWN,3.150001526,4.5,26.01156758,False,True,False,True,False,1.0,,,-9.794959628,-9.39952486,-3.578375739,-0.358784265,3.197321999,-14.36256027,13.16358061,0.557803263,4,2,,,,,,,,,,3.197321999,-14.36256027,,-9.794959628,,,3.197321999,-14.36256027,,,,,,
2026-03-24 00:00:00,WTI Crude Futures,NYMEX,,False,,60m | 5m,60,yahoo_intraday_direct | bucket_complete_60m_for_60m | yahoo_intraday_direct | bucket_complete_5m_for_60m | yahoo_intraday_direct | bucket_partial_5m_for_60m,88.77999878,93.36000061,86.33999634,88.38999939,400387,USD,,,,,,2026-03-23 22:00:00+00:00,2026-03-24 03:00:00+05:30,2026-03-24 20:30:00+00:00,2026-03-25 02:00:00+05:30,88.87000275,,Yahoo 60m history truncated by provider lookback window | Yahoo 5m history truncated by provider lookback window | Yahoo 5m history truncated by provider lookback window | Partial 5m coverage used for 60m bucket because no fuller finer bucket was available,YF_60M_LOOKBACK_TRUNCATED | YF_5M_LOOKBACK_TRUNCATED | YF_5M_LOOKBACK_TRUNCATED | PARTIAL_60M_BUCKET_FROM_5M,False,True,-0.090003967,-0.101275981,,,False,abs_gap_pct_native>=2.0,7.020004272,7.907191224,,,0.38999939,0.439287447,DOWN,4.580001831,2.050003052,29.2023049,False,True,True,False,True,1.0,,,-0.439287447,-0.540118535,2.266972044,-4.88539858,5.158821687,-2.748369537,5.402536327,0.055555435,2,5,,,,,,,,,,5.158821687,-2.748369537,,-0.439287447,,,5.158821687,-2.748369537,,,,,,
2026-03-25 00:00:00,WTI Crude Futures,NYMEX,,False,,60m | 5m,60,yahoo_intraday_direct | bucket_complete_60m_for_60m | yahoo_intraday_direct | bucket_complete_5m_for_60m | yahoo_intraday_direct | bucket_partial_5m_for_60m,88.48999786,91.73000336,86.45999908,91.29000092,373362,USD,,,,,,2026-03-24 22:00:00+00:00,2026-03-25 03:00:00+05:30,2026-03-25 20:30:00+00:00,2026-03-26 02:00:00+05:30,88.38999939,,Yahoo 60m history truncated by provider lookback window | Yahoo 5m history truncated by provider lookback window | Yahoo 5m history truncated by provider lookback window | Partial 5m coverage used for 60m bucket because no fuller finer bucket was available,YF_60M_LOOKBACK_TRUNCATED | YF_5M_LOOKBACK_TRUNCATED | YF_5M_LOOKBACK_TRUNCATED | PARTIAL_60M_BUCKET_FROM_5M,True,False,0.099998474,0.113133244,,,False,abs_gap_pct_native>=2.0,5.270004272,5.955480167,,,2.800003052,3.16420287,UP,0.440002441,2.029998779,91.65081433,True,False,True,False,False,0.0,,,3.16420287,3.28091588,3.609903104,0.973340579,3.661436966,-2.294043201,4.351286301,0.531309446,4,2,,,,,,,,,,3.661436966,-2.294043201,,3.16420287,,,3.661436966,-2.294043201,,,,,,
2026-03-26 00:00:00,WTI Crude Futures,NYMEX,,False,,60m | 5m,60,yahoo_intraday_direct | bucket_complete_60m_for_60m | yahoo_intraday_direct | bucket_complete_5m_for_60m | yahoo_intraday_direct | bucket_partial_5m_for_60m,91.37999725,95.44000244,89.51000214,93.79000092,328873,USD,,,,,,2026-03-25 22:00:00+00:00,2026-03-26 03:00:00+05:30,2026-03-26 20:30:00+00:00,2026-03-27 02:00:00+05:30,91.29000092,,Yahoo 60m history truncated by provider lookback window | Yahoo 5m history truncated by provider lookback window | Yahoo 5m history truncated by provider lookback window | Partial 5m coverage used for 60m bucket because no fuller finer bucket was available,YF_60M_LOOKBACK_TRUNCATED | YF_5M_LOOKBACK_TRUNCATED | YF_5M_LOOKBACK_TRUNCATED | PARTIAL_60M_BUCKET_FROM_5M,True,False,0.089996338,0.098582908,,,False,abs_gap_pct_native>=2.0,5.930000305,6.489385515,,,2.410003662,2.637342673,UP,1.650001526,1.869995117,72.17535513,True,False,False,False,False,1.0,,,2.637342673,2.73852555,0.042249403,-0.960925092,4.442991147,-2.046394368,3.399970799,0.406408691,3,3,,,,,,,,,,4.442991147,-2.046394368,,2.637342673,,,4.442991147,-2.046394368,,,,,,
2026-03-27 00:00:00,WTI Crude Futures,NYMEX,,False,,60m | 5m,60,yahoo_intraday_direct | bucket_complete_60m_for_60m | yahoo_intraday_direct | bucket_complete_5m_for_60m | yahoo_intraday_direct | bucket_partial_5m_for_60m,93.30999756,101.2399979,92.08000183,101.1800003,338829,USD,,,,,,2026-03-26 22:00:00+00:00,2026-03-27 03:00:00+05:30,2026-03-27 20:30:00+00:00,2026-03-28 02:00:00+05:30,93.79000092,,Yahoo 60m history truncated by provider lookback window | Yahoo 5m history truncated by provider lookback window | Yahoo 5m history truncated by provider lookback window | Partial 5m coverage used for 60m bucket because no fuller finer bucket was available,YF_60M_LOOKBACK_TRUNCATED | YF_5M_LOOKBACK_TRUNCATED | YF_5M_LOOKBACK_TRUNCATED | PARTIAL_60M_BUCKET_FROM_5M,False,True,-0.480003357,-0.511785214,,,False,abs_gap_pct_native>=2.0,9.159996033,9.816735904,,,7.870002747,8.434254584,UP,0.059997559,1.229995728,99.34500454,True,False,False,False,False,1.0,,,8.434254584,7.879304102,2.090236222,2.55422314,8.498553759,-1.318182145,2.948078614,0.859170978,5,2,,,,,,,,,,8.498553759,-1.318182145,,8.434254584,,,8.498553759,-1.318182145,,,,,,
2026-03-30 00:00:00,WTI Crude Futures,NYMEX,,False,,60m | 5m,60,yahoo_intraday_direct | bucket_complete_60m_for_60m | yahoo_intraday_direct | bucket_complete_5m_for_60m | yahoo_intraday_direct | bucket_partial_5m_for_60m,103.0500031,105.3600006,99.43000031,105.0100021,344241,USD,,,,,,2026-03-29 22:00:00+00:00,2026-03-30 03:00:00+05:30,2026-03-30 20:30:00+00:00,2026-03-31 02:00:00+05:30,101.1800003,,Yahoo 60m history truncated by provider lookback window | Yahoo 5m history truncated by provider lookback window | Yahoo 5m history truncated by provider lookback window | Partial 5m coverage used for 60m bucket because no fuller finer bucket was available,YF_60M_LOOKBACK_TRUNCATED | YF_5M_LOOKBACK_TRUNCATED | YF_5M_LOOKBACK_TRUNCATED | PARTIAL_60M_BUCKET_FROM_5M,True,False,1.870002747,1.848194051,,,False,abs_gap_pct_native>=2.0,5.930000305,5.754488238,,,1.959999084,1.901988381,UP,0.349998474,3.620002747,94.09783379,True,False,False,False,False,1.0,,,1.901988381,3.785334868,2.205514503,1.616030441,2.241627841,-3.512860397,3.990889589,0.330522594,3,4,,,,,,,,,,2.241627841,-3.512860397,,1.901988381,,,2.241627841,-3.512860397,,,,,,
2026-03-31 00:00:00,WTI Crude Futures,NYMEX,,False,,60m | 5m,60,yahoo_intraday_direct | bucket_complete_60m_for_60m | yahoo_intraday_direct | bucket_complete_5m_for_60m | yahoo_intraday_direct | bucket_partial_5m_for_60m,105.0699997,106.8600006,99.62000275,101.5599976,472194,USD,,,,,,2026-03-30 22:00:00+00:00,2026-03-31 03:00:00+05:30,2026-03-31 20:30:00+00:00,2026-04-01 02:00:00+05:30,105.0100021,,Yahoo 60m history truncated by provider lookback window | Yahoo 5m history truncated by provider lookback window | Yahoo 5m history truncated by provider lookback window | Partial 5m coverage used for 60m bucket because no fuller finer bucket was available,YF_60M_LOOKBACK_TRUNCATED | YF_5M_LOOKBACK_TRUNCATED | YF_5M_LOOKBACK_TRUNCATED | PARTIAL_60M_BUCKET_FROM_5M,True,False,0.059997559,0.057135089,,,False,abs_gap_pct_native>=2.0,7.239997864,6.890642319,,,3.510002136,3.340632099,DOWN,1.790000916,1.939994812,26.79551636,False,True,False,False,False,0.0,,,-3.340632099,-3.285405683,-1.225444602,0.0,1.70362703,-5.187015289,5.798592292,0.484807068,3,3,,,,,,,,,,1.70362703,-5.187015289,,-3.340632099,,,1.70362703,-5.187015289,,,,,,
2026-04-01 00:00:00,WTI Crude Futures,NYMEX,,False,,60m | 5m,60,yahoo_intraday_direct | bucket_complete_60m_for_60m | yahoo_intraday_direct | bucket_complete_5m_for_60m | yahoo_intraday_direct | bucket_partial_5m_for_60m,101.7200012,103.3099976,96.5,98.91000366,386598,USD,,,,,,2026-03-31 22:00:00+00:00,2026-04-01 03:00:00+05:30,2026-04-01 20:30:00+00:00,2026-04-02 02:00:00+05:30,101.5599976,,Yahoo 60m history truncated by provider lookback window | Yahoo 5m history truncated by provider lookback window | Yahoo 5m history truncated by provider lookback window | Partial 5m coverage used for 60m bucket because no fuller finer bucket was available,YF_60M_LOOKBACK_TRUNCATED | YF_5M_LOOKBACK_TRUNCATED | YF_5M_LOOKBACK_TRUNCATED | PARTIAL_60M_BUCKET_FROM_5M,True,False,0.160003662,0.157545949,,,False,abs_gap_pct_native>=2.0,6.809997559,6.694846124,,,2.809997559,2.76248282,DOWN,1.589996338,2.410003662,35.38920009,False,True,False,False,False,1.0,,,-2.76248282,-2.609289051,0.526312376,-0.412803095,1.563110813,-5.131735311,4.817930226,0.412628277,3,3,,,,,,,,,,1.563110813,-5.131735311,,-2.76248282,,,1.563110813,-5.131735311,,,,,,
2026-04-02 00:00:00,WTI Crude Futures,NYMEX,,False,,60m | 5m,60,yahoo_intraday_direct | bucket_complete_60m_for_60m | yahoo_intraday_direct | bucket_complete_5m_for_60m | yahoo_intraday_direct | bucket_partial_5m_for_60m,98.91999817,113.9700012,97.5,112.0,513508,USD,,,,,,2026-04-01 22:00:00+00:00,2026-04-02 03:00:00+05:30,2026-04-02 20:30:00+00:00,2026-04-03 02:00:00+05:30,98.91000366,,Yahoo 60m history truncated by provider lookback window | Yahoo 5m history truncated by provider lookback window | Yahoo 5m history truncated by provider lookback window | Partial 5m coverage used for 60m bucket because no fuller finer bucket was available,YF_60M_LOOKBACK_TRUNCATED | YF_5M_LOOKBACK_TRUNCATED | YF_5M_LOOKBACK_TRUNCATED | PARTIAL_60M_BUCKET_FROM_5M,True,False,0.009994507,0.010104647,,,False,abs_gap_pct_native>=2.0,16.47000122,16.64981958,,,13.08000183,13.2228084,UP,1.970001221,1.419998169,88.03885201,True,False,False,False,False,1.0,,,13.2228084,13.23424917,1.229954854,0.801007456,15.21431796,-1.435501613,6.29501768,0.794171273,5,2,,,,,,,,,,15.21431796,-1.435501613,,13.2228084,,,15.21431796,-1.435501613,,,,,,
2026-04-06 00:00:00,WTI Crude Futures,NYMEX,,False,,60m | 5m,60,yahoo_intraday_direct | bucket_complete_60m_for_60m | yahoo_intraday_direct | bucket_complete_5m_for_60m | yahoo_intraday_direct | bucket_partial_5m_for_60m,112.9599991,115.4800034,108.8899994,112.6100006,244917,USD,,,,,,2026-04-05 22:00:00+00:00,2026-04-06 03:00:00+05:30,2026-04-06 20:30:00+00:00,2026-04-07 02:00:00+05:30,112.0,,Yahoo 60m history truncated by provider lookback window | Yahoo 5m history truncated by provider lookback window | Yahoo 5m history truncated by provider lookback window | Partial 5m coverage used for 60m bucket because no fuller finer bucket was available,YF_60M_LOOKBACK_TRUNCATED | YF_5M_LOOKBACK_TRUNCATED | YF_5M_LOOKBACK_TRUNCATED | PARTIAL_60M_BUCKET_FROM_5M,True,False,0.959999084,0.85714204,,,False,abs_gap_pct_native>=2.0,6.590003967,5.833927072,,,0.349998474,0.309842844,DOWN,2.520004272,3.720001221,56.44914994,False,True,False,False,True,1.0,,,-0.309842844,0.544643402,2.542676492,-0.274528484,2.230881987,-3.603045085,4.690135046,0.05311051,2,5,,,,,,,,,,2.230881987,-3.603045085,,-0.309842844,,,2.230881987,-3.603045085,,,,,,
2026-04-07 00:00:00,WTI Crude Futures,NYMEX,,False,,60m | 5m | 15m,60,yahoo_intraday_direct | bucket_complete_60m_for_60m | yahoo_intraday_direct | bucket_complete_5m_for_60m | yahoo_intraday_direct | bucket_complete_15m_for_60m | yahoo_intraday_direct | bucket_partial_5m_for_60m,112.6200027,117.6299973,109.1999969,110.3399963,397988,USD,,,,,,2026-04-06 22:00:00+00:00,2026-04-07 03:00:00+05:30,2026-04-07 20:30:00+00:00,2026-04-08 02:00:00+05:30,112.6100006,,Yahoo 60m history truncated by provider lookback window | Yahoo 5m history truncated by provider lookback window | Yahoo 15m history truncated by provider lookback window | Yahoo 5m history truncated by provider lookback window | Partial 5m coverage used for 60m bucket because no fuller finer bucket was available,YF_60M_LOOKBACK_TRUNCATED | YF_5M_LOOKBACK_TRUNCATED | YF_15M_LOOKBACK_TRUNCATED | YF_5M_LOOKBACK_TRUNCATED | PARTIAL_60M_BUCKET_FROM_5M,True,False,0.010002136,0.008882103,,,False,abs_gap_pct_native>=2.0,8.430000305,7.48534905,,,2.280006409,2.024512833,DOWN,5.009994507,1.13999939,13.52312394,False,True,False,False,False,1.0,,,-2.024512833,-2.01581055,-0.353994158,-4.393039739,4.448583187,-3.036765863,4.921064937,0.270463384,3,4,,,,,,,,,,4.448583187,-3.036765863,,-2.024512833,,,4.448583187,-3.036765863,,,,,,
2026-04-08 00:00:00,WTI Crude Futures,NYMEX,,False,,60m | 5m,60,yahoo_intraday_direct | bucket_complete_60m_for_60m | yahoo_intraday_direct | bucket_complete_5m_for_60m | yahoo_intraday_direct | bucket_partial_5m_for_60m,108.7399979,109.1900024,91.05000305,96.5,548071,USD,,,,,,2026-04-07 22:00:00+00:00,2026-04-08 03:00:00+05:30,2026-04-08 20:30:00+00:00,2026-04-09 02:00:00+05:30,110.3399963,,Yahoo 60m history truncated by provider lookback window | Yahoo 5m history truncated by provider lookback window | Yahoo 5m history truncated by provider lookback window | Partial 5m coverage used for 60m bucket because no fuller finer bucket was available,YF_60M_LOOKBACK_TRUNCATED | YF_5M_LOOKBACK_TRUNCATED | YF_5M_LOOKBACK_TRUNCATED | PARTIAL_60M_BUCKET_FROM_5M,False,True,-1.599998474,-1.450062106,,,False,abs_gap_pct_native>=2.0,18.13999939,16.68199351,,,12.23999786,11.25620572,DOWN,0.450004578,5.449996948,30.04408562,False,True,False,False,False,0.0,,,-11.25620572,-12.54304586,2.863268814,0.604672479,0.413835375,-16.26815814,10.10628191,0.674751834,4,2,,,,,,,,,,0.413835375,-16.26815814,,-11.25620572,,,0.413835375,-16.26815814,,,,,,
2026-04-09 00:00:00,WTI Crude Futures,NYMEX,,False,,60m | 5m,60,yahoo_intraday_direct | bucket_complete_60m_for_60m | yahoo_intraday_direct | bucket_complete_5m_for_60m | yahoo_intraday_direct | bucket_partial_5m_for_60m,96.77999878,102.6999969,95.25,97.98000336,392995,USD,,,,,,2026-04-08 22:00:00+00:00,2026-04-09 03:00:00+05:30,2026-04-09 20:30:00+00:00,2026-04-10 02:00:00+05:30,96.5,,Yahoo 60m history truncated by provider lookback window | Yahoo 5m history truncated by provider lookback window | Yahoo 5m history truncated by provider lookback window | Partial 5m coverage used for 60m bucket because no fuller finer bucket was available,YF_60M_LOOKBACK_TRUNCATED | YF_5M_LOOKBACK_TRUNCATED | YF_5M_LOOKBACK_TRUNCATED | PARTIAL_60M_BUCKET_FROM_5M,True,False,0.279998779,0.290154175,,,False,abs_gap_pct_native>=2.0,7.449996948,7.697868405,,,1.200004578,1.23993035,UP,4.719993591,1.529998779,36.64435537,True,False,True,False,False,1.0,,,1.23993035,1.533682235,-2.315939502,1.439079689,6.116964501,-1.580903904,4.545884788,0.161074506,2,5,,,,,,,,,,6.116964501,-1.580903904,,1.23993035,,,6.116964501,-1.580903904,,,,,,
2026-04-10 00:00:00,WTI Crude Futures,NYMEX,,False,,60m | 5m,60,yahoo_intraday_direct | bucket_complete_60m_for_60m | yahoo_intraday_direct | bucket_complete_5m_for_60m | yahoo_intraday_direct | bucket_partial_5m_for_60m,98.23000336,100.4199982,95.51000214,96.56999969,280667,USD,,,,,,2026-04-09 22:00:00+00:00,2026-04-10 03:00:00+05:30,2026-04-10 20:30:00+00:00,2026-04-11 02:00:00+05:30,97.98000336,,Yahoo 60m history truncated by provider lookback window | Yahoo 5m history truncated by provider lookback window | Yahoo 5m history truncated by provider lookback window | Partial 5m coverage used for 60m bucket because no fuller finer bucket was available,YF_60M_LOOKBACK_TRUNCATED | YF_5M_LOOKBACK_TRUNCATED | YF_5M_LOOKBACK_TRUNCATED | PARTIAL_60M_BUCKET_FROM_5M,True,False,0.25,0.255154104,,,False,abs_gap_pct_native>=2.0,4.909996033,4.998468762,,,1.660003662,1.689915103,DOWN,2.189994812,1.059997559,21.58856243,False,True,True,False,False,0.0,,,-1.689915103,-1.439072886,0.265064885,-1.809861522,2.22945611,-2.769012652,3.652301803,0.338086559,3,4,,,,,,,,,,2.22945611,-2.769012652,,-1.689915103,,,2.22945611,-2.769012652,,,,,,
2026-04-13 00:00:00,WTI Crude Futures,NYMEX,,False,,60m | 5m,60,yahoo_intraday_direct | bucket_complete_60m_for_60m | yahoo_intraday_direct | bucket_complete_5m_for_60m | yahoo_intraday_direct | bucket_partial_5m_for_60m,104.8499985,105.6299973,97.02999878,98.01000214,305517,USD,,,,,,2026-04-12 22:00:00+00:00,2026-04-13 03:00:00+05:30,2026-04-13 20:30:00+00:00,2026-04-14 02:00:00+05:30,96.56999969,,Yahoo 60m history truncated by provider lookback window | Yahoo 5m history truncated by provider lookback window | Yahoo 5m history truncated by provider lookback window | Partial 5m coverage used for 60m bucket because no fuller finer bucket was available,YF_60M_LOOKBACK_TRUNCATED | YF_5M_LOOKBACK_TRUNCATED | YF_5M_LOOKBACK_TRUNCATED | PARTIAL_60M_BUCKET_FROM_5M,True,False,8.279998779,8.574090096,,,True,abs_gap_pct_native>=2.0,8.599998474,8.202192274,,,6.839996338,6.523601752,DOWN,0.779998779,0.980003357,11.39538989,False,True,False,False,False,0.0,,,-6.523601752,1.491148852,-4.882490492,-1.159743327,0.743918732,-7.458273542,3.694185276,0.795348552,5,2,,,,,,,,,,0.743918732,-7.458273542,,-6.523601752,,,0.743918732,-7.458273542,,,,,,
2026-04-14 00:00:00,WTI Crude Futures,NYMEX,,False,,60m | 5m,60,yahoo_intraday_direct | bucket_complete_60m_for_60m | yahoo_intraday_direct | bucket_complete_5m_for_60m | yahoo_intraday_direct | bucket_partial_5m_for_60m,97.98999786,98.0,91.05999756,92.06999969,269122,USD,,,,,,2026-04-13 22:00:00+00:00,2026-04-14 03:00:00+05:30,2026-04-14 20:30:00+00:00,2026-04-15 02:00:00+05:30,98.01000214,,Yahoo 60m history truncated by provider lookback window | Yahoo 5m history truncated by provider lookback window | Yahoo 5m history truncated by provider lookback window | Partial 5m coverage used for 60m bucket because no fuller finer bucket was available,YF_60M_LOOKBACK_TRUNCATED | YF_5M_LOOKBACK_TRUNCATED | YF_5M_LOOKBACK_TRUNCATED | PARTIAL_60M_BUCKET_FROM_5M,False,True,-0.020004272,-0.02041044,,,False,abs_gap_pct_native>=2.0,6.940002441,7.082357988,,,5.919998169,6.041431062,DOWN,0.010002136,1.010002136,14.55333978,False,True,False,False,False,0.0,,,-6.041431062,-6.060608419,-4.845678223,-0.454101177,0.010207303,-7.072150685,4.4328083,0.853025373,5,2,,,,,,,,,,0.010207303,-7.072150685,,-6.041431062,,,0.010207303,-7.072150685,,,,,,
2026-04-15 00:00:00,WTI Crude Futures,NYMEX,,False,,60m | 5m,60,yahoo_intraday_direct | bucket_complete_60m_for_60m | yahoo_intraday_direct | bucket_complete_5m_for_60m | yahoo_intraday_direct | bucket_partial_5m_for_60m,92.01999664,93.30000305,86.95999908,91.38999939,214638,USD,,,,,,2026-04-14 22:00:00+00:00,2026-04-15 03:00:00+05:30,2026-04-15 20:30:00+00:00,2026-04-16 02:00:00+05:30,92.06999969,,Yahoo 60m history truncated by provider lookback window | Yahoo 5m history truncated by provider lookback window | Yahoo 5m history truncated by provider lookback window | Partial 5m coverage used for 60m bucket because no fuller finer bucket was available,YF_60M_LOOKBACK_TRUNCATED | YF_5M_LOOKBACK_TRUNCATED | YF_5M_LOOKBACK_TRUNCATED | PARTIAL_60M_BUCKET_FROM_5M,False,True,-0.050003052,-0.054309821,,,False,abs_gap_pct_native>=2.0,6.340003967,6.889811126,,,0.629997253,0.684630815,DOWN,1.280006409,4.430000305,69.87377812,False,True,False,False,True,0.0,,,-0.684630815,-0.738568814,-0.076343868,-0.251040548,1.391008971,-5.498802155,4.863763564,0.09936859,2,5,,,,,,,,,,1.391008971,-5.498802155,,-0.684630815,,,1.391008971,-5.498802155,,,,,,
2026-04-16 00:00:00,WTI Crude Futures,NYMEX,,False,,60m | 5m | 1m,60,yahoo_intraday_direct | bucket_complete_60m_for_60m | yahoo_intraday_direct | bucket_complete_5m_for_60m | yahoo_intraday_direct | bucket_complete_1m_for_60m | yahoo_intraday_direct | bucket_partial_1m_for_60m,91.47000122,92.15000153,88.16000366,89.65000153,220243,USD,,,,,,2026-04-15 22:00:00+00:00,2026-04-16 03:00:00+05:30,2026-04-16 20:30:00+00:00,2026-04-17 02:00:00+05:30,91.38999939,,Yahoo 60m history truncated by provider lookback window | Yahoo 5m history truncated by provider lookback window | Yahoo 1m history truncated by provider lookback window | Yahoo 1m history truncated by provider lookback window | Partial 1m coverage used for 60m bucket because no fuller finer bucket was available,YF_60M_LOOKBACK_TRUNCATED | YF_5M_LOOKBACK_TRUNCATED | YF_1M_LOOKBACK_TRUNCATED | YF_1M_LOOKBACK_TRUNCATED | PARTIAL_60M_BUCKET_FROM_1M,True,False,0.080001831,0.087538934,,,False,abs_gap_pct_native>=2.0,3.989997864,4.362083536,,,1.819999695,1.989723046,DOWN,0.680000305,1.489997864,37.34332485,False,True,True,False,False,0.0,,,-1.989723046,-1.903925895,3.182843954,-1.936115378,0.743413465,-3.618670072,4.35291308,0.456140519,3,3,,,,,,,,,,0.743413465,-3.618670072,,-1.989723046,,,0.743413465,-3.618670072,,,,,,
2026-04-17 00:00:00,WTI Crude Futures,NYMEX,,False,,60m | 1m | 5m,60,yahoo_intraday_direct | bucket_complete_60m_for_60m | yahoo_intraday_direct | bucket_complete_1m_for_60m | yahoo_intraday_direct | bucket_complete_5m_for_60m | yahoo_intraday_direct | bucket_partial_1m_for_60m,89.72000122,90.33999634,78.97000122,82.58999634,451662,USD,,,,,,2026-04-16 22:00:00+00:00,2026-04-17 03:00:00+05:30,2026-04-17 20:30:00+00:00,2026-04-18 02:00:00+05:30,89.65000153,,Yahoo 60m history truncated by provider lookback window | Yahoo 1m history truncated by provider lookback window | Yahoo 5m history truncated by provider lookback window | Yahoo 1m history truncated by provider lookback window | Partial 1m coverage used for 60m bucket because no fuller finer bucket was available,YF_60M_LOOKBACK_TRUNCATED | YF_1M_LOOKBACK_TRUNCATED | YF_5M_LOOKBACK_TRUNCATED | YF_1M_LOOKBACK_TRUNCATED | PARTIAL_60M_BUCKET_FROM_1M,True,False,0.069999695,0.078081086,,,False,abs_gap_pct_native>=2.0,11.36999512,12.67275408,,,7.130004883,7.946951389,DOWN,0.619995117,3.619995117,31.83814135,False,True,False,False,False,1.0,,,-7.946951389,-7.875075368,-5.556826541,-0.217470475,0.691033336,-11.98172075,7.055940643,0.627089529,4,2,,,,,,,,,,0.691033336,-11.98172075,,-7.946951389,,,0.691033336,-11.98172075,,,,,,
2026-04-20 00:00:00,WTI Crude Futures,NYMEX,,False,,60m | 15m | 1m,60,yahoo_intraday_direct | bucket_complete_60m_for_60m | yahoo_intraday_direct | bucket_complete_15m_for_60m | yahoo_intraday_direct | bucket_complete_1m_for_60m | yahoo_intraday_direct | bucket_partial_1m_for_60m,82.58999634,87.98000336,82.58999634,85.88999939,230127,USD,,,,,,2026-04-20 09:00:00+00:00,2026-04-20 14:00:00+05:30,2026-04-20 20:30:00+00:00,2026-04-21 02:00:00+05:30,82.58999634,,Yahoo 60m history truncated by provider lookback window | Yahoo 15m history truncated by provider lookback window | Yahoo 1m history truncated by provider lookback window | Yahoo 1m history truncated by provider lookback window | Partial 1m coverage used for 60m bucket because no fuller finer bucket was available,YF_60M_LOOKBACK_TRUNCATED | YF_15M_LOOKBACK_TRUNCATED | YF_1M_LOOKBACK_TRUNCATED | YF_1M_LOOKBACK_TRUNCATED | PARTIAL_60M_BUCKET_FROM_1M,False,False,0.0,0.0,,,False,abs_gap_pct_native>=2.0,5.390007019,6.526222615,,,3.300003052,3.995644991,UP,2.090003967,0.0,61.22446669,True,False,True,False,False,0.0,,,3.995644991,3.995644991,0.734786913,-2.108500706,6.526222615,0.0,2.664470887,0.612244667,4,2,,,,,,,,,,6.526222615,0.0,,3.995644991,,,6.526222615,0.0,,,,,,
2026-04-21 00:00:00,WTI Crude Futures,NYMEX,,False,,60m | 5m | 1m | 15m,60,yahoo_intraday_direct | bucket_complete_60m_for_60m | yahoo_intraday_direct | bucket_complete_5m_for_60m | yahoo_intraday_direct | bucket_complete_1m_for_60m | yahoo_intraday_direct | bucket_complete_15m_for_60m | yahoo_intraday_direct | bucket_partial_1m_for_60m,85.81999969,92.23000336,85.5,90.22000122,364078,USD,,,,,,2026-04-20 22:00:00+00:00,2026-04-21 03:00:00+05:30,2026-04-21 20:30:00+00:00,2026-04-22 02:00:00+05:30,85.88999939,,Yahoo 60m history truncated by provider lookback window | Yahoo 5m history truncated by provider lookback window | Yahoo 1m history truncated by provider lookback window | Yahoo 15m history truncated by provider lookback window | Yahoo 1m history truncated by provider lookback window | Partial 1m coverage used for 60m bucket because no fuller finer bucket was available,YF_60M_LOOKBACK_TRUNCATED | YF_5M_LOOKBACK_TRUNCATED | YF_1M_LOOKBACK_TRUNCATED | YF_15M_LOOKBACK_TRUNCATED | YF_1M_LOOKBACK_TRUNCATED | PARTIAL_60M_BUCKET_FROM_1M,False,True,-0.069999695,-0.081499238,,,False,abs_gap_pct_native>=2.0,6.730003357,7.841998812,,,4.400001526,5.127011817,UP,2.010002136,0.319999695,70.13371272,True,False,False,False,False,0.0,,,5.127011817,5.041334104,3.984015896,-0.95509403,7.469125711,-0.372873102,5.731654732,0.653788905,4,2,,,,,,,,,,7.469125711,-0.372873102,,5.127011817,,,7.469125711,-0.372873102,,,,,,
2026-04-22 00:00:00,WTI Crude Futures,NYMEX,,False,,60m | 1m | 5m,60,yahoo_intraday_direct | bucket_complete_60m_for_60m | yahoo_intraday_direct | bucket_complete_1m_for_60m | yahoo_intraday_direct | bucket_complete_5m_for_60m | yahoo_intraday_direct | bucket_partial_1m_for_60m,90.0,93.73000336,87.63999939,92.87000275,278838,USD,,,,,,2026-04-21 22:00:00+00:00,2026-04-22 03:00:00+05:30,2026-04-22 20:30:00+00:00,2026-04-23 02:00:00+05:30,90.22000122,,Yahoo 60m history truncated by provider lookback window | Yahoo 1m history truncated by provider lookback window | Yahoo 5m history truncated by provider lookback window | Yahoo 1m history truncated by provider lookback window | Partial 1m coverage used for 60m bucket because no fuller finer bucket was available,YF_60M_LOOKBACK_TRUNCATED | YF_1M_LOOKBACK_TRUNCATED | YF_5M_LOOKBACK_TRUNCATED | YF_1M_LOOKBACK_TRUNCATED | PARTIAL_60M_BUCKET_FROM_1M,False,True,-0.220001221,-0.24384972,,,False,abs_gap_pct_native>=2.0,6.090003967,6.766671075,,,2.870002747,3.188891941,UP,0.86000061,2.36000061,85.8784885,True,False,False,False,False,0.0,,,3.188891941,2.937266116,3.114951321,-0.161249088,4.144448174,-2.6222229,3.268580315,0.471264512,3,3,,,,,,,,,,4.144448174,-2.6222229,,3.188891941,,,4.144448174,-2.6222229,,,,,,
2026-04-23 00:00:00,WTI Crude Futures,NYMEX,,False,,60m | 5m | 1m,60,yahoo_intraday_direct | bucket_complete_60m_for_60m | yahoo_intraday_direct | bucket_complete_5m_for_60m | yahoo_intraday_direct | bucket_complete_1m_for_60m | yahoo_intraday_direct | bucket_partial_1m_for_60m,92.90000153,98.38999939,92.30000305,97.0,345013,USD,,,,,,2026-04-22 22:00:00+00:00,2026-04-23 03:00:00+05:30,2026-04-23 20:30:00+00:00,2026-04-24 02:00:00+05:30,92.87000275,,Yahoo 60m history truncated by provider lookback window | Yahoo 5m history truncated by provider lookback window | Yahoo 1m history truncated by provider lookback window | Yahoo 1m history truncated by provider lookback window | Partial 1m coverage used for 60m bucket because no fuller finer bucket was available,YF_60M_LOOKBACK_TRUNCATED | YF_5M_LOOKBACK_TRUNCATED | YF_1M_LOOKBACK_TRUNCATED | YF_1M_LOOKBACK_TRUNCATED | PARTIAL_60M_BUCKET_FROM_1M,True,False,0.029998779,0.032301904,,,False,abs_gap_pct_native>=2.0,6.089996338,6.555431903,,,4.099998474,4.413345971,UP,1.38999939,0.599998474,77.17569416,True,False,False,False,False,1.0,,,4.413345971,4.44707347,3.731907085,0.279123988,5.909577797,-0.645854106,5.795169525,0.673234965,4,2,,,,,,,,,,5.909577797,-0.645854106,,4.413345971,,,5.909577797,-0.645854106,,,,,,
2026-04-24 00:00:00,WTI Crude Futures,NYMEX,,False,,60m | 5m | 1m,60,yahoo_intraday_direct | bucket_complete_60m_for_60m | yahoo_intraday_direct | bucket_complete_5m_for_60m | yahoo_intraday_direct | bucket_complete_1m_for_60m | yahoo_intraday_direct | bucket_partial_1m_for_60m,96.62000275,97.84999847,92.68000031,94.40000153,306013,USD,,,,,,2026-04-23 22:00:00+00:00,2026-04-24 03:00:00+05:30,2026-04-24 20:30:00+00:00,2026-04-25 02:00:00+05:30,97.0,,Yahoo 60m history truncated by provider lookback window | Yahoo 5m history truncated by provider lookback window | Yahoo 1m history truncated by provider lookback window | Yahoo 1m history truncated by provider lookback window | Partial 1m coverage used for 60m bucket because no fuller finer bucket was available,YF_60M_LOOKBACK_TRUNCATED | YF_5M_LOOKBACK_TRUNCATED | YF_1M_LOOKBACK_TRUNCATED | YF_1M_LOOKBACK_TRUNCATED | PARTIAL_60M_BUCKET_FROM_1M,False,True,-0.379997253,-0.391749746,,,False,abs_gap_pct_native>=2.0,5.169998169,5.350856988,,,2.220001221,2.297662138,DOWN,1.229995728,1.720001221,33.26889419,False,True,True,False,False,0.0,,,-2.297662138,-2.680410798,-0.624474964,0.543191117,1.2730239,-4.077833088,4.354582502,0.429400775,3,3,,,,,,,,,,1.2730239,-4.077833088,,-2.297662138,,,1.2730239,-4.077833088,,,,,,
2026-04-27 00:00:00,WTI Crude Futures,NYMEX,,False,,60m | 1m | 5m,60,yahoo_intraday_direct | bucket_complete_60m_for_60m | yahoo_intraday_direct | bucket_complete_1m_for_60m | yahoo_intraday_direct | bucket_complete_5m_for_60m | yahoo_intraday_direct | bucket_partial_1m_for_60m,96.34999847,97.66999817,94.58999634,96.68000031,194826,USD,,,,,,2026-04-26 22:00:00+00:00,2026-04-27 03:00:00+05:30,2026-04-27 20:30:00+00:00,2026-04-28 02:00:00+05:30,94.40000153,,Yahoo 60m history truncated by provider lookback window | Yahoo 1m history truncated by provider lookback window | Yahoo 5m history truncated by provider lookback window | Yahoo 1m history truncated by provider lookback window | Partial 1m coverage used for 60m bucket because no fuller finer bucket was available,YF_60M_LOOKBACK_TRUNCATED | YF_1M_LOOKBACK_TRUNCATED | YF_5M_LOOKBACK_TRUNCATED | YF_1M_LOOKBACK_TRUNCATED | PARTIAL_60M_BUCKET_FROM_1M,True,False,1.949996948,2.0656747,,,True,abs_gap_pct_native>=2.0,3.080001831,3.196680726,,,0.330001831,0.342503203,UP,0.989997864,1.760002136,67.85723132,True,False,True,False,False,0.0,,,0.342503203,2.415252905,1.850491142,-0.19614167,1.370004894,-1.826675832,2.740520683,0.107143388,2,5,,,,,,,,,,1.370004894,-1.826675832,,0.342503203,,,1.370004894,-1.826675832,,,,,,
2026-04-28 00:00:00,WTI Crude Futures,NYMEX,,False,,60m | 5m | 1m,60,yahoo_intraday_direct | bucket_complete_60m_for_60m | yahoo_intraday_direct | bucket_complete_5m_for_60m | yahoo_intraday_direct | bucket_complete_1m_for_60m | yahoo_intraday_direct | bucket_partial_1m_for_60m,96.66999817,101.8499985,96.23999786,99.62000275,256648,USD,,,,,,2026-04-27 22:00:00+00:00,2026-04-28 03:00:00+05:30,2026-04-28 20:30:00+00:00,2026-04-29 02:00:00+05:30,96.68000031,,Yahoo 60m history truncated by provider lookback window | Yahoo 5m history truncated by provider lookback window | Yahoo 1m history truncated by provider lookback window | Yahoo 1m history truncated by provider lookback window | Partial 1m coverage used for 60m bucket because no fuller finer bucket was available,YF_60M_LOOKBACK_TRUNCATED | YF_5M_LOOKBACK_TRUNCATED | YF_1M_LOOKBACK_TRUNCATED | YF_1M_LOOKBACK_TRUNCATED | PARTIAL_60M_BUCKET_FROM_1M,False,True,-0.010002136,-0.01034561,,,False,abs_gap_pct_native>=2.0,5.61000061,5.803248905,,,2.950004578,3.051623703,UP,2.229995728,0.430000305,60.24963485,True,False,False,False,False,1.0,,,3.051623703,3.040962383,-0.869054774,-0.757117481,5.358436333,-0.444812572,3.274604843,0.525847461,4,2,,,,,,,,,,5.358436333,-0.444812572,,3.051623703,,,5.358436333,-0.444812572,,,,,,
2026-04-29 00:00:00,WTI Crude Futures,NYMEX,,False,,60m | 5m | 1m,60,yahoo_intraday_direct | bucket_complete_60m_for_60m | yahoo_intraday_direct | bucket_complete_5m_for_60m | yahoo_intraday_direct | bucket_complete_1m_for_60m | yahoo_intraday_direct | bucket_partial_1m_for_60m,99.70999908,108.5999985,98.41999817,108.4899979,293762,USD,,,,,,2026-04-28 22:00:00+00:00,2026-04-29 03:00:00+05:30,2026-04-29 20:30:00+00:00,2026-04-30 02:00:00+05:30,99.62000275,,Yahoo 60m history truncated by provider lookback window | Yahoo 5m history truncated by provider lookback window | Yahoo 1m history truncated by provider lookback window | Yahoo 1m history truncated by provider lookback window | Partial 1m coverage used for 60m bucket because no fuller finer bucket was available,YF_60M_LOOKBACK_TRUNCATED | YF_5M_LOOKBACK_TRUNCATED | YF_1M_LOOKBACK_TRUNCATED | YF_1M_LOOKBACK_TRUNCATED | PARTIAL_60M_BUCKET_FROM_1M,True,False,0.089996338,0.090339626,,,False,abs_gap_pct_native>=2.0,10.18000031,10.20960826,,,8.779998779,8.805534911,UP,0.11000061,1.290000916,98.91944394,True,False,False,False,False,1.0,,,8.805534911,8.903829424,3.297868455,1.572886756,8.915855452,-1.293752811,3.184875096,0.862475296,5,2,,,,,,,,,,8.915855452,-1.293752811,,8.805534911,,,8.915855452,-1.293752811,,,,,,
2026-04-30 00:00:00,WTI Crude Futures,NYMEX,,False,,60m | 1m | 5m,60,yahoo_intraday_direct | bucket_complete_60m_for_60m | yahoo_intraday_direct | bucket_complete_1m_for_60m | yahoo_intraday_direct | bucket_complete_5m_for_60m | yahoo_intraday_direct | bucket_partial_1m_for_60m,109.0699997,110.9300003,103.3399963,105.4100037,313879,USD,,,,,,2026-04-29 22:00:00+00:00,2026-04-30 03:00:00+05:30,2026-04-30 20:30:00+00:00,2026-05-01 02:00:00+05:30,108.4899979,,Yahoo 60m history truncated by provider lookback window | Yahoo 1m history truncated by provider lookback window | Yahoo 5m history truncated by provider lookback window | Yahoo 1m history truncated by provider lookback window | Partial 1m coverage used for 60m bucket because no fuller finer bucket was available,YF_60M_LOOKBACK_TRUNCATED | YF_1M_LOOKBACK_TRUNCATED | YF_5M_LOOKBACK_TRUNCATED | YF_1M_LOOKBACK_TRUNCATED | PARTIAL_60M_BUCKET_FROM_1M,True,False,0.580001831,0.534613183,,,False,abs_gap_pct_native>=2.0,7.590003967,6.958837433,,,3.659996033,3.355639537,DOWN,1.86000061,2.070007324,27.27280952,False,True,False,False,False,0.0,,,-3.355639537,-2.838966045,-0.009568675,0.851518415,1.705327419,-5.253510015,4.709465653,0.482212664,3,3,,,,,,,,,,1.705327419,-5.253510015,,-3.355639537,,,1.705327419,-5.253510015,,,,,,
2026-05-01 00:00:00,WTI Crude Futures,NYMEX,,False,,60m | 5m | 1m,60,yahoo_intraday_direct | bucket_complete_60m_for_60m | yahoo_intraday_direct | bucket_complete_5m_for_60m | yahoo_intraday_direct | bucket_complete_1m_for_60m | yahoo_intraday_direct | bucket_partial_1m_for_60m,105.1399994,106.6500015,99.30000305,101.9400024,241275,USD,,,,,,2026-04-30 22:00:00+00:00,2026-05-01 03:00:00+05:30,2026-05-01 20:30:00+00:00,2026-05-02 02:00:00+05:30,105.4100037,,Yahoo 60m history truncated by provider lookback window | Yahoo 5m history truncated by provider lookback window | Yahoo 1m history truncated by provider lookback window | Yahoo 1m history truncated by provider lookback window | Partial 1m coverage used for 60m bucket because no fuller finer bucket was available,YF_60M_LOOKBACK_TRUNCATED | YF_5M_LOOKBACK_TRUNCATED | YF_1M_LOOKBACK_TRUNCATED | YF_1M_LOOKBACK_TRUNCATED | PARTIAL_60M_BUCKET_FROM_1M,False,True,-0.270004272,-0.256146725,,,False,abs_gap_pct_native>=2.0,7.349998474,6.990677684,,,3.199996948,3.043558081,DOWN,1.510002136,2.63999939,35.9183665,False,True,False,False,False,1.0,,,-3.043558081,-3.291908832,-2.354181758,0.314898333,1.436182371,-5.554495313,3.920548748,0.435373825,3,3,,,,,,,,,,1.436182371,-5.554495313,,-3.043558081,,,1.436182371,-5.554495313,,,,,,
2026-05-04 00:00:00,WTI Crude Futures,NYMEX,,False,,60m | 1m | 5m,60,yahoo_intraday_direct | bucket_complete_60m_for_60m | yahoo_intraday_direct | bucket_complete_1m_for_60m | yahoo_intraday_direct | bucket_complete_5m_for_60m | yahoo_intraday_direct | bucket_partial_1m_for_60m,100.1900024,107.4599991,100.0299988,105.1399994,312020,USD,,,,,,2026-05-03 22:00:00+00:00,2026-05-04 03:00:00+05:30,2026-05-04 20:30:00+00:00,2026-05-05 02:00:00+05:30,101.9400024,,Yahoo 60m history truncated by provider lookback window | Yahoo 1m history truncated by provider lookback window | Yahoo 5m history truncated by provider lookback window | Yahoo 1m history truncated by provider lookback window | Partial 1m coverage used for 60m bucket because no fuller finer bucket was available,YF_60M_LOOKBACK_TRUNCATED | YF_1M_LOOKBACK_TRUNCATED | YF_5M_LOOKBACK_TRUNCATED | YF_1M_LOOKBACK_TRUNCATED | PARTIAL_60M_BUCKET_FROM_1M,False,True,-1.75,-1.716696055,,,False,abs_gap_pct_native>=2.0,7.430000305,7.415909895,,,4.949996948,4.940609669,UP,2.319999695,0.160003662,68.77524092,True,False,False,False,False,0.0,,,4.940609669,3.139098363,0.902720125,0.066621962,7.256209668,-0.159700228,5.398067373,0.666217597,4,2,,,,,,,,,,7.256209668,-0.159700228,,4.940609669,,,7.256209668,-0.159700228,,,,,,
2026-05-05 00:00:00,WTI Crude Futures,NYMEX,,False,,60m | 5m | 1m,60,yahoo_intraday_direct | bucket_complete_60m_for_60m | yahoo_intraday_direct | bucket_complete_5m_for_60m | yahoo_intraday_direct | bucket_complete_1m_for_60m | yahoo_intraday_direct | bucket_partial_1m_for_60m,104.9300003,105.4800034,101.0800018,102.6800003,205492,USD,,,,,,2026-05-04 22:00:00+00:00,2026-05-05 03:00:00+05:30,2026-05-05 20:30:00+00:00,2026-05-06 02:00:00+05:30,105.1399994,,Yahoo 60m history truncated by provider lookback window | Yahoo 5m history truncated by provider lookback window | Yahoo 1m history truncated by provider lookback window | Yahoo 1m history truncated by provider lookback window | Partial 1m coverage used for 60m bucket because no fuller finer bucket was available,YF_60M_LOOKBACK_TRUNCATED | YF_5M_LOOKBACK_TRUNCATED | YF_1M_LOOKBACK_TRUNCATED | YF_1M_LOOKBACK_TRUNCATED | PARTIAL_60M_BUCKET_FROM_1M,False,True,-0.209999084,-0.199732819,,,False,abs_gap_pct_native>=2.0,4.400001526,4.193273147,,,2.25,2.144286661,DOWN,0.550003052,1.599998474,36.36358907,False,True,True,False,False,1.0,,,-2.144286661,-2.339736636,-1.937351457,0.923926146,0.52416187,-3.669111277,2.694532942,0.511363459,4,2,,,,,,,,,,0.52416187,-3.669111277,,-2.144286661,,,0.52416187,-3.669111277,,,,,,
2026-05-06 00:00:00,WTI Crude Futures,NYMEX,,False,,60m | 1m | 5m,60,yahoo_intraday_direct | bucket_complete_60m_for_60m | yahoo_intraday_direct | bucket_complete_1m_for_60m | yahoo_intraday_direct | bucket_complete_5m_for_60m | yahoo_intraday_direct | bucket_partial_1m_for_60m,102.6999969,102.6999969,88.66000366,96.20999908,392000,USD,,,,,,2026-05-05 22:00:00+00:00,2026-05-06 03:00:00+05:30,2026-05-06 20:30:00+00:00,2026-05-07 02:00:00+05:30,102.6800003,,Yahoo 60m history truncated by provider lookback window | Yahoo 1m history truncated by provider lookback window | Yahoo 5m history truncated by provider lookback window | Yahoo 1m history truncated by provider lookback window | Partial 1m coverage used for 60m bucket because no fuller finer bucket was available,YF_60M_LOOKBACK_TRUNCATED | YF_1M_LOOKBACK_TRUNCATED | YF_5M_LOOKBACK_TRUNCATED | YF_1M_LOOKBACK_TRUNCATED | PARTIAL_60M_BUCKET_FROM_1M,True,False,0.019996643,0.01947472,,,False,abs_gap_pct_native>=2.0,14.03999329,13.67087994,,,6.489997864,6.319374933,DOWN,0.0,7.549995422,53.77492189,False,True,False,False,False,0.0,,,-6.319374933,-6.301130894,2.895419594,1.018480935,0.0,-13.67087994,6.94503251,0.462250781,3,3,,,,,,,,,,0.0,-13.67087994,,-6.319374933,,,0.0,-13.67087994,,,,,,
2026-05-07 00:00:00,WTI Crude Futures,NYMEX,,False,,60m | 1m | 5m | 15m,60,yahoo_intraday_direct | bucket_complete_60m_for_60m | yahoo_intraday_direct | bucket_complete_1m_for_60m | yahoo_intraday_direct | bucket_complete_5m_for_60m | yahoo_intraday_direct | bucket_complete_15m_for_60m | yahoo_intraday_direct | bucket_partial_1m_for_60m,96.30000305,97.98999786,89.84999847,97.66000366,351361,USD,,,,,,2026-05-06 22:00:00+00:00,2026-05-07 03:00:00+05:30,2026-05-07 20:30:00+00:00,2026-05-08 02:00:00+05:30,96.20999908,,Yahoo 60m history truncated by provider lookback window | Yahoo 1m history truncated by provider lookback window | Yahoo 5m history truncated by provider lookback window | Yahoo 15m history truncated by provider lookback window | Yahoo 1m history truncated by provider lookback window | Partial 1m coverage used for 60m bucket because no fuller finer bucket was available,YF_60M_LOOKBACK_TRUNCATED | YF_1M_LOOKBACK_TRUNCATED | YF_5M_LOOKBACK_TRUNCATED | YF_15M_LOOKBACK_TRUNCATED | YF_1M_LOOKBACK_TRUNCATED | PARTIAL_60M_BUCKET_FROM_1M,True,False,0.090003967,0.093549494,,,False,abs_gap_pct_native>=2.0,8.13999939,8.452750916,,,1.36000061,1.412253964,UP,0.329994202,6.450004578,95.94601687,True,False,True,False,False,1.0,,,1.412253964,1.507124614,5.641472797,0.680416147,1.75492706,-6.697823856,5.672415999,0.167076255,2,5,,,,,,,,,,1.75492706,-6.697823856,,1.412253964,,,1.75492706,-6.697823856,,,,,,
2026-05-08 00:00:00,WTI Crude Futures,NYMEX,,False,,60m | 1m | 5m,60,yahoo_intraday_direct | bucket_complete_60m_for_60m | yahoo_intraday_direct | bucket_complete_1m_for_60m | yahoo_intraday_direct | bucket_complete_5m_for_60m,98.25,98.63999939,93.81999969,95.38999939,190750,USD,,,,,,2026-05-07 22:00:00+00:00,2026-05-08 03:00:00+05:30,2026-05-08 17:30:00+00:00,2026-05-08 23:00:00+05:30,97.66000366,,Yahoo 60m history truncated by provider lookback window | Yahoo 1m history truncated by provider lookback window | Yahoo 5m history truncated by provider lookback window,YF_60M_LOOKBACK_TRUNCATED | YF_1M_LOOKBACK_TRUNCATED | YF_5M_LOOKBACK_TRUNCATED,True,False,0.589996338,0.604133029,,,False,abs_gap_pct_native>=2.0,4.819999695,4.905852107,,,2.86000061,2.910942097,DOWN,0.38999939,1.569999695,32.57260984,False,True,False,False,False,0.0,,,-2.910942097,-2.324395031,0.484362513,-0.041916499,0.396945944,-4.508906163,3.04869571,0.59336116,4,2,,,,,,,,,,0.396945944,-4.508906163,,-2.910942097,,,0.396945944,-4.508906163,,,,,,
2026-05-11 00:00:00,WTI Crude Futures,NYMEX,,False,,1m | 5m,5,yahoo_intraday_direct | bucket_complete_1m_for_5m | yahoo_intraday_direct | bucket_complete_5m_for_5m,97.97000122070312,100.370002746582,96.12999725341795,98.25,216106,USD,,,,,,2026-05-10 22:10:00+00:00,2026-05-11 03:40:00+05:30,2026-05-11 20:55:00+00:00,2026-05-12 02:25:00+05:30,95.41999816894533,,Yahoo 1m history truncated by provider lookback window | Missing FX for INR conversion | Yahoo 5m history truncated by provider lookback window | Missing FX for INR conversion,YF_1M_LOOKBACK_TRUNCATED | MISSING_DAILY_FX | YF_5M_LOOKBACK_TRUNCATED | MISSING_DAILY_FX,True,False,2.550003051757812,2.672398973685704,,,True,abs_gap_pct_native>=2.0,4.240005493164062,4.327861019019831,,,0.279998779296875,0.2858005264959672,UP,2.120002746582031,1.840003967285156,50.0,True,False,False,False,True,1.0,,,0.2858005264959672,2.965837230518538,0.3254675506687011,-0.395376512633439,2.449731036005883,-1.878129983013948,3.219214453841816,0.0660373623921719,2,5,,,,,,,,,,2.449731036005883,-1.878129983013948,,0.2858005264959672,,,2.449731036005883,-1.878129983013948,,,,,,
2026-05-12 00:00:00,WTI Crude Futures,NYMEX,,False,,1m | 5m,5,yahoo_intraday_direct | bucket_complete_1m_for_5m | yahoo_intraday_direct | bucket_complete_5m_for_5m,98.38999938964844,102.7200012207031,98.0,102.0500030517578,192142,USD,,,,,,2026-05-11 22:00:00+00:00,2026-05-12 03:30:00+05:30,2026-05-12 20:55:00+00:00,2026-05-13 02:25:00+05:30,98.25,,Yahoo 1m history truncated by provider lookback window | Missing FX for INR conversion | Yahoo 5m history truncated by provider lookback window | Missing FX for INR conversion,YF_1M_LOOKBACK_TRUNCATED | MISSING_DAILY_FX | YF_5M_LOOKBACK_TRUNCATED | MISSING_DAILY_FX,True,False,0.1399993896484375,0.1424930174538804,,,False,abs_gap_pct_native>=2.0,4.720001220703125,4.797236761848901,,,3.660003662109375,3.719893977857309,UP,0.6699981689453125,0.3899993896484375,85.80512721042253,True,False,False,False,False,1.0,,,3.719893977857309,3.867687584486323,0.0888752545360319,0.6807443145731219,4.400855633616605,-0.3963811282322959,2.377802250765091,0.7754243041412084,5,2,,,,,,,,,,4.400855633616605,-0.3963811282322959,,3.719893977857309,,,4.400855633616605,-0.3963811282322959,,,,,,
2026-05-13 00:00:00,WTI Crude Futures,NYMEX,,False,,1m | 5m,5,yahoo_intraday_direct | bucket_complete_1m_for_5m | yahoo_intraday_direct | bucket_complete_5m_for_5m,102.1600036621094,103.6699981689453,100.5599975585938,101.0,178618,USD,,,,,,2026-05-12 22:00:00+00:00,2026-05-13 03:30:00+05:30,2026-05-13 20:55:00+00:00,2026-05-14 02:25:00+05:30,102.0500030517578,,Yahoo 1m history truncated by provider lookback window | Missing FX for INR conversion | Yahoo 5m history truncated by provider lookback window | Missing FX for INR conversion,YF_1M_LOOKBACK_TRUNCATED | MISSING_DAILY_FX | YF_5M_LOOKBACK_TRUNCATED | MISSING_DAILY_FX,True,False,0.1100006103515625,0.1077908937403679,,,False,abs_gap_pct_native>=2.0,3.110000610351562,3.044244810951437,,,1.160003662109375,1.135477310617614,DOWN,1.509994506835938,0.44000244140625,14.14798569304818,False,True,False,False,False,0.0,,,-1.135477310617614,-1.028910358018579,-0.1374564474677039,-0.6980622267855735,1.478068180019052,-1.566176630932384,2.138895476344134,0.3729914580236192,3,3,,,,,,,,,,1.478068180019052,-1.566176630932384,,-1.135477310617614,,,1.478068180019052,-1.566176630932384,,,,,,
2026-05-14 00:00:00,WTI Crude Futures,NYMEX,,False,,1m | 5m,5,yahoo_intraday_direct | bucket_complete_1m_for_5m | yahoo_intraday_direct | bucket_complete_5m_for_5m,101.0199966430664,102.3499984741211,99.38999938964844,102.0199966430664,152773,USD,,,,,,2026-05-13 22:00:00+00:00,2026-05-14 03:30:00+05:30,2026-05-14 20:55:00+00:00,2026-05-15 02:25:00+05:30,101.0,,Yahoo 1m history truncated by provider lookback window | Missing FX for INR conversion | Yahoo 5m history truncated by provider lookback window | Missing FX for INR conversion,YF_1M_LOOKBACK_TRUNCATED | MISSING_DAILY_FX | YF_5M_LOOKBACK_TRUNCATED | MISSING_DAILY_FX,True,False,0.0199966430664062,0.0197986565013923,,,False,abs_gap_pct_native>=2.0,2.959999084472656,2.930112040026303,,,1.0,0.9899030224018878,UP,0.3300018310546875,1.629997253417969,88.85128604310094,True,False,False,False,False,0.0,,,0.9899030224018878,1.009897666402382,1.246634129698494,0.4925138066719478,1.31657283236108,-1.613539207665223,2.814067932522307,0.3378379423310385,3,4,,,,,,,,,,1.31657283236108,-1.613539207665223,,0.9899030224018878,,,1.31657283236108,-1.613539207665223,,,,,,
2026-05-15 00:00:00,WTI Crude Futures,NYMEX,,False,,1m | 5m,5,yahoo_intraday_direct | bucket_complete_1m_for_5m | yahoo_intraday_direct | bucket_complete_5m_for_5m,102.0599975585938,103.7900009155273,98.58000183105467,101.0199966430664,182645,USD,,,,,,2026-05-14 22:00:00+00:00,2026-05-15 03:30:00+05:30,2026-05-15 21:00:00+00:00,2026-05-16 02:30:00+05:30,102.0199966430664,,Yahoo 1m history truncated by provider lookback window | Missing FX for INR conversion | Yahoo 5m history truncated by provider lookback window | Missing FX for INR conversion,YF_1M_LOOKBACK_TRUNCATED | MISSING_DAILY_FX | YF_5M_LOOKBACK_TRUNCATED | MISSING_DAILY_FX,True,False,0.0400009155273437,0.039208897121702,,,False,abs_gap_pct_native>=2.0,5.209999084472656,5.104839515091639,,,1.040000915527344,1.019009347839998,DOWN,1.730003356933594,2.439994812011719,46.83292208790645,False,True,False,True,False,0.0,,,-1.019009347839998,-0.9801999930451508,0.5497755071270853,0.4274781994537235,1.695084654436112,-3.409754860655527,4.849674693301081,0.1996163336432928,2,5,,,,,,,,,,1.695084654436112,-3.409754860655527,,-1.019009347839998,,,1.695084654436112,-3.409754860655527,,,,,,
2026-05-18 00:00:00,WTI Crude Futures,NYMEX,,False,,1m | 5m,5,yahoo_intraday_direct | bucket_complete_1m_for_5m | yahoo_intraday_direct | bucket_complete_5m_for_5m,102.0299987792969,105.2099990844727,98.5999984741211,102.4899978637695,320484,USD,,,,,,2026-05-17 22:10:00+00:00,2026-05-18 03:40:00+05:30,2026-05-18 21:00:00+00:00,2026-05-19 02:30:00+05:30,101.0199966430664,,Yahoo 1m history truncated by provider lookback window | Missing FX for INR conversion | Yahoo 5m history truncated by provider lookback window | Missing FX for INR conversion,YF_1M_LOOKBACK_TRUNCATED | MISSING_DAILY_FX | YF_5M_LOOKBACK_TRUNCATED | MISSING_DAILY_FX,True,False,1.010002136230469,0.9998041672869042,,,False,abs_gap_pct_native>=2.0,6.610000610351562,6.478487395309871,,,0.4599990844726562,0.4508468979478177,UP,2.720001220703125,3.430000305175781,58.85021226104762,True,False,False,False,True,0.0,,,0.4508468979478177,1.455158651308488,1.704828259598147,-0.1169503419434977,3.116730709812614,-3.361756685497256,5.12228061944294,0.0695913830555895,2,5,,,,,,,,,,3.116730709812614,-3.361756685497256,,0.4508468979478177,,,3.116730709812614,-3.361756685497256,,,,,,
2026-05-19 00:00:00,WTI Crude Futures,NYMEX,,False,,1m | 5m,5,yahoo_intraday_direct | bucket_complete_1m_for_5m | yahoo_intraday_direct | bucket_complete_5m_for_5m,102.5800018310547,104.8600006103516,102.120002746582,104.0299987792969,188707,USD,,,,,,2026-05-18 22:00:00+00:00,2026-05-19 03:30:00+05:30,2026-05-19 20:55:00+00:00,2026-05-20 02:25:00+05:30,102.4899978637695,,Yahoo 1m history truncated by provider lookback window | Missing FX for INR conversion | Yahoo 5m history truncated by provider lookback window | Missing FX for INR conversion,YF_1M_LOOKBACK_TRUNCATED | MISSING_DAILY_FX | YF_5M_LOOKBACK_TRUNCATED | MISSING_DAILY_FX,True,False,0.0900039672851562,0.0878173179443229,,,False,abs_gap_pct_native>=2.0,2.739997863769531,2.671083851492031,,,1.449996948242188,1.413527902475842,UP,0.8300018310546875,0.4599990844726562,69.70793875317776,True,False,True,False,False,1.0,,,1.413527902475842,1.502586542712514,-0.0577066056452088,0.1154798507925143,2.222654258723786,-0.4484295927682445,2.772049319249886,0.5291963790976703,4,2,,,,,,,,,,2.222654258723786,-0.4484295927682445,,1.413527902475842,,,2.222654258723786,-0.4484295927682445,,,,,,
2026-05-20 00:00:00,WTI Crude Futures,NYMEX,,False,,1m | 5m,5,yahoo_intraday_direct | bucket_complete_1m_for_5m | yahoo_intraday_direct | bucket_complete_5m_for_5m,104.120002746582,104.4499969482422,96.94000244140624,99.08000183105467,297482,USD,,,,,,2026-05-19 22:00:00+00:00,2026-05-20 03:30:00+05:30,2026-05-20 20:55:00+00:00,2026-05-21 02:25:00+05:30,104.0299987792969,,Yahoo 1m history truncated by provider lookback window | Missing FX for INR conversion | Yahoo 5m history truncated by provider lookback window | Missing FX for INR conversion,YF_1M_LOOKBACK_TRUNCATED | MISSING_DAILY_FX | YF_5M_LOOKBACK_TRUNCATED | MISSING_DAILY_FX,True,False,0.0900039672851562,0.0865173203319003,,,False,abs_gap_pct_native>=2.0,7.509994506835938,7.212825882375872,,,5.040000915527344,4.840569326332248,DOWN,0.3299942016601562,2.139999389648438,28.49535226291461,False,True,False,False,False,1.0,,,-4.840569326332248,-4.758239936870298,-4.935620097814318,1.662223231890149,0.3169364127499402,-6.895889469625932,4.019598920187133,0.6711058058617362,4,2,,,,,,,,,,0.3169364127499402,-6.895889469625932,,-4.840569326332248,,,0.3169364127499402,-6.895889469625932,,,,,,
2026-05-21 00:00:00,WTI Crude Futures,NYMEX,,False,,1m | 5m,5,yahoo_intraday_direct | bucket_complete_1m_for_5m | yahoo_intraday_direct | bucket_complete_5m_for_5m,98.9499969482422,102.6600036621094,95.76000213623048,98.0,328197,USD,,,,,,2026-05-20 22:00:00+00:00,2026-05-21 03:30:00+05:30,2026-05-21 20:55:00+00:00,2026-05-22 02:25:00+05:30,99.08000183105467,,Yahoo 1m history truncated by provider lookback window | Missing FX for INR conversion | Yahoo 5m history truncated by provider lookback window | Missing FX for INR conversion,YF_1M_LOOKBACK_TRUNCATED | MISSING_DAILY_FX | YF_5M_LOOKBACK_TRUNCATED | MISSING_DAILY_FX,False,True,-0.1300048828125,-0.1312120310960193,,,False,abs_gap_pct_native>=2.0,6.900001525878906,6.973220554507034,,,0.9499969482421876,0.9600777943824524,DOWN,3.710006713867188,2.239997863769531,32.46372997699019,False,True,False,False,False,0.0,,,-0.9600777943824524,-1.090030087904361,-2.097617116785032,-0.4874120030173603,3.749375268609439,-3.223845285897594,4.594818205281088,0.1376806866895843,2,5,,,,,,,,,,3.749375268609439,-3.223845285897594,,-0.9600777943824524,,,3.749375268609439,-3.223845285897594,,,,,,
2026-05-22 00:00:00,WTI Crude Futures,NYMEX,,False,,1m | 5m,5,yahoo_intraday_direct | bucket_complete_1m_for_5m | yahoo_intraday_direct | bucket_complete_5m_for_5m,98.0,99.43000030517578,94.7300033569336,96.5999984741211,241510,USD,,,,,,2026-05-21 22:00:00+00:00,2026-05-22 03:30:00+05:30,2026-05-22 20:55:00+00:00,2026-05-23 02:25:00+05:30,98.0,,Yahoo 1m history truncated by provider lookback window | Missing FX for INR conversion | Yahoo 5m history truncated by provider lookback window | Missing FX for INR conversion,YF_1M_LOOKBACK_TRUNCATED | MISSING_DAILY_FX | YF_5M_LOOKBACK_TRUNCATED | MISSING_DAILY_FX,False,False,0.0,0.0,,,False,abs_gap_pct_native>=2.0,4.699996948242188,4.795915253308355,,,1.400001525878906,1.428572985590721,DOWN,1.430000305175781,1.8699951171875,39.78715598713066,False,True,False,False,False,0.0,,,-1.428572985590721,-1.428572985590721,-2.584081962481872,1.684208920127467,1.459183984873246,-3.336731268435109,4.11135657227698,0.2978728584924956,3,4,,,,,,,,,,1.459183984873246,-3.336731268435109,,-1.428572985590721,,,1.459183984873246,-3.336731268435109,,,,,,
2026-05-26 00:00:00,WTI Crude Futures,NYMEX,,False,,1m,1,yahoo_intraday_direct | bucket_complete_1m_for_5m,91.66000366210938,94.6999969482422,91.4000015258789,93.56999969482422,194141,USD,,,,,,2026-05-26 04:00:00+00:00,2026-05-26 09:30:00+05:30,2026-05-26 20:55:00+00:00,2026-05-27 02:25:00+05:30,96.5999984741211,,Yahoo 1m history truncated by provider lookback window | Missing FX for INR conversion,YF_1M_LOOKBACK_TRUNCATED | MISSING_DAILY_FX,False,True,-4.939994812011719,-5.113866345800337,,,True,abs_gap_pct_native>=2.0,3.299995422363281,3.600256699234064,,,1.909996032714844,2.083783500332111,UP,1.129997253417969,0.2600021362304688,65.75761148757216,True,False,False,False,False,0.0,,,2.083783500332111,-3.136644748611051,1.434428185444972,-0.5103703789030578,3.316597386728549,-0.2836593125055144,2.56648733537382,0.5787874794526249,4,2,,,,,,,,,,3.316597386728549,-0.2836593125055144,,2.083783500332111,,,3.316597386728549,-0.2836593125055144,,,,,,
2026-05-27 00:00:00,WTI Crude Futures,NYMEX,,False,,1m | 5m,5,yahoo_intraday_direct | bucket_complete_1m_for_5m | yahoo_intraday_direct | bucket_complete_5m_for_5m,93.38999938964844,93.69000244140624,87.7699966430664,88.5999984741211,252010,USD,,,,,,2026-05-26 22:00:00+00:00,2026-05-27 03:30:00+05:30,2026-05-27 18:25:00+00:00,2026-05-27 23:55:00+05:30,93.56999969482422,,Yahoo 1m history truncated by provider lookback window | Missing FX for INR conversion | Yahoo 5m history truncated by provider lookback window | Missing FX for INR conversion,YF_1M_LOOKBACK_TRUNCATED | MISSING_DAILY_FX | YF_5M_LOOKBACK_TRUNCATED | MISSING_DAILY_FX,False,True,-0.1800003051757812,-0.1923696759248124,,,False,abs_gap_pct_native>=2.0,5.920005798339844,6.3390147093159,,,4.790000915527344,5.129029817788262,DOWN,0.3000030517578125,0.8300018310546875,14.02028746808738,False,True,False,False,False,0.0,,,-5.129029817788262,-5.311532795674507,-0.9719430577861324,-1.182249771016062,0.3212368066372057,-6.017777902678694,3.180125098845243,0.8091209837785313,5,2,,,,,,,,,,0.3212368066372057,-6.017777902678694,,-5.129029817788262,,,0.3212368066372057,-6.017777902678694,,,,,,
2026-05-28,WTI Crude Futures,NYMEX,,False,,1m | 5m,5,yahoo_intraday_direct | bucket_complete_1m_for_5m | yahoo_intraday_direct | bucket_complete_5m_for_5m,89.83000183105469,92.5199966430664,87.11000061035156,88.52999877929688,212910,USD,,,,,,2026-05-27 22:30:00+00:00,2026-05-28 04:00:00+05:30,2026-05-28 20:55:00+00:00,2026-05-29 02:25:00+05:30,,,Missing FX for INR conversion,MISSING_DAILY_FX,False,False,,,,,False,abs_gap_pct_native>=2.0,5.409996032714844,6.022482380540907,,,1.3000030517578125,1.4471813706547147,DOWN,2.6899948120117188,1.4199981689453125,26.24767486627396,False,True,False,False,False,0.0,,,-1.4471813706547147,,-2.475358226383933,-0.5727786736146938,2.9945394157631795,-3.0279429647777283,3.910056827585954,0.2402964889246776,2,4,,,,,,,,,,2.9945394157631795,-3.0279429647777283,,-1.4471813706547147,,,2.9945394157631795,-3.0279429647777283,WTI,yahoo_front_symbol_no_verified_roll_metadata,CL=F,yahoo_finance,https://finance.yahoo.com,UTC
2026-05-29,WTI Crude Futures,NYMEX,,False,,1m | 5m,5,yahoo_intraday_direct | bucket_complete_1m_for_5m | yahoo_intraday_direct | bucket_complete_5m_for_5m,88.7699966430664,89.0199966430664,86.3499984741211,87.36000061035156,241509,USD,,,,,,2026-05-28 22:30:00+00:00,2026-05-29 04:00:00+05:30,2026-05-29 20:55:00+00:00,2026-05-30 02:25:00+05:30,,,Missing FX for INR conversion,MISSING_DAILY_FX,False,False,,,,,False,abs_gap_pct_native>=2.0,2.6699981689453125,3.007770947295467,,,1.4099960327148438,1.5883700417205942,DOWN,0.25,1.0100021362304688,37.82782130631326,False,True,False,False,False,0.0,,,-1.5883700417205942,,-0.5821277624442904,0.2985099205342924,0.2816266863287381,-2.726144260966729,3.418443604533021,0.5280887639229402,4,2,,,,,,,,,,0.2816266863287381,-2.726144260966729,,-1.5883700417205942,,,0.2816266863287381,-2.726144260966729,WTI,yahoo_front_symbol_no_verified_roll_metadata,CL=F,yahoo_finance,https://finance.yahoo.com,UTC
2026-06-01,WTI Crude Futures,NYMEX,,False,,1m | 5m,5,yahoo_intraday_direct | bucket_complete_1m_for_5m | yahoo_intraday_direct | bucket_complete_5m_for_5m,89.93000030517578,94.77999877929688,89.02999877929688,92.47000122070312,284318,USD,,,,,,2026-05-31 22:10:00+00:00,2026-06-01 03:40:00+05:30,2026-06-01 20:55:00+00:00,2026-06-02 02:25:00+05:30,87.36000061035156,,Missing FX for INR conversion,MISSING_DAILY_FX,True,False,2.5699996948242188,2.9418494469649663,,,True,abs_gap_pct_native>=2.0,5.75,6.393861870885669,,,2.540000915527344,2.8244200010095604,UP,2.30999755859375,0.9000015258789062,59.82612941576087,True,False,False,False,False,1.0,,,2.8244200010095604,5.8493596321541945,1.4071984964724722,1.038029515387544,5.39308179435418,-1.0007800765314887,3.823465620972404,0.4417392896569293,3,3,,,,,,,,,,5.39308179435418,-1.0007800765314887,,2.8244200010095604,,,5.39308179435418,-1.0007800765314887,WTI,yahoo_front_symbol_no_verified_roll_metadata,CL=F,yahoo_finance,https://finance.yahoo.com,UTC
2026-06-02,WTI Crude Futures,NYMEX,,False,,1m | 5m,5,yahoo_intraday_direct | bucket_complete_1m_for_5m | yahoo_intraday_direct | bucket_complete_5m_for_5m,92.20999908447266,94.0,90.12000274658203,93.38999938964844,204305,USD,,,,,,2026-06-01 22:30:00+00:00,2026-06-02 04:00:00+05:30,2026-06-02 20:55:00+00:00,2026-06-03 02:25:00+05:30,,,Missing FX for INR conversion,MISSING_DAILY_FX,False,False,,,,,False,abs_gap_pct_native>=2.0,3.8799972534179688,4.207783637285954,,,1.1800003051757812,1.2796880131131927,UP,0.6100006103515625,2.089996337890625,84.27832365566236,True,False,False,False,False,0.0,,,1.2796880131131927,,2.8894803118110692,-0.27763174799161183,1.9412221378372878,-2.2665614994486663,2.6179000196333484,0.30412400527765704,3,4,,,,,,,,,,1.9412221378372878,-2.2665614994486663,,1.2796880131131927,,,1.9412221378372878,-2.2665614994486663,WTI,yahoo_front_symbol_no_verified_roll_metadata,CL=F,yahoo_finance,https://finance.yahoo.com,UTC
2026-06-03,WTI Crude Futures,NYMEX,,False,,1m | 5m,5,yahoo_intraday_direct | bucket_complete_1m_for_5m | yahoo_intraday_direct | bucket_complete_5m_for_5m,93.44999694824219,97.0,93.44999694824219,96.19999694824219,237321,USD,,,,,,2026-06-02 22:00:00+00:00,2026-06-03 03:30:00+05:30,2026-06-03 20:55:00+00:00,2026-06-04 02:25:00+05:30,93.38999938964844,,Missing FX for INR conversion,MISSING_DAILY_FX,True,False,0.05999755859375,0.06424409357090141,,,False,abs_gap_pct_native>=2.0,3.5500030517578125,3.7988262896616267,,,2.75,2.942750229861541,UP,0.8000030517578125,0.0,77.46472213983915,True,False,False,False,False,0.0,,,2.942750229861541,3.0088848666436725,0.47017509345031894,0.04159035421144784,3.7988262896616267,0.0,2.943093308705191,0.7746472213983916,5,2,,,,,,,,,,3.7988262896616267,0.0,,2.942750229861541,,,3.7988262896616267,0.0,WTI,yahoo_front_symbol_no_verified_roll_metadata,CL=F,yahoo_finance,https://finance.yahoo.com,UTC
2026-06-04,WTI Crude Futures,NYMEX,,False,,1m | 5m,5,yahoo_intraday_direct | bucket_complete_1m_for_5m | yahoo_intraday_direct | bucket_complete_5m_for_5m,95.75,95.91000366210938,91.91000366210938,93.08999633789062,180509,USD,,,,,,2026-06-03 22:00:00+00:00,2026-06-04 03:30:00+05:30,2026-06-04 18:25:00+00:00,2026-06-04 23:55:00+05:30,96.19999694824219,,Missing FX for INR conversion,MISSING_DAILY_FX,False,True,-0.4499969482421875,-0.46777231030921573,,,False,abs_gap_pct_native>=2.0,4.0,4.177545691906005,,,2.660003662109375,2.778071709774804,DOWN,0.160003662109375,1.17999267578125,29.49981689453125,False,True,False,False,False,0.0,,,-2.778071709774804,-3.2328489698651595,-0.29204613518544836,0.9871946514451776,0.16710565233355093,-4.010440039572454,2.7828378551926964,0.6650009155273438,4,2,,,,,,,,,,0.16710565233355093,-4.010440039572454,,-2.778071709774804,,,0.16710565233355093,-4.010440039572454,WTI,yahoo_front_symbol_no_verified_roll_metadata,CL=F,yahoo_finance,https://finance.yahoo.com,UTC
