direction,next_direction,count,probability,n_total_in_row,phase_id,stream
UP,UP,10,0.30303030303030304,33,5,WTI_session
DOWN,UP,14,0.3888888888888889,36,5,WTI_session
FLAT,UP,11,0.3548387096774194,31,5,WTI_session
UP,DOWN,12,0.36363636363636365,33,5,WTI_session
DOWN,DOWN,11,0.3055555555555556,36,5,WTI_session
FLAT,DOWN,11,0.3548387096774194,31,5,WTI_session
UP,FLAT,11,0.3333333333333333,33,5,WTI_session
DOWN,FLAT,11,0.3055555555555556,36,5,WTI_session
FLAT,FLAT,9,0.2903225806451613,31,5,WTI_session
