signal,n_trades,win_rate,avg_pnl,total_pnl_pct,profit_factor,expectancy,sharpe,max_dd
WTI|1|all_day_trend_up|europe_midday,4,100.0,1.4297368446540821,5.7189473786163285,inf,1.4297368446540821,80.88204184567905,0.0
WTI|4|whipsaw_two_sided|us_open,2,100.0,1.3649632701349255,2.729926540269851,inf,1.3649632701349255,27.51680701383096,0.0
BRENT|7|mixed_regime|europe_midday,3,66.66666666666666,1.1949411176674183,3.584823353002255,4.389417150266583,1.1949411176674183,8.315820768692856,0.0
BRENT|2|all_day_trend_up|india_morning,9,88.88888888888889,1.183184997684196,10.648664979157763,19.11415568453773,1.183184997684196,22.008617736495232,-5.7782871847697574
BRENT|2|whipsaw_two_sided|india_morning,12,66.66666666666666,1.1423756782311263,13.708508138773515,5.235941844005172,1.1423756782311263,10.026865591159003,-4.485814302772597
BRENT|2|all_day_trend_down|india_morning,12,75.0,1.0382990281804083,12.459588338164899,5.911306977564521,1.0382990281804083,9.39400551754045,-7.159281788903242
WTI|1|mixed_regime|us_pre_open,4,75.0,0.932892107344644,3.731568429378576,6.399343319442531,0.932892107344644,10.336118607169682,-74.47138212537568
BRENT|2|gap_and_hold_up|india_midday,5,80.0,0.9274195679745537,4.6370978398727685,35.48691033839194,0.9274195679745537,12.080431255428879,-9.17096196163794
WTI|1|whipsaw_two_sided|us_pre_open,6,83.33333333333334,0.9152792519652859,5.4916755117917155,16.51346367642129,0.9152792519652859,18.7541813646693,-6.055664756921039
WTI|10|whipsaw_two_sided|india_midday,6,83.33333333333334,0.8732824109965377,5.239694465979226,37.69011915008746,0.8732824109965377,15.547370560917468,-2.8866027689318945
BRENT|2|all_day_trend_down|india_midday,12,75.0,0.8545974586651813,10.255169503982176,9.439869187450473,0.8545974586651813,9.841358942038033,-11.070890900012692
BRENT|2|gap_and_hold_up|europe_midday,5,60.0,0.60658261019099,3.0329130509549502,2.2425851142020847,0.60658261019099,4.670970606072617,0.0
BRENT|2|all_day_trend_up|mcx_open_drive,9,88.88888888888889,0.5887378043978598,5.298640239580738,11.479049144640058,0.5887378043978598,17.14909525490077,-533.8775106393831
BRENT|2|all_day_trend_up|us_pre_open,10,80.0,0.5642218840885993,5.642218840885993,6.3015308837887325,0.5642218840885993,7.477227651304846,-17.538586966113957
BRENT|2|all_day_trend_down|europe_midday,12,50.0,0.5225947676307733,6.271137211569279,2.011200322344521,0.5225947676307733,4.482701756063286,-50.08083718304922
BRENT|2|whipsaw_two_sided|us_pre_open,12,58.333333333333336,0.5176553700310929,6.211864440373114,2.3498473991230595,0.5176553700310929,5.30327088405447,-48.131923215366335
WTI|10|all_day_trend_up|us_pre_open,5,100.0,0.49969415065469197,2.49847075327346,inf,0.49969415065469197,45.11157439072591,0.0
WTI|10|whipsaw_two_sided|us_pre_open,6,83.33333333333334,0.41428018318798704,2.4856810991279223,13.142274983299135,0.41428018318798704,14.044430200195993,-73.75247892491812
WTI|1|mixed_regime|europe_midday,4,50.0,0.36914256374133464,1.4765702549653386,4.873463644081954,0.36914256374133464,6.370183163222502,-4.579466185330632
BRENT|2|gap_and_hold_up|global_reopen_pre_mcx,5,60.0,0.34459507424544433,1.7229753712272218,9.159262984158895,0.34459507424544433,11.454161337819272,-8.603366890012362
BRENT|2|gap_and_hold_up|us_pre_open,5,60.0,0.2895595832666728,1.447797916333364,1.8849315091722094,0.2895595832666728,3.4379375330698254,0.0
BRENT|2|whipsaw_two_sided|india_midday,12,66.66666666666666,0.24424353357458597,2.930922402895032,1.875056210848335,0.24424353357458597,4.125574785801078,-64.66791307892254
BRENT|2|all_day_trend_down|us_pre_open,12,58.333333333333336,0.23250410162644283,2.790049219517314,1.952193498180194,0.23250410162644283,4.176700915086287,-6304.669181248851
BRENT|2|all_day_trend_up|india_midday,10,50.0,0.21449233324078776,2.1449233324078776,1.5060758445380689,0.21449233324078776,2.2720249611161356,-75.49327555897199
WTI|5|all_day_trend_down|us_open,3,66.66666666666666,0.20745234560343614,0.6223570368103084,6.3926003441120836,0.20745234560343614,11.427483596228265,-38.585392630080776
WTI|1|whipsaw_two_sided|europe_midday,6,83.33333333333334,0.19262152910538366,1.155729174632302,1.3923897754860803,0.19262152910538366,1.968604291580818,-245.75287118601761
BRENT|7|whipsaw_two_sided|global_reopen_pre_mcx,4,75.0,0.18422334246172056,0.7368933698468823,4.230765063475589,0.18422334246172056,10.207776874795963,-31.41619409693128
BRENT|2|whipsaw_two_sided|mcx_open_drive,12,58.333333333333336,0.1759726367158558,2.1116716405902696,1.770294577495742,0.1759726367158558,3.928033593850211,-49.80753887764956
BRENT|7|mixed_regime|global_reopen_pre_mcx,3,33.33333333333333,0.16303576749869333,0.48910730249608003,3.3987861952914984,0.16303576749869333,5.626027747488376,0.0
BRENT|7|whipsaw_two_sided|europe_midday,4,50.0,0.15299642889660336,0.6119857155864135,1.1746788567744801,0.15299642889660336,0.9729886187011122,-572.4791302538999
BRENT|2|all_day_trend_down|global_reopen_pre_mcx,12,75.0,0.1433641732384211,1.7203700788610532,4.8434340538271154,0.1433641732384211,8.92311852576199,-10.77892290271274
BRENT|2|all_day_trend_up|global_reopen_pre_mcx,9,55.55555555555556,0.08622200029456219,0.7759980026510597,2.3049111771511264,0.08622200029456219,5.438378659611973,-57.18258739902484
WTI|1|all_day_trend_up|us_open,4,75.0,0.050686458350444386,0.20274583340177754,1.0688356699782824,0.050686458350444386,0.40060241102540406,-93.55975180172635
WTI|1|all_day_trend_up|us_pre_open,4,75.0,0.050686458350444386,0.20274583340177754,1.0688356699782824,0.050686458350444386,0.40060241102540406,-93.55975180172635
BRENT|2|whipsaw_two_sided|global_reopen_pre_mcx,12,41.66666666666667,0.01910227036637106,0.2292272443964527,1.0997141844704894,0.01910227036637106,0.6241448628270088,-91.27978642276348
WTI|10|all_day_trend_up|india_midday,5,60.0,0.0101372534987626,0.050686267493813,1.0269254629422393,0.0101372534987626,0.17986890234417968,-133.07461971588367
BRENT|2|all_day_trend_down|mcx_open_drive,12,58.333333333333336,7.298510244269085e-05,0.0008758212293122902,1.000241214083812,7.298510244269085e-05,0.0014268508003916448,-99.9448012319507
BRENT|2|gap_and_hold_up|mcx_open_drive,5,60.0,-0.10746075649403874,-0.5373037824701937,0.7411301784898059,-0.10746075649403874,-1.9395661216384708,-0.0
WTI|5|whipsaw_two_sided|us_open,3,33.33333333333333,-0.16718750187390427,-0.5015625056217128,0.3003393689199322,-0.16718750187390427,-7.267221417296719,-332.95668283387494
BRENT|2|all_day_trend_up|europe_midday,10,60.0,-0.17555564026671916,-1.7555564026671917,0.6321426472854985,-0.17555564026671916,-2.7919278923978297,-0.0
BRENT|2|whipsaw_two_sided|europe_midday,12,50.0,-0.17884260505839014,-2.146111260700682,0.7922325177619347,-0.17884260505839014,-1.5665267540335794,-178.7702165277289
BRENT|2|gap_and_hold_up|india_morning,5,40.0,-0.26644998447515283,-1.3322499223757642,0.47716044944122277,-0.26644998447515283,-4.234117861137537,-0.0
WTI|5|gap_and_hold_up|us_open,2,50.0,-0.5861955264411626,-1.1723910528823251,0.07768183448525831,-0.5861955264411626,-9.606727514161966,-0.0
WTI|1|whipsaw_two_sided|us_open,6,16.666666666666664,-0.9152792519652859,-5.4916755117917155,0.060556647569210316,-0.9152792519652859,-18.7541813646693,-0.0
WTI|1|mixed_regime|us_open,4,25.0,-0.9705324431493844,-3.8821297725975374,0.15112141033686727,-0.9705324431493844,-10.281750193836865,-0.0
