__stream,trade_date_ist,phase_id,phase_label,gap_pct_native,body_pct_native,body_direction,day_range_pct_native,close_location_in_range_pct,day_efficiency_ratio,trendiness_score_1_to_5,whipsaw_score_1_to_5,intraday_reversal_flag,did_gap_up,did_gap_down,extreme_gap_flag,day_archetype
BRENT_daily,2026-03-02,1.0,full_scale_war,,0.961036187,UP,8.207791811,30.85438358,,2.0,2.0,,0.0,0.0,0.0,mixed_regime
WTI_daily,2026-03-02,1.0,full_scale_war,,5.026662191,DOWN,8.173339844,33.11590199,,2.0,2.0,,0.0,0.0,0.0,mixed_regime
WTI_daily,2026-03-03,1.0,full_scale_war,0.0,4.67498813,UP,10.62754364,54.82158605,,2.0,2.0,,0.0,0.0,0.0,mixed_regime
BRENT_daily,2026-03-03,1.0,full_scale_war,0.398771799,4.292118313,UP,9.839846259,52.47394035,,2.0,2.0,,1.0,0.0,0.0,mixed_regime
WTI_daily,2026-03-04,1.0,full_scale_war,0.241416726,0.107029976,DOWN,5.284994234,34.93679199,,2.0,2.0,,1.0,0.0,0.0,mixed_regime
BRENT_daily,2026-03-04,1.0,full_scale_war,0.614250603,0.610500599,DOWN,5.06714752,26.50602631,,2.0,2.0,,1.0,0.0,0.0,mixed_regime
WTI_daily,2026-03-05,1.0,full_scale_war,1.995710944,6.382141186,UP,9.441894021,84.00554749,,2.0,2.0,,1.0,0.0,0.0,late_session_decisive_up
BRENT_daily,2026-03-05,1.0,full_scale_war,1.265354742,3.615192704,UP,5.774599198,81.72279986,,2.0,2.0,,1.0,0.0,0.0,late_session_decisive_up
BRENT_daily,2026-03-06,1.0,full_scale_war,-0.667377707,9.252718579,UP,13.41349054,83.65553768,,2.0,2.0,,0.0,1.0,0.0,late_session_decisive_up
WTI_daily,2026-03-06,1.0,full_scale_war,-2.382422237,14.94688849,UP,18.17147498,88.10021741,,2.0,2.0,,0.0,1.0,1.0,late_session_decisive_up
BRENT_daily,2026-03-09,1.0,full_scale_war,6.117162606,0.610002512,UP,36.11224487,42.454955,,2.0,2.0,,1.0,0.0,1.0,mixed_regime
WTI_daily,2026-03-09,1.0,full_scale_war,7.810779268,3.295921793,DOWN,39.07142951,35.46616317,,2.0,2.0,,1.0,0.0,1.0,mixed_regime
BRENT_daily,2026-03-10,1.0,full_scale_war,-6.578417741,5.029739373,DOWN,15.05678597,47.70115132,,2.0,2.0,,0.0,1.0,1.0,gap_and_fade
WTI_daily,2026-03-10,1.0,full_scale_war,-9.517776683,2.682219302,DOWN,17.20116618,45.55927859,,2.0,2.0,,0.0,1.0,1.0,gap_and_fade
BRENT_daily,2026-03-11,1.0,full_scale_war,3.986332435,0.744797681,UP,7.590361526,81.67393092,,2.0,2.0,,1.0,0.0,1.0,gap_and_hold_up
WTI_daily,2026-03-11,1.0,full_scale_war,4.122231956,0.414317658,UP,8.286335595,75.83335276,,2.0,2.0,,1.0,0.0,1.0,gap_and_hold_up
BRENT_daily,2026-03-12,1.0,full_scale_war,2.09828249,3.588536882,UP,6.751148674,87.8548298,0.807569702,5.0,2.0,0.0,1.0,0.0,1.0,all_day_trend_up
WTI_daily,2026-03-12,1.0,full_scale_war,6.051574532,4.17162073,UP,7.900146206,89.05605357,0.693569917,4.0,2.0,1.0,1.0,0.0,1.0,gap_and_hold_up
WTI_daily,2026-03-13,1.0,full_scale_war,0.363106626,2.625595381,UP,7.525324519,99.45053678,0.348901283,3.0,4.0,0.0,1.0,0.0,0.0,whipsaw_two_sided
BRENT_daily,2026-03-13,1.0,full_scale_war,1.398026961,4.562043824,UP,8.242097459,90.65188586,0.553505203,4.0,2.0,0.0,1.0,0.0,0.0,all_day_trend_up
WTI_daily,2026-03-16,1.0,full_scale_war,2.316683199,7.245521242,DOWN,8.692657681,14.60929386,0.83352198,5.0,2.0,0.0,1.0,0.0,1.0,all_day_trend_down
BRENT_daily,2026-03-16,1.0,full_scale_war,-1.67732765,0.562081948,DOWN,7.514046782,68.5038968,0.074804159,2.0,5.0,0.0,0.0,1.0,0.0,whipsaw_two_sided
WTI_daily,2026-03-17,1.0,full_scale_war,0.201658288,0.942696065,UP,5.550257028,40.45808418,0.169847281,2.0,5.0,1.0,1.0,0.0,0.0,whipsaw_two_sided
BRENT_daily,2026-03-17,1.0,full_scale_war,0.52559146,2.120937001,UP,4.162968439,65.40269451,0.509477079,4.0,2.0,1.0,1.0,0.0,0.0,all_day_trend_up
BRENT_daily,2026-03-18,1.0,full_scale_war,-0.067619491,2.629290769,UP,9.289512706,60.66598815,0.283038611,3.0,4.0,1.0,0.0,1.0,0.0,whipsaw_two_sided
WTI_daily,2026-03-18,1.0,full_scale_war,-0.031486262,3.967677697,UP,8.743573134,91.23654781,0.453782182,3.0,3.0,1.0,0.0,1.0,0.0,late_session_decisive_up
WTI_daily,2026-03-19,1.0,full_scale_war,-0.999500719,3.538651139,DOWN,8.545793485,29.71356101,0.41408105,3.0,3.0,1.0,0.0,1.0,0.0,mixed_regime
BRENT_daily,2026-03-19,1.0,full_scale_war,-0.131863419,2.83882125,DOWN,11.73252377,27.33115205,0.241961687,2.0,4.0,0.0,0.0,1.0,0.0,whipsaw_two_sided
WTI_daily,2026-03-20,1.0,full_scale_war,-0.137432349,3.842893594,UP,6.64831552,89.4903855,0.578025153,4.0,2.0,0.0,0.0,1.0,0.0,all_day_trend_up
BRENT_daily,2026-03-20,1.0,full_scale_war,0.184432584,3.449275836,UP,6.598195542,92.36410486,0.522760475,4.0,2.0,0.0,1.0,0.0,0.0,all_day_trend_up
BRENT_daily,2026-03-23,1.0,full_scale_war,0.599425905,6.442608288,DOWN,16.48822128,47.93900792,0.390740043,3.0,3.0,0.0,1.0,0.0,0.0,mixed_regime
WTI_daily,2026-03-23,1.0,full_scale_war,0.43837325,9.794959628,DOWN,17.55988227,26.01156758,0.557803263,4.0,2.0,1.0,1.0,0.0,0.0,all_day_trend_down
BRENT_daily,2026-03-24,1.0,full_scale_war,0.009953365,0.457710532,DOWN,8.039802817,38.1188259,0.056930567,2.0,5.0,0.0,1.0,0.0,0.0,whipsaw_two_sided
WTI_daily,2026-03-24,1.0,full_scale_war,-0.101275981,0.439287447,DOWN,7.907191224,29.2023049,0.055555435,2.0,5.0,1.0,0.0,1.0,0.0,whipsaw_two_sided
WTI_daily,2026-03-25,1.0,full_scale_war,0.113133244,3.16420287,UP,5.955480167,91.65081433,0.531309446,4.0,2.0,0.0,1.0,0.0,0.0,all_day_trend_up
BRENT_daily,2026-03-25,1.0,full_scale_war,-0.049983058,1.940188872,DOWN,7.240722091,60.91167076,0.267955164,3.0,4.0,0.0,0.0,1.0,0.0,whipsaw_two_sided
WTI_daily,2026-03-26,1.0,full_scale_war,0.098582908,2.637342673,UP,6.489385515,72.17535513,0.406408691,3.0,3.0,1.0,1.0,0.0,0.0,mixed_regime
BRENT_daily,2026-03-26,1.0,full_scale_war,-0.122389335,3.400389891,UP,5.554990733,77.57351704,0.612132415,4.0,2.0,1.0,0.0,1.0,0.0,all_day_trend_up
BRENT_daily,2026-03-27,1.0,full_scale_war,-0.592532551,6.139471936,UP,7.609771264,98.4333837,0.806787973,5.0,2.0,0.0,0.0,1.0,0.0,all_day_trend_up
WTI_daily,2026-03-27,1.0,full_scale_war,-0.511785214,8.434254584,UP,9.816735904,99.34500454,0.859170978,5.0,2.0,1.0,0.0,1.0,0.0,all_day_trend_up
BRENT_daily,2026-03-30,1.0,full_scale_war,1.272932101,0.545290188,UP,3.059147553,80.06052811,0.178249064,2.0,5.0,1.0,1.0,0.0,0.0,gap_and_hold_up
WTI_daily,2026-03-30,1.0,full_scale_war,1.848194051,1.901988381,UP,5.754488238,94.09783379,0.330522594,3.0,4.0,1.0,1.0,0.0,0.0,whipsaw_two_sided
BRENT_daily,2026-03-31,1.0,full_scale_war,0.18383762,5.239012016,DOWN,7.009816992,7.853383797,0.747382139,4.0,2.0,0.0,1.0,0.0,0.0,all_day_trend_down
WTI_daily,2026-03-31,1.0,full_scale_war,0.057135089,3.340632099,DOWN,6.890642319,26.79551636,0.484807068,3.0,3.0,0.0,1.0,0.0,0.0,mixed_regime
BRENT_daily,2026-04-01,1.0,full_scale_war,0.522851396,3.390480306,DOWN,7.16625165,24.731228,0.473117673,3.0,3.0,1.0,1.0,0.0,0.0,mixed_regime
WTI_daily,2026-04-01,1.0,full_scale_war,0.157545949,2.76248282,DOWN,6.694846124,35.38920009,0.412628277,3.0,3.0,1.0,1.0,0.0,0.0,mixed_regime
BRENT_daily,2026-04-02,1.0,full_scale_war,0.0,8.723828249,UP,10.65802803,93.82604413,0.818521796,5.0,2.0,0.0,0.0,0.0,0.0,all_day_trend_up
WTI_daily,2026-04-02,1.0,full_scale_war,0.010104647,13.2228084,UP,16.64981958,88.03885201,0.794171273,5.0,2.0,1.0,1.0,0.0,0.0,all_day_trend_up
BRENT_daily,2026-04-06,1.0,full_scale_war,0.137545981,0.393773184,UP,4.597073638,55.37841461,0.085657358,2.0,5.0,0.0,1.0,0.0,0.0,whipsaw_two_sided
WTI_daily,2026-04-06,1.0,full_scale_war,0.85714204,0.309842844,DOWN,5.833927072,56.44914994,0.05311051,2.0,5.0,1.0,1.0,0.0,0.0,whipsaw_two_sided
WTI_daily,2026-04-07,1.0,full_scale_war,0.008882103,2.024512833,DOWN,7.48534905,13.52312394,0.270463384,3.0,4.0,1.0,1.0,0.0,0.0,whipsaw_two_sided
BRENT_daily,2026-04-07,1.0,full_scale_war,-0.036487199,3.759462775,DOWN,6.597320557,12.44814811,0.569846916,4.0,2.0,1.0,0.0,1.0,0.0,all_day_trend_down
WTI_daily,2026-04-08,2.0,post_ceasefire_complex,-1.450062106,11.25620572,DOWN,16.68199351,30.04408562,0.674751834,4.0,2.0,0.0,0.0,1.0,0.0,all_day_trend_down
BRENT_daily,2026-04-08,2.0,post_ceasefire_complex,-1.962643094,6.905221745,DOWN,13.52997839,44.67477451,0.51036458,4.0,2.0,0.0,0.0,1.0,0.0,all_day_trend_down
BRENT_daily,2026-04-09,2.0,post_ceasefire_complex,0.280486845,0.093231471,DOWN,5.366207781,40.54065598,0.017373809,2.0,5.0,1.0,1.0,0.0,0.0,whipsaw_two_sided
WTI_daily,2026-04-09,2.0,post_ceasefire_complex,0.290154175,1.23993035,UP,7.697868405,36.64435537,0.161074506,2.0,5.0,1.0,1.0,0.0,0.0,whipsaw_two_sided
BRENT_daily,2026-04-10,2.0,post_ceasefire_complex,-0.062220227,2.002490517,DOWN,4.16061657,5.23688211,0.481296578,3.0,3.0,0.0,0.0,1.0,0.0,late_session_decisive_down
WTI_daily,2026-04-10,2.0,post_ceasefire_complex,0.255154104,1.689915103,DOWN,4.998468762,21.58856243,0.338086559,3.0,4.0,0.0,1.0,0.0,0.0,whipsaw_two_sided
WTI_daily,2026-04-13,2.0,post_ceasefire_complex,8.574090096,6.523601752,DOWN,8.202192274,11.39538989,0.795348552,5.0,2.0,0.0,1.0,0.0,1.0,gap_and_hold_up
BRENT_daily,2026-04-13,2.0,post_ceasefire_complex,8.438328722,4.20816016,DOWN,6.073033911,7.556288239,0.692925517,4.0,2.0,0.0,1.0,0.0,1.0,gap_and_hold_up
WTI_daily,2026-04-14,2.0,post_ceasefire_complex,-0.02041044,6.041431062,DOWN,7.082357988,14.55333978,0.853025373,5.0,2.0,0.0,0.0,1.0,0.0,all_day_trend_down
BRENT_daily,2026-04-14,2.0,post_ceasefire_complex,0.315969378,3.332654786,DOWN,5.05995067,14.25700012,0.658633849,4.0,2.0,0.0,1.0,0.0,0.0,all_day_trend_down
BRENT_daily,2026-04-15,2.0,post_ceasefire_complex,0.399408509,0.61766788,DOWN,6.166247484,66.72327186,0.100169168,2.0,5.0,0.0,1.0,0.0,0.0,whipsaw_two_sided
WTI_daily,2026-04-15,2.0,post_ceasefire_complex,-0.054309821,0.684630815,DOWN,6.889811126,69.87377812,0.09936859,2.0,5.0,0.0,0.0,1.0,0.0,whipsaw_two_sided
WTI_daily,2026-04-16,2.0,post_ceasefire_complex,0.087538934,1.989723046,DOWN,4.362083536,37.34332485,0.456140519,3.0,3.0,0.0,1.0,0.0,0.0,mixed_regime
BRENT_daily,2026-04-16,2.0,post_ceasefire_complex,-0.179077392,3.429717103,UP,5.719710898,66.23625794,0.599631199,4.0,2.0,0.0,0.0,1.0,0.0,all_day_trend_up
WTI_daily,2026-04-17,2.0,post_ceasefire_complex,0.078081086,7.946951389,DOWN,12.67275408,31.83814135,0.627089529,4.0,2.0,1.0,1.0,0.0,0.0,all_day_trend_down
BRENT_daily,2026-04-17,2.0,post_ceasefire_complex,0.244870787,8.010180913,DOWN,13.04834575,33.54130675,0.613884784,4.0,2.0,0.0,1.0,0.0,0.0,all_day_trend_down
WTI_daily,2026-04-20,2.0,post_ceasefire_complex,0.0,3.995644991,UP,6.526222615,61.22446669,0.612244667,4.0,2.0,0.0,0.0,0.0,0.0,all_day_trend_up
BRENT_daily,2026-04-20,2.0,post_ceasefire_complex,0.0,4.315115783,UP,6.494802971,66.43951791,0.664395179,4.0,2.0,0.0,0.0,0.0,0.0,all_day_trend_up
BRENT_daily,2026-04-21,2.0,post_ceasefire_complex,-0.307595375,0.138309667,DOWN,6.734761118,71.09002683,0.020536685,2.0,5.0,1.0,0.0,1.0,0.0,whipsaw_two_sided
WTI_daily,2026-04-21,2.0,post_ceasefire_complex,-0.081499238,5.127011817,UP,7.841998812,70.13371272,0.653788905,4.0,2.0,0.0,0.0,1.0,0.0,all_day_trend_up
WTI_daily,2026-04-22,2.0,post_ceasefire_complex,-0.24384972,3.188891941,UP,6.766671075,85.8784885,0.471264512,3.0,3.0,0.0,0.0,1.0,0.0,late_session_decisive_up
BRENT_daily,2026-04-22,2.0,post_ceasefire_complex,-0.287667026,8.825731872,UP,11.66791174,95.78755347,0.756410579,5.0,2.0,0.0,0.0,1.0,0.0,all_day_trend_up
WTI_daily,2026-04-23,2.0,post_ceasefire_complex,0.032301904,4.413345971,UP,6.555431903,77.17569416,0.673234965,4.0,2.0,1.0,1.0,0.0,0.0,all_day_trend_up
BRENT_daily,2026-04-23,2.0,post_ceasefire_complex,-0.265092437,4.813939064,UP,11.23252949,92.19983257,0.428571238,3.0,3.0,1.0,0.0,1.0,0.0,late_session_decisive_up
WTI_daily,2026-04-24,2.0,post_ceasefire_complex,-0.391749746,2.297662138,DOWN,5.350856988,33.26889419,0.429400775,3.0,3.0,0.0,0.0,1.0,0.0,mixed_regime
BRENT_daily,2026-04-24,2.0,post_ceasefire_complex,-0.178456316,6.727513745,DOWN,8.901015424,16.70184307,0.755814188,5.0,2.0,0.0,0.0,1.0,0.0,all_day_trend_down
BRENT_daily,2026-04-27,2.0,post_ceasefire_complex,2.189050599,0.602172351,UP,2.981247958,76.8213259,0.201986671,2.0,4.0,0.0,1.0,0.0,1.0,gap_and_hold_up
WTI_daily,2026-04-27,2.0,post_ceasefire_complex,2.0656747,0.342503203,UP,3.196680726,67.85723132,0.107143388,2.0,5.0,0.0,1.0,0.0,1.0,gap_and_hold_up
BRENT_daily,2026-04-28,2.0,post_ceasefire_complex,-0.088317107,2.435674096,UP,4.134746707,64.13313931,0.58907456,4.0,2.0,1.0,0.0,1.0,0.0,all_day_trend_up
WTI_daily,2026-04-28,2.0,post_ceasefire_complex,-0.01034561,3.051623703,UP,5.803248905,60.24963485,0.525847461,4.0,2.0,1.0,0.0,1.0,0.0,all_day_trend_up
BRENT_daily,2026-04-29,2.0,post_ceasefire_complex,-0.115055362,7.41985346,UP,8.514112805,97.40703882,0.871476997,5.0,2.0,1.0,0.0,1.0,0.0,all_day_trend_up
WTI_daily,2026-04-29,2.0,post_ceasefire_complex,0.090339626,8.805534911,UP,10.20960826,98.91944394,0.862475296,5.0,2.0,1.0,1.0,0.0,0.0,all_day_trend_up
WTI_daily,2026-04-30,2.0,post_ceasefire_complex,0.534613183,3.355639537,DOWN,6.958837433,27.27280952,0.482212664,3.0,3.0,0.0,1.0,0.0,0.0,mixed_regime
BRENT_daily,2026-04-30,2.0,post_ceasefire_complex,0.455718426,1.058525913,DOWN,12.50667623,75.60455875,0.084636869,2.0,5.0,0.0,1.0,0.0,0.0,whipsaw_two_sided
BRENT_daily,2026-05-01,2.0,post_ceasefire_complex,-0.197789458,2.558331603,DOWN,7.674981064,49.99995523,0.33333393,3.0,4.0,1.0,0.0,1.0,0.0,whipsaw_two_sided
WTI_daily,2026-05-01,2.0,post_ceasefire_complex,-0.256146725,3.043558081,DOWN,6.990677684,35.9183665,0.435373825,3.0,3.0,1.0,0.0,1.0,0.0,mixed_regime
WTI_daily,2026-05-04,2.0,post_ceasefire_complex,-1.716696055,4.940609669,UP,7.415909895,68.77524092,0.666217597,4.0,2.0,0.0,0.0,1.0,0.0,all_day_trend_up
BRENT_daily,2026-05-04,2.0,post_ceasefire_complex,-1.43292544,6.696679052,UP,8.234851391,83.02963473,0.813211889,5.0,2.0,1.0,0.0,1.0,0.0,all_day_trend_up
BRENT_daily,2026-05-05,2.0,post_ceasefire_complex,0.052740469,2.916886051,DOWN,4.261112711,18.55673833,0.684536235,4.0,2.0,1.0,1.0,0.0,0.0,all_day_trend_down
WTI_daily,2026-05-05,2.0,post_ceasefire_complex,-0.199732819,2.144286661,DOWN,4.193273147,36.36358907,0.511363459,4.0,2.0,1.0,0.0,1.0,0.0,all_day_trend_down
WTI_daily,2026-05-06,2.0,post_ceasefire_complex,0.01947472,6.319374933,DOWN,13.67087994,53.77492189,0.462250781,3.0,3.0,0.0,1.0,0.0,0.0,mixed_regime
BRENT_daily,2026-05-06,2.0,post_ceasefire_complex,-0.045251631,7.686734358,DOWN,12.42190491,38.11952019,0.618804798,4.0,2.0,0.0,0.0,1.0,0.0,all_day_trend_down
WTI_daily,2026-05-07,2.0,post_ceasefire_complex,0.093549494,1.412253964,UP,8.452750916,95.94601687,0.167076255,2.0,5.0,1.0,1.0,0.0,0.0,whipsaw_two_sided
BRENT_daily,2026-05-07,2.0,post_ceasefire_complex,-0.421734316,1.556192111,UP,7.229394322,95.91276717,0.215258989,2.0,4.0,0.0,0.0,1.0,0.0,whipsaw_two_sided
WTI_daily,2026-05-08,2.0,post_ceasefire_complex,0.604133029,2.910942097,DOWN,4.905852107,32.57260984,0.59336116,4.0,2.0,0.0,1.0,0.0,0.0,all_day_trend_down
BRENT_daily,2026-05-08,2.0,post_ceasefire_complex,0.436424154,2.201621121,DOWN,4.268055497,39.36648381,0.515837042,4.0,2.0,0.0,1.0,0.0,0.0,all_day_trend_down
BRENT_daily,2026-05-11,2.0,post_ceasefire_complex,2.754468249885905,0.326668266630621,UP,3.055342284041885,50.31441259665698,0.1069170771264536,2.0,5.0,1.0,1.0,0.0,1.0,gap_and_hold_up
WTI_daily,2026-05-11,2.0,post_ceasefire_complex,2.672398973685704,0.2858005264959672,UP,4.327861019019831,50.0,0.06603736239217196,2.0,5.0,1.0,1.0,0.0,1.0,gap_and_hold_up
WTI_daily,2026-05-12,2.0,post_ceasefire_complex,0.1424930174538804,3.719893977857309,UP,4.797236761848901,85.80512721042253,0.7754243041412084,5.0,2.0,1.0,1.0,0.0,0.0,all_day_trend_up
BRENT_daily,2026-05-12,2.0,post_ceasefire_complex,0.07661543043244391,2.794256621000299,UP,4.124399577601674,76.79813070877293,0.6774941584649153,4.0,2.0,1.0,1.0,0.0,0.0,all_day_trend_up
BRENT_daily,2026-05-13,2.0,post_ceasefire_complex,0.2978958297140703,2.032666470609021,DOWN,2.784481213553867,8.00018310546875,0.7299982706705729,4.0,2.0,0.0,1.0,0.0,0.0,all_day_trend_down
WTI_daily,2026-05-13,2.0,post_ceasefire_complex,0.1077908937403679,1.135477310617614,DOWN,3.044244810951437,14.14798569304818,0.3729914580236192,3.0,3.0,0.0,1.0,0.0,0.0,late_session_decisive_down
BRENT_daily,2026-05-14,2.0,post_ceasefire_complex,0.08526417365094166,0.8614196018241793,UP,3.048089018655039,83.54041682067613,0.2826097258157763,3.0,4.0,0.0,1.0,0.0,0.0,whipsaw_two_sided
WTI_daily,2026-05-14,2.0,post_ceasefire_complex,0.01979865650139233,0.9899030224018878,UP,2.930112040026303,88.85128604310094,0.3378379423310385,3.0,4.0,0.0,1.0,0.0,0.0,whipsaw_two_sided
WTI_daily,2026-05-15,2.0,post_ceasefire_complex,0.03920889712170201,1.019009347839998,DOWN,5.104839515091639,46.83292208790645,0.1996163336432928,2.0,5.0,0.0,1.0,0.0,0.0,whipsaw_two_sided
BRENT_daily,2026-05-15,2.0,post_ceasefire_complex,0.01876737915877174,2.524164820408548,UP,3.453129694767661,87.22822875742466,0.7309788636764142,4.0,2.0,1.0,1.0,0.0,0.0,all_day_trend_up
WTI_daily,2026-05-18,2.0,post_ceasefire_complex,0.9998041672869042,0.4508468979478177,UP,6.478487395309871,58.85021226104762,0.06959138305558954,2.0,5.0,0.0,1.0,0.0,0.0,whipsaw_two_sided
BRENT_daily,2026-05-18,2.0,post_ceasefire_complex,0.8786372558145153,0.852841980580277,DOWN,5.280348058761427,41.40886871279523,0.1615124554460378,2.0,5.0,1.0,1.0,0.0,0.0,whipsaw_two_sided
WTI_daily,2026-05-19,2.0,post_ceasefire_complex,0.08781731794432292,1.413527902475842,UP,2.671083851492031,69.70793875317776,0.5291963790976703,4.0,2.0,1.0,1.0,0.0,0.0,all_day_trend_up
BRENT_daily,2026-05-19,2.0,post_ceasefire_complex,0.2470756547190682,1.323593708671212,UP,2.63806417995537,72.66432240930523,0.5017291537970106,4.0,2.0,1.0,1.0,0.0,0.0,all_day_trend_up
BRENT_daily,2026-05-20,2.0,post_ceasefire_complex,0.1891883643897804,5.179392306131843,DOWN,7.391422793250267,26.39900056802783,0.7007300828281103,4.0,2.0,0.0,1.0,0.0,0.0,all_day_trend_down
WTI_daily,2026-05-20,2.0,post_ceasefire_complex,0.08651732033190031,4.840569326332248,DOWN,7.212825882375872,28.49535226291461,0.6711058058617362,4.0,2.0,1.0,1.0,0.0,0.0,all_day_trend_down
WTI_daily,2026-05-21,2.0,post_ceasefire_complex,-0.1312120310960193,0.9600777943824523,DOWN,6.973220554507034,32.46372997699019,0.1376806866895843,2.0,5.0,0.0,0.0,1.0,0.0,whipsaw_two_sided
BRENT_daily,2026-05-21,2.0,post_ceasefire_complex,-0.2275939978332374,0.3136601406010188,DOWN,6.795926203500558,38.04190088394348,0.04615414164436534,2.0,5.0,0.0,0.0,1.0,0.0,whipsaw_two_sided
WTI_daily,2026-05-22,2.0,post_ceasefire_complex,0.0,1.428572985590721,DOWN,4.795915253308355,39.78715598713066,0.2978728584924956,3.0,4.0,0.0,0.0,0.0,0.0,whipsaw_two_sided
BRENT_daily,2026-05-22,2.0,post_ceasefire_complex,-0.3432500188588919,0.9376155367529596,DOWN,5.874473389638928,54.23456290026367,0.1596084405466325,2.0,5.0,0.0,0.0,1.0,0.0,whipsaw_two_sided
WTI_daily,2026-05-26,2.0,post_ceasefire_complex,-5.113866345800337,2.083783500332111,UP,3.600256699234064,65.75761148757216,0.5787874794526249,4.0,2.0,0.0,0.0,1.0,1.0,gap_and_fade
BRENT_daily,2026-05-26,2.0,post_ceasefire_complex,-8.180414473449096,1.598818394809733,UP,2.966235094011202,58.86511391336578,0.5390059601269401,4.0,2.0,0.0,0.0,1.0,1.0,gap_and_fade
BRENT_daily,2026-05-27,2.0,post_ceasefire_complex,-0.2070576206904069,4.31579630569185,DOWN,5.436246391689746,9.732869163110406,0.7938926963077501,5.0,2.0,1.0,0.0,1.0,0.0,all_day_trend_down
WTI_daily,2026-05-27,2.0,post_ceasefire_complex,-0.1923696759248124,5.129029817788262,DOWN,6.3390147093159,14.02028746808738,0.8091209837785313,5.0,2.0,0.0,0.0,1.0,0.0,all_day_trend_down
BRENT_daily,2026-05-28,2.0,post_ceasefire_complex,,0.8257336654867627,DOWN,5.705093506513908,34.58654272246068,0.1447362194053374,2.0,5.0,1.0,0.0,0.0,0.0,whipsaw_two_sided
WTI_daily,2026-05-28,2.0,post_ceasefire_complex,,1.447181370654715,DOWN,6.022482380540907,26.24767486627396,0.2402964889246776,2.0,4.0,0.0,0.0,0.0,0.0,whipsaw_two_sided
BRENT_daily,2026-05-29,2.0,post_ceasefire_complex,,1.534469586,DOWN,3.187807347,40.00005172,0.481355809,3.0,3.0,0.0,0.0,0.0,0.0,mixed_regime
WTI_daily,2026-05-29,2.0,post_ceasefire_complex,,1.588370042,DOWN,3.007770947,37.82782131,0.528088764,4.0,2.0,0.0,0.0,0.0,0.0,all_day_trend_down
BRENT_daily,2026-06-01,2.0,post_ceasefire_complex,2.557061163,1.979674868,UP,5.543071669,51.73745458,0.357144014,3.0,3.0,1.0,1.0,0.0,1.0,gap_and_hold_up
WTI_daily,2026-06-01,2.0,post_ceasefire_complex,2.941849447,2.824420001,UP,6.393861871,59.82612942,0.44173929,3.0,3.0,1.0,1.0,0.0,1.0,gap_and_hold_up
BRENT_daily,2026-06-02,2.0,post_ceasefire_complex,,0.672692236,UP,3.615726785,86.04642395,0.186046202,2.0,5.0,0.0,0.0,0.0,0.0,whipsaw_two_sided
WTI_daily,2026-06-02,2.0,post_ceasefire_complex,,1.279688013,UP,4.207783637,84.27832366,0.304124005,3.0,4.0,0.0,0.0,0.0,0.0,whipsaw_two_sided
WTI_daily,2026-06-03,2.0,post_ceasefire_complex,0.064244094,2.94275023,UP,3.79882629,77.46472214,0.774647221,5.0,2.0,0.0,1.0,0.0,0.0,all_day_trend_up
BRENT_daily,2026-06-03,2.0,post_ceasefire_complex,0.302778157,1.863225691,UP,3.081085764,61.48649519,0.604730226,4.0,2.0,0.0,1.0,0.0,0.0,all_day_trend_up
WTI_daily,2026-06-04,2.0,post_ceasefire_complex,,3.077401345,DOWN,4.120589321,25.31647526,0.746835247,4.0,2.0,0.0,0.0,0.0,0.0,all_day_trend_down
BRENT_daily,2026-06-04,2.0,post_ceasefire_complex,,2.350406352,DOWN,3.674434794,34.07822896,0.639664733,4.0,2.0,0.0,0.0,0.0,0.0,all_day_trend_down
BRENT_daily,2026-06-05,2.0,post_ceasefire_complex,-0.073575463,2.082679461,DOWN,3.386979311,12.73279122,0.614907642,4.0,2.0,1.0,0.0,1.0,0.0,all_day_trend_down
WTI_daily,2026-06-05,2.0,post_ceasefire_complex,-0.096872203,2.456365855,DOWN,4.255545099,21.77218417,0.577215327,4.0,2.0,0.0,0.0,1.0,0.0,all_day_trend_down
BRENT_daily,2026-06-08,2.0,post_ceasefire_complex,2.92190496,1.690841414,DOWN,4.571553068,11.87223043,0.369861487,3.0,3.0,0.0,1.0,0.0,1.0,gap_and_hold_up
WTI_daily,2026-06-08,2.0,post_ceasefire_complex,3.103597891,2.217460877,DOWN,5.441887428,17.51966671,0.407480108,3.0,3.0,0.0,1.0,0.0,1.0,gap_and_hold_up
BRENT_daily,2026-06-09,3.0,strong_escalation_op_rising_lion,0.15924609,2.660583638,DOWN,5.225779623,45.43621409,0.509126643,4.0,2.0,1.0,1.0,0.0,0.0,all_day_trend_down
WTI_daily,2026-06-09,3.0,strong_escalation_op_rising_lion,0.0,2.826470054,DOWN,6.134976094,49.10708933,0.460714111,3.0,3.0,1.0,0.0,0.0,0.0,mixed_regime
BRENT_daily,2026-06-10,3.0,strong_escalation_op_rising_lion,0.468256884,2.655535326,UP,4.270542326,99.49227766,0.621826251,4.0,2.0,0.0,1.0,0.0,0.0,all_day_trend_up
WTI_daily,2026-06-10,3.0,strong_escalation_op_rising_lion,0.789182189,2.74048871,UP,5.011189352,99.5534764,0.546873909,4.0,2.0,0.0,1.0,0.0,0.0,all_day_trend_up
BRENT_daily,2026-06-11,3.0,strong_escalation_op_rising_lion,0.17949337,6.102446336,DOWN,8.389543966,8.66827753,0.727387133,4.0,2.0,1.0,1.0,0.0,0.0,all_day_trend_down
WTI_daily,2026-06-11,3.0,strong_escalation_op_rising_lion,0.43549432,6.319785183,DOWN,8.563687291,8.607597137,0.737974773,4.0,2.0,0.0,1.0,0.0,0.0,all_day_trend_down
WTI_daily,2026-06-12,3.0,strong_escalation_op_rising_lion,,1.359681298,DOWN,4.683330931,41.68728619,0.290323558,3.0,4.0,0.0,0.0,0.0,0.0,whipsaw_two_sided
BRENT_daily,2026-06-12,3.0,strong_escalation_op_rising_lion,,1.466766854,DOWN,4.592124361,37.59211042,0.319409219,3.0,4.0,0.0,0.0,0.0,0.0,whipsaw_two_sided
WTI_daily,2026-06-15,4.0,naval_blockade_removed,-4.630066485,0.259427698,UP,2.458314476,73.36696903,0.105530721,2.0,5.0,0.0,0.0,1.0,1.0,gap_and_fade
BRENT_daily,2026-06-15,4.0,naval_blockade_removed,-3.893280035,0.500414831,DOWN,2.502083244,52.85721033,0.199999273,2.0,5.0,0.0,0.0,1.0,1.0,gap_and_fade
WTI_daily,2026-06-16,4.0,naval_blockade_removed,-0.073934432,6.498146415,DOWN,8.43403711,15.93572127,0.770466899,5.0,2.0,0.0,0.0,1.0,0.0,all_day_trend_down
BRENT_daily,2026-06-16,4.0,naval_blockade_removed,0.04789955,4.895276862,DOWN,6.403358358,18.87852306,0.764485851,5.0,2.0,0.0,1.0,0.0,0.0,all_day_trend_down
BRENT_daily,2026-06-17,4.0,naval_blockade_removed,-0.327211351,0.643932483,DOWN,6.477279142,17.93381916,0.099414039,2.0,5.0,0.0,0.0,1.0,0.0,whipsaw_two_sided
WTI_daily,2026-06-17,4.0,naval_blockade_removed,-0.145062123,0.937663858,DOWN,6.72213931,18.07475602,0.139488906,2.0,5.0,0.0,0.0,1.0,0.0,whipsaw_two_sided
BRENT_daily,2026-06-18,4.0,naval_blockade_removed,-0.43208026,1.391198454,UP,4.416080602,82.65899905,0.315030132,3.0,4.0,0.0,0.0,1.0,0.0,whipsaw_two_sided
WTI_daily,2026-06-18,4.0,naval_blockade_removed,-0.17331673,0.854700071,UP,4.313562829,83.28168329,0.198142488,2.0,5.0,0.0,0.0,1.0,0.0,whipsaw_two_sided
BRENT_daily,2026-06-19,4.0,naval_blockade_removed,-0.125888847,0.214265411,DOWN,1.121753757,40.44953452,0.19100931,2.0,5.0,0.0,0.0,1.0,0.0,whipsaw_two_sided
WTI_daily,2026-06-19,4.0,naval_blockade_removed,-0.158891847,0.185675579,DOWN,1.127318908,32.94109199,0.16470546,2.0,5.0,1.0,0.0,1.0,0.0,whipsaw_two_sided
WTI_daily,2026-06-22,5.0,slight_escalation_strait_closure,3.640709256,1.871793698,DOWN,6.282053238,67.34698008,0.297958904,3.0,4.0,0.0,1.0,0.0,1.0,gap_and_hold_up
BRENT_daily,2026-06-22,5.0,slight_escalation_strait_closure,3.839839568,1.970566555,DOWN,6.215789645,64.97063206,0.31702594,3.0,4.0,0.0,1.0,0.0,1.0,gap_and_hold_up
BRENT_daily,2026-06-23,5.0,slight_escalation_strait_closure,-3.139345942,1.511658137,DOWN,2.651805995,29.46863286,0.570048541,4.0,2.0,1.0,0.0,1.0,1.0,gap_and_fade
WTI_daily,2026-06-23,5.0,slight_escalation_strait_closure,-3.135617321,1.470186602,DOWN,2.657126528,28.93408879,0.553299433,4.0,2.0,1.0,0.0,1.0,1.0,gap_and_fade
BRENT_daily,2026-06-24,5.0,slight_escalation_strait_closure,0.156090987,4.961038565,DOWN,5.090906713,2.550982674,0.974490173,5.0,2.0,0.0,1.0,0.0,0.0,all_day_trend_down
WTI_daily,2026-06-24,5.0,slight_escalation_strait_closure,0.109506089,4.457807506,DOWN,4.854373287,6.760712305,0.918307522,5.0,2.0,1.0,1.0,0.0,0.0,all_day_trend_down
BRENT_daily,2026-06-25,5.0,slight_escalation_strait_closure,-0.109321988,2.599181348,UP,5.21204551,71.65353385,0.498687385,3.0,3.0,0.0,0.0,1.0,0.0,mixed_regime
WTI_daily,2026-06-25,5.0,slight_escalation_strait_closure,0.114490051,2.172986903,UP,5.146531281,71.38891067,0.422223588,3.0,3.0,1.0,1.0,0.0,0.0,mixed_regime
WTI_daily,2026-06-26,5.0,slight_escalation_strait_closure,-0.041973945,3.093503652,DOWN,4.619265032,20.30318723,0.669696073,4.0,2.0,1.0,0.0,1.0,0.0,all_day_trend_down
BRENT_daily,2026-06-26,5.0,slight_escalation_strait_closure,0.026662191,3.225804155,DOWN,4.67875539,18.51855072,0.689457748,4.0,2.0,1.0,1.0,0.0,0.0,all_day_trend_down
BRENT_daily,2026-06-29,5.0,slight_escalation_strait_closure,0.812677658,0.614833902,UP,2.268063912,63.85542722,0.271083147,3.0,4.0,0.0,1.0,0.0,0.0,whipsaw_two_sided
WTI_daily,2026-06-29,5.0,slight_escalation_strait_closure,1.083345318,0.628743628,UP,2.615035358,60.10914609,0.240434083,2.0,4.0,0.0,1.0,0.0,0.0,gap_and_hold_up
WTI_daily,2026-06-30,5.0,slight_escalation_strait_closure,0.014203545,0.567941962,DOWN,3.379237886,34.03355014,0.168068062,2.0,5.0,1.0,1.0,0.0,0.0,whipsaw_two_sided
BRENT_daily,2026-06-30,5.0,slight_escalation_strait_closure,0.013582477,0.380174845,DOWN,2.946365409,32.25830269,0.129031804,2.0,5.0,1.0,1.0,0.0,0.0,whipsaw_two_sided
BRENT_daily,2026-07-01,5.0,slight_escalation_strait_closure,0.013622061,3.052600092,DOWN,3.379661788,4.032203484,0.903226501,5.0,2.0,0.0,1.0,0.0,0.0,all_day_trend_down
WTI_daily,2026-07-01,5.0,slight_escalation_strait_closure,-0.071391437,2.70078155,DOWN,3.243789888,7.488892026,0.832600644,5.0,2.0,1.0,0.0,1.0,0.0,all_day_trend_down
BRENT_daily,2026-07-02,5.0,slight_escalation_strait_closure,-0.070288238,0.633006894,UP,2.489807798,79.09594048,0.254239261,3.0,4.0,0.0,0.0,1.0,0.0,whipsaw_two_sided
WTI_daily,2026-07-02,5.0,slight_escalation_strait_closure,-0.088115086,0.632074545,UP,2.587097116,80.68161622,0.244318059,2.0,4.0,0.0,0.0,1.0,0.0,whipsaw_two_sided
BRENT_daily,2026-07-03,5.0,slight_escalation_strait_closure,0.055914055,0.880130256,UP,1.257336551,84.44453863,0.699995761,4.0,2.0,0.0,1.0,0.0,0.0,all_day_trend_up
WTI_daily,2026-07-03,5.0,slight_escalation_strait_closure,-0.043819427,0.847584142,UP,1.256759618,82.55797449,0.674420255,4.0,2.0,0.0,0.0,1.0,0.0,all_day_trend_up
WTI_daily,2026-07-06,5.0,slight_escalation_strait_closure,-0.478194205,0.145600573,UP,2.023877961,69.06471266,0.07194138,2.0,5.0,1.0,0.0,1.0,0.0,whipsaw_two_sided
BRENT_daily,2026-07-06,5.0,slight_escalation_strait_closure,-0.470843847,0.36175664,UP,2.1705823,70.51283305,0.166663406,2.0,5.0,1.0,0.0,1.0,0.0,whipsaw_two_sided
WTI_daily,2026-07-07,5.0,slight_escalation_strait_closure,-0.290777772,5.278499592,UP,5.730533975,92.11182789,0.921118279,5.0,2.0,0.0,0.0,1.0,0.0,all_day_trend_up
BRENT_daily,2026-07-07,5.0,slight_escalation_strait_closure,-0.027723061,5.200388252,UP,5.94924543,88.57814081,0.874125688,5.0,2.0,0.0,0.0,1.0,0.0,all_day_trend_up
BRENT_daily,2026-07-08,6.0,ceasefire_collapse_renewed_escalation,0.171364688,2.645087765,UP,8.435315453,59.9063762,0.31357307,3.0,4.0,0.0,1.0,0.0,0.0,whipsaw_two_sided
WTI_daily,2026-07-08,6.0,ceasefire_collapse_renewed_escalation,0.249307912,1.588838864,UP,7.792207245,54.78717504,0.203901002,2.0,4.0,1.0,1.0,0.0,0.0,whipsaw_two_sided
BRENT_daily,2026-07-09,6.0,ceasefire_collapse_renewed_escalation,0.164034389,4.207604502,DOWN,4.761903389,11.64027999,0.8835972,5.0,2.0,0.0,1.0,0.0,0.0,all_day_trend_down
WTI_daily,2026-07-09,6.0,ceasefire_collapse_renewed_escalation,0.254139656,4.189458996,DOWN,4.949965624,10.51211552,0.84636123,5.0,2.0,0.0,1.0,0.0,0.0,all_day_trend_down
BRENT_daily,2026-07-10,6.0,ceasefire_collapse_renewed_escalation,-0.09205641,0.039487665,UP,2.961695358,30.66677517,0.013332791,2.0,5.0,1.0,0.0,1.0,0.0,whipsaw_two_sided
WTI_daily,2026-07-10,6.0,ceasefire_collapse_renewed_escalation,0.069632438,0.626213393,DOWN,3.325921234,26.77845772,0.188282689,2.0,5.0,0.0,1.0,0.0,0.0,whipsaw_two_sided
WTI_daily,2026-07-13,7.0,sustained_major_reescalation_hormuz_war,3.766971956,5.263160062,UP,8.056681975,90.28472843,0.653266454,4.0,2.0,1.0,1.0,0.0,1.0,gap_and_hold_up
BRENT_daily,2026-07-13,7.0,sustained_major_reescalation_hormuz_war,3.644252816,5.585175925,UP,8.352376153,89.66565173,0.668693055,4.0,2.0,0.0,1.0,0.0,1.0,gap_and_hold_up
WTI_daily,2026-07-14,7.0,sustained_major_reescalation_hormuz_war,,2.188938843,UP,4.39068124,58.0176477,0.498541963,3.0,3.0,0.0,0.0,0.0,0.0,mixed_regime
BRENT_daily,2026-07-14,7.0,sustained_major_reescalation_hormuz_war,,2.473580198,UP,5.115276415,48.35672595,0.48356726,3.0,3.0,0.0,0.0,0.0,0.0,mixed_regime
BRENT_daily,2026-07-15,7.0,sustained_major_reescalation_hormuz_war,-0.152328637,0.492897751,UP,3.74369496,71.78680762,0.131660767,2.0,5.0,0.0,0.0,1.0,0.0,whipsaw_two_sided
WTI_daily,2026-07-15,7.0,sustained_major_reescalation_hormuz_war,-0.112744539,0.62703789,UP,3.436164958,74.81740951,0.182481894,2.0,5.0,0.0,0.0,1.0,0.0,whipsaw_two_sided
WTI_daily,2026-07-16,7.0,sustained_major_reescalation_hormuz_war,,1.853692355,DOWN,3.570543474,31.01040202,0.519162522,4.0,2.0,1.0,0.0,0.0,0.0,all_day_trend_down
BRENT_daily,2026-07-16,7.0,sustained_major_reescalation_hormuz_war,,0.852898421,DOWN,2.839117197,42.38677572,0.300409727,3.0,4.0,1.0,0.0,0.0,0.0,whipsaw_two_sided
WTI_daily,2026-07-17,7.0,sustained_major_reescalation_hormuz_war,,3.58454964,UP,5.243824635,92.99514594,0.683575422,4.0,2.0,0.0,0.0,0.0,0.0,all_day_trend_up
BRENT_daily,2026-07-17,7.0,sustained_major_reescalation_hormuz_war,,3.756912819,UP,5.429278544,95.22773988,0.691972753,4.0,2.0,1.0,0.0,0.0,0.0,all_day_trend_up
BRENT_daily,2026-07-20,7.0,sustained_major_reescalation_hormuz_war,,2.723996711,DOWN,5.787113777,52.55195271,0.47070039,3.0,3.0,0.0,0.0,0.0,0.0,mixed_regime
WTI_daily,2026-07-20,7.0,sustained_major_reescalation_hormuz_war,,2.565312995,DOWN,5.934503913,56.57367006,0.432270841,3.0,3.0,0.0,0.0,0.0,0.0,mixed_regime
BRENT_daily,2026-07-21,7.0,sustained_major_reescalation_hormuz_war,,2.660831655,UP,4.591898486,87.04160721,0.579462212,4.0,2.0,0.0,0.0,0.0,0.0,all_day_trend_up
WTI_daily,2026-07-21,7.0,sustained_major_reescalation_hormuz_war,,2.361066308,UP,4.40731269,86.53851797,0.535715633,4.0,2.0,0.0,0.0,0.0,0.0,all_day_trend_up
WTI_daily,2026-07-22,7.0,sustained_major_reescalation_hormuz_war,0.177432605,2.113591763,UP,4.923837583,48.92090675,0.429257003,3.0,3.0,1.0,1.0,0.0,0.0,mixed_regime
BRENT_daily,2026-07-22,7.0,sustained_major_reescalation_hormuz_war,0.076552595,2.589875491,UP,11.68178581,89.05514003,0.221702018,2.0,4.0,0.0,1.0,0.0,0.0,whipsaw_two_sided
BRENT_daily,2026-07-23,7.0,sustained_major_reescalation_hormuz_war,1.448658554,5.575394065,UP,16.74717024,90.84640335,0.33291559,3.0,4.0,0.0,1.0,0.0,0.0,whipsaw_two_sided
WTI_daily,2026-07-23,7.0,sustained_major_reescalation_hormuz_war,1.433855013,5.289556914,UP,7.045143889,81.55340885,0.750808926,5.0,2.0,0.0,1.0,0.0,0.0,all_day_trend_up
WTI_daily,2026-07-24,7.0,sustained_major_reescalation_hormuz_war,0.205719403,3.500816193,DOWN,5.564561163,31.65042273,0.629127094,4.0,2.0,1.0,1.0,0.0,0.0,all_day_trend_down
BRENT_daily,2026-07-24,7.0,sustained_major_reescalation_hormuz_war,0.358031427,4.092760611,DOWN,10.02874084,56.71933109,0.408103139,3.0,3.0,0.0,1.0,0.0,0.0,mixed_regime
WTI_daily,2026-07-27,8.0,operational_pause_renewed_diplomacy,-5.240175157,3.213982842,DOWN,4.809169121,6.879764857,0.668303144,4.0,2.0,1.0,0.0,1.0,1.0,gap_and_fade
BRENT_daily,2026-07-27,8.0,operational_pause_renewed_diplomacy,-5.28001723,4.352566754,DOWN,6.38159291,3.931677213,0.682050205,4.0,2.0,1.0,0.0,1.0,1.0,gap_and_fade
WTI_daily,2026-07-28,9.0,ceasefire_pause_breakdown_renewed_escalation,0.109872218,3.500003349,DOWN,5.890246135,27.95026837,0.594203242,4.0,2.0,0.0,1.0,0.0,0.0,all_day_trend_down
BRENT_daily,2026-07-28,9.0,ceasefire_pause_breakdown_renewed_escalation,0.353555608,4.807359734,DOWN,6.648481209,21.36752694,0.723076381,4.0,2.0,0.0,1.0,0.0,0.0,all_day_trend_down
WTI_daily,2026-07-29,9.0,ceasefire_pause_breakdown_renewed_escalation,1.150010987,5.697148309,UP,7.05897234,82.83184144,0.807078996,5.0,2.0,0.0,1.0,0.0,0.0,all_day_trend_up
BRENT_daily,2026-07-29,9.0,ceasefire_pause_breakdown_renewed_escalation,1.420719653,6.580346284,UP,7.180701969,91.63931761,0.916393176,5.0,2.0,0.0,1.0,0.0,0.0,all_day_trend_up
BRENT_daily,2026-07-30,9.0,ceasefire_pause_breakdown_renewed_escalation,-0.05522758,1.149299304,DOWN,4.740856467,13.98597543,0.242424404,2.0,4.0,0.0,0.0,1.0,0.0,whipsaw_two_sided
WTI_daily,2026-07-30,9.0,ceasefire_pause_breakdown_renewed_escalation,0.059105263,0.815123956,DOWN,3.508566057,33.33324771,0.232323959,2.0,4.0,0.0,1.0,0.0,0.0,whipsaw_two_sided
WTI_daily,2026-07-31,9.0,ceasefire_pause_breakdown_renewed_escalation,-0.047642825,0.893708313,UP,6.923266581,62.13420631,0.129087664,2.0,5.0,0.0,0.0,1.0,0.0,whipsaw_two_sided
BRENT_daily,2026-07-31,9.0,ceasefire_pause_breakdown_renewed_escalation,-0.07825567,0.827931882,UP,4.005372501,87.15087013,0.206705339,2.0,4.0,0.0,0.0,1.0,0.0,whipsaw_two_sided
BRENT_daily,2026-08-03,10.0,second_deescalation_active_negotiation_hormuz_deal,,0.119601092,DOWN,2.308336672,40.93268345,0.051812673,2.0,5.0,1.0,0.0,0.0,0.0,whipsaw_two_sided
WTI_daily,2026-08-03,10.0,second_deescalation_active_negotiation_hormuz_deal,,0.743870662,DOWN,3.558148545,56.79427504,0.20906116,2.0,4.0,1.0,0.0,0.0,0.0,whipsaw_two_sided
WTI_daily,2026-08-04,10.0,second_deescalation_active_negotiation_hormuz_deal,0.049963673,6.19225865,DOWN,9.01373453,0.415495488,0.686980366,4.0,2.0,0.0,1.0,0.0,0.0,all_day_trend_down
BRENT_daily,2026-08-04,10.0,second_deescalation_active_negotiation_hormuz_deal,0.083821929,5.850681123,DOWN,9.140941879,0.0,0.640052327,4.0,2.0,0.0,1.0,0.0,0.0,all_day_trend_down
BRENT_daily,2026-08-05,10.0,second_deescalation_active_negotiation_hormuz_deal,,0.697530834,UP,3.551050229,45.35724601,0.196429447,2.0,5.0,0.0,0.0,0.0,0.0,whipsaw_two_sided
WTI_daily,2026-08-05,10.0,second_deescalation_active_negotiation_hormuz_deal,,0.318637632,DOWN,3.266063588,34.14651544,0.097560144,2.0,5.0,0.0,0.0,0.0,0.0,whipsaw_two_sided
BRENT_daily,2026-08-06,10.0,second_deescalation_active_negotiation_hormuz_deal,,0.062950672,DOWN,1.611683214,25.78141764,0.039058961,2.0,5.0,1.0,0.0,0.0,0.0,whipsaw_two_sided
WTI_daily,2026-08-06,10.0,second_deescalation_active_negotiation_hormuz_deal,,4.18165824,UP,5.247040396,92.8934364,0.796955602,5.0,2.0,0.0,0.0,0.0,0.0,all_day_trend_up
BRENT_daily,2026-08-07,10.0,second_deescalation_active_negotiation_hormuz_deal,4.989289338,0.26401202,UP,3.468137917,70.93437663,0.076125006,2.0,5.0,0.0,1.0,0.0,1.0,gap_and_hold_up
WTI_daily,2026-08-07,10.0,second_deescalation_active_negotiation_hormuz_deal,-0.076703548,0.012795365,UP,2.865546778,73.66085265,0.004465244,2.0,5.0,1.0,0.0,1.0,0.0,whipsaw_two_sided
WTI_daily,2026-08-10,10.0,second_deescalation_active_negotiation_hormuz_deal,,4.348928852,UP,5.819698463,98.25720555,0.747277351,4.0,2.0,1.0,0.0,0.0,0.0,all_day_trend_up
BRENT_daily,2026-08-10,10.0,second_deescalation_active_negotiation_hormuz_deal,,4.112350478,UP,5.427828846,98.47162299,0.757641885,5.0,2.0,1.0,0.0,0.0,0.0,all_day_trend_up
BRENT_daily,2026-08-11,10.0,second_deescalation_active_negotiation_hormuz_deal,,1.425313619,UP,3.762822733,67.27262639,0.378788404,3.0,3.0,0.0,0.0,0.0,0.0,mixed_regime
WTI_daily,2026-08-11,10.0,second_deescalation_active_negotiation_hormuz_deal,,1.302336474,UP,4.065243206,58.68276604,0.32035881,3.0,4.0,1.0,0.0,0.0,0.0,whipsaw_two_sided
BRENT_daily,2026-08-12,10.0,second_deescalation_active_negotiation_hormuz_deal,,0.96380206,DOWN,2.185360165,12.82053288,0.441026644,3.0,3.0,0.0,0.0,0.0,0.0,late_session_decisive_down
WTI_daily,2026-08-12,10.0,second_deescalation_active_negotiation_hormuz_deal,,1.101794214,DOWN,2.335325687,9.230799327,0.471794671,3.0,3.0,1.0,0.0,0.0,0.0,late_session_decisive_down
WTI_daily,2026-08-13,10.0,second_deescalation_active_negotiation_hormuz_deal,,1.837307157,DOWN,3.880099823,34.89097832,0.47352059,3.0,3.0,0.0,0.0,0.0,0.0,mixed_regime
BRENT_daily,2026-08-13,10.0,second_deescalation_active_negotiation_hormuz_deal,,1.717907114,DOWN,3.560119549,34.60312539,0.482541974,3.0,3.0,0.0,0.0,0.0,0.0,mixed_regime
BRENT_daily,2026-08-14,,,,1.840771408,UP,2.703633828,88.51044903,0.680850857,4.0,2.0,0.0,0.0,0.0,0.0,all_day_trend_up
WTI_daily,2026-08-14,,,,1.615495434,UP,2.811689336,74.12295378,0.574563987,4.0,2.0,0.0,0.0,0.0,0.0,all_day_trend_up
WTI_daily,2026-08-17,,,0.266991768,2.227059158,UP,4.091015663,87.57400857,0.544378057,4.0,2.0,1.0,1.0,0.0,0.0,all_day_trend_up
BRENT_daily,2026-08-17,,,0.361499895,2.22872967,UP,3.556960595,88.29106589,0.626582615,4.0,2.0,1.0,1.0,0.0,0.0,all_day_trend_up
