stream,session_window_ist,phase_id,phase_label,magnitude_tier,count,pct,n_total,low_confidence_flag
BRENT_session,asia_early,1,full_scale_war,Q1_0_25,4,36.36363636363637,11,False
BRENT_session,asia_early,1,full_scale_war,Q2_25_50,2,18.181818181818183,11,False
BRENT_session,asia_early,1,full_scale_war,Q3_50_75,4,36.36363636363637,11,False
BRENT_session,asia_early,1,full_scale_war,Q5_90_100,1,9.090909090909092,11,False
BRENT_session,europe_midday,1,full_scale_war,Q1_0_25,4,22.22222222222222,18,False
BRENT_session,europe_midday,1,full_scale_war,Q2_25_50,6,33.33333333333333,18,False
BRENT_session,europe_midday,1,full_scale_war,Q3_50_75,4,22.22222222222222,18,False
BRENT_session,europe_midday,1,full_scale_war,Q4_75_90,2,11.11111111111111,18,False
BRENT_session,europe_midday,1,full_scale_war,Q5_90_100,2,11.11111111111111,18,False
BRENT_session,global_reopen_pre_mcx,1,full_scale_war,Q1_0_25,2,33.33333333333333,6,False
BRENT_session,global_reopen_pre_mcx,1,full_scale_war,Q2_25_50,2,33.33333333333333,6,False
BRENT_session,global_reopen_pre_mcx,1,full_scale_war,Q3_50_75,1,16.666666666666664,6,False
BRENT_session,global_reopen_pre_mcx,1,full_scale_war,Q5_90_100,1,16.666666666666664,6,False
BRENT_session,india_midday,1,full_scale_war,Q1_0_25,1,16.666666666666664,6,False
BRENT_session,india_midday,1,full_scale_war,Q2_25_50,3,50.0,6,False
BRENT_session,india_midday,1,full_scale_war,Q3_50_75,1,16.666666666666664,6,False
BRENT_session,india_midday,1,full_scale_war,Q5_90_100,1,16.666666666666664,6,False
BRENT_session,india_morning,1,full_scale_war,Q1_0_25,1,16.666666666666664,6,False
BRENT_session,india_morning,1,full_scale_war,Q2_25_50,3,50.0,6,False
BRENT_session,india_morning,1,full_scale_war,Q3_50_75,1,16.666666666666664,6,False
BRENT_session,india_morning,1,full_scale_war,Q5_90_100,1,16.666666666666664,6,False
BRENT_session,mcx_open_drive,1,full_scale_war,Q1_0_25,2,33.33333333333333,6,False
BRENT_session,mcx_open_drive,1,full_scale_war,Q3_50_75,2,33.33333333333333,6,False
BRENT_session,mcx_open_drive,1,full_scale_war,Q4_75_90,1,16.666666666666664,6,False
BRENT_session,mcx_open_drive,1,full_scale_war,Q5_90_100,1,16.666666666666664,6,False
BRENT_session,mcx_tail,1,full_scale_war,Q1_0_25,2,33.33333333333333,6,False
BRENT_session,mcx_tail,1,full_scale_war,Q2_25_50,1,16.666666666666664,6,False
BRENT_session,mcx_tail,1,full_scale_war,Q3_50_75,2,33.33333333333333,6,False
BRENT_session,mcx_tail,1,full_scale_war,Q5_90_100,1,16.666666666666664,6,False
BRENT_session,other_valid_hours,1,full_scale_war,Q1_0_25,5,27.77777777777778,18,False
BRENT_session,other_valid_hours,1,full_scale_war,Q2_25_50,4,22.22222222222222,18,False
BRENT_session,other_valid_hours,1,full_scale_war,Q3_50_75,5,27.77777777777778,18,False
BRENT_session,other_valid_hours,1,full_scale_war,Q4_75_90,2,11.11111111111111,18,False
BRENT_session,other_valid_hours,1,full_scale_war,Q5_90_100,2,11.11111111111111,18,False
BRENT_session,us_late,1,full_scale_war,Q1_0_25,2,16.666666666666664,12,False
BRENT_session,us_late,1,full_scale_war,Q2_25_50,4,33.33333333333333,12,False
BRENT_session,us_late,1,full_scale_war,Q3_50_75,3,25.0,12,False
BRENT_session,us_late,1,full_scale_war,Q4_75_90,1,8.333333333333332,12,False
BRENT_session,us_late,1,full_scale_war,Q5_90_100,2,16.666666666666664,12,False
BRENT_session,us_open,1,full_scale_war,Q1_0_25,14,38.88888888888889,36,False
BRENT_session,us_open,1,full_scale_war,Q2_25_50,8,22.22222222222222,36,False
BRENT_session,us_open,1,full_scale_war,Q3_50_75,7,19.444444444444446,36,False
BRENT_session,us_open,1,full_scale_war,Q4_75_90,2,5.555555555555555,36,False
BRENT_session,us_open,1,full_scale_war,Q5_90_100,5,13.88888888888889,36,False
BRENT_session,us_pre_open,1,full_scale_war,Q1_0_25,6,33.33333333333333,18,False
BRENT_session,us_pre_open,1,full_scale_war,Q2_25_50,4,22.22222222222222,18,False
BRENT_session,us_pre_open,1,full_scale_war,Q3_50_75,5,27.77777777777778,18,False
BRENT_session,us_pre_open,1,full_scale_war,Q4_75_90,2,11.11111111111111,18,False
BRENT_session,us_pre_open,1,full_scale_war,Q5_90_100,1,5.555555555555555,18,False
BRENT_session,europe_midday,2,post_ceasefire_complex,Q1_0_25,11,25.581395348837212,43,False
BRENT_session,europe_midday,2,post_ceasefire_complex,Q2_25_50,11,25.581395348837212,43,False
BRENT_session,europe_midday,2,post_ceasefire_complex,Q3_50_75,12,27.906976744186046,43,False
BRENT_session,europe_midday,2,post_ceasefire_complex,Q4_75_90,5,11.627906976744185,43,False
BRENT_session,europe_midday,2,post_ceasefire_complex,Q5_90_100,4,9.30232558139535,43,False
BRENT_session,global_reopen_pre_mcx,2,post_ceasefire_complex,Q1_0_25,11,26.82926829268293,41,False
BRENT_session,global_reopen_pre_mcx,2,post_ceasefire_complex,Q2_25_50,9,21.951219512195124,41,False
BRENT_session,global_reopen_pre_mcx,2,post_ceasefire_complex,Q3_50_75,12,29.268292682926827,41,False
BRENT_session,global_reopen_pre_mcx,2,post_ceasefire_complex,Q4_75_90,4,9.75609756097561,41,False
BRENT_session,global_reopen_pre_mcx,2,post_ceasefire_complex,Q5_90_100,5,12.195121951219512,41,False
BRENT_session,india_midday,2,post_ceasefire_complex,Q1_0_25,10,23.25581395348837,43,False
BRENT_session,india_midday,2,post_ceasefire_complex,Q2_25_50,11,25.581395348837212,43,False
BRENT_session,india_midday,2,post_ceasefire_complex,Q3_50_75,10,23.25581395348837,43,False
BRENT_session,india_midday,2,post_ceasefire_complex,Q4_75_90,6,13.953488372093023,43,False
BRENT_session,india_midday,2,post_ceasefire_complex,Q5_90_100,6,13.953488372093023,43,False
BRENT_session,india_morning,2,post_ceasefire_complex,Q1_0_25,12,28.57142857142857,42,False
BRENT_session,india_morning,2,post_ceasefire_complex,Q2_25_50,11,26.190476190476193,42,False
BRENT_session,india_morning,2,post_ceasefire_complex,Q3_50_75,10,23.809523809523807,42,False
BRENT_session,india_morning,2,post_ceasefire_complex,Q4_75_90,5,11.904761904761903,42,False
BRENT_session,india_morning,2,post_ceasefire_complex,Q5_90_100,4,9.523809523809524,42,False
BRENT_session,mcx_open_drive,2,post_ceasefire_complex,Q1_0_25,13,30.952380952380953,42,False
BRENT_session,mcx_open_drive,2,post_ceasefire_complex,Q2_25_50,9,21.428571428571427,42,False
BRENT_session,mcx_open_drive,2,post_ceasefire_complex,Q3_50_75,9,21.428571428571427,42,False
BRENT_session,mcx_open_drive,2,post_ceasefire_complex,Q4_75_90,9,21.428571428571427,42,False
BRENT_session,mcx_open_drive,2,post_ceasefire_complex,Q5_90_100,2,4.761904761904762,42,False
BRENT_session,mcx_tail,2,post_ceasefire_complex,Q1_0_25,13,30.23255813953488,43,False
BRENT_session,mcx_tail,2,post_ceasefire_complex,Q2_25_50,12,27.906976744186046,43,False
BRENT_session,mcx_tail,2,post_ceasefire_complex,Q3_50_75,10,23.25581395348837,43,False
BRENT_session,mcx_tail,2,post_ceasefire_complex,Q4_75_90,5,11.627906976744185,43,False
BRENT_session,mcx_tail,2,post_ceasefire_complex,Q5_90_100,3,6.976744186046512,43,False
BRENT_session,other_valid_hours,2,post_ceasefire_complex,Q1_0_25,13,30.952380952380953,42,False
BRENT_session,other_valid_hours,2,post_ceasefire_complex,Q2_25_50,8,19.047619047619047,42,False
BRENT_session,other_valid_hours,2,post_ceasefire_complex,Q3_50_75,12,28.57142857142857,42,False
BRENT_session,other_valid_hours,2,post_ceasefire_complex,Q4_75_90,6,14.285714285714285,42,False
BRENT_session,other_valid_hours,2,post_ceasefire_complex,Q5_90_100,3,7.142857142857142,42,False
BRENT_session,us_open,2,post_ceasefire_complex,Q1_0_25,22,25.581395348837212,86,False
BRENT_session,us_open,2,post_ceasefire_complex,Q2_25_50,21,24.418604651162788,86,False
BRENT_session,us_open,2,post_ceasefire_complex,Q3_50_75,23,26.744186046511626,86,False
BRENT_session,us_open,2,post_ceasefire_complex,Q4_75_90,10,11.627906976744185,86,False
BRENT_session,us_open,2,post_ceasefire_complex,Q5_90_100,10,11.627906976744185,86,False
BRENT_session,us_pre_open,2,post_ceasefire_complex,Q1_0_25,11,25.581395348837212,43,False
BRENT_session,us_pre_open,2,post_ceasefire_complex,Q2_25_50,12,27.906976744186046,43,False
BRENT_session,us_pre_open,2,post_ceasefire_complex,Q3_50_75,10,23.25581395348837,43,False
BRENT_session,us_pre_open,2,post_ceasefire_complex,Q4_75_90,6,13.953488372093023,43,False
BRENT_session,us_pre_open,2,post_ceasefire_complex,Q5_90_100,4,9.30232558139535,43,False
BRENT_session,us_open,3,strong_escalation_op_rising_lion,Q1_0_25,3,37.5,8,False
BRENT_session,us_open,3,strong_escalation_op_rising_lion,Q2_25_50,1,12.5,8,False
BRENT_session,us_open,3,strong_escalation_op_rising_lion,Q3_50_75,3,37.5,8,False
BRENT_session,us_open,3,strong_escalation_op_rising_lion,Q5_90_100,1,12.5,8,False
BRENT_session,global_reopen_pre_mcx,4,naval_blockade_removed,Q1_0_25,2,40.0,5,False
BRENT_session,global_reopen_pre_mcx,4,naval_blockade_removed,Q3_50_75,2,40.0,5,False
BRENT_session,global_reopen_pre_mcx,4,naval_blockade_removed,Q4_75_90,1,20.0,5,False
BRENT_session,mcx_open_drive,4,naval_blockade_removed,Q1_0_25,2,40.0,5,False
BRENT_session,mcx_open_drive,4,naval_blockade_removed,Q2_25_50,1,20.0,5,False
BRENT_session,mcx_open_drive,4,naval_blockade_removed,Q3_50_75,1,20.0,5,False
BRENT_session,mcx_open_drive,4,naval_blockade_removed,Q4_75_90,1,20.0,5,False
BRENT_session,us_open,4,naval_blockade_removed,Q1_0_25,3,37.5,8,False
BRENT_session,us_open,4,naval_blockade_removed,Q2_25_50,1,12.5,8,False
BRENT_session,us_open,4,naval_blockade_removed,Q3_50_75,2,25.0,8,False
BRENT_session,us_open,4,naval_blockade_removed,Q4_75_90,1,12.5,8,False
BRENT_session,us_open,4,naval_blockade_removed,Q5_90_100,1,12.5,8,False
BRENT_session,europe_midday,5,slight_escalation_strait_closure,Q1_0_25,4,36.36363636363637,11,False
BRENT_session,europe_midday,5,slight_escalation_strait_closure,Q2_25_50,2,18.181818181818183,11,False
BRENT_session,europe_midday,5,slight_escalation_strait_closure,Q3_50_75,2,18.181818181818183,11,False
BRENT_session,europe_midday,5,slight_escalation_strait_closure,Q4_75_90,2,18.181818181818183,11,False
BRENT_session,europe_midday,5,slight_escalation_strait_closure,Q5_90_100,1,9.090909090909092,11,False
BRENT_session,global_reopen_pre_mcx,5,slight_escalation_strait_closure,Q1_0_25,3,25.0,12,False
BRENT_session,global_reopen_pre_mcx,5,slight_escalation_strait_closure,Q2_25_50,4,33.33333333333333,12,False
BRENT_session,global_reopen_pre_mcx,5,slight_escalation_strait_closure,Q3_50_75,3,25.0,12,False
BRENT_session,global_reopen_pre_mcx,5,slight_escalation_strait_closure,Q4_75_90,1,8.333333333333332,12,False
BRENT_session,global_reopen_pre_mcx,5,slight_escalation_strait_closure,Q5_90_100,1,8.333333333333332,12,False
BRENT_session,india_midday,5,slight_escalation_strait_closure,Q1_0_25,2,18.181818181818183,11,False
BRENT_session,india_midday,5,slight_escalation_strait_closure,Q2_25_50,4,36.36363636363637,11,False
BRENT_session,india_midday,5,slight_escalation_strait_closure,Q3_50_75,2,18.181818181818183,11,False
BRENT_session,india_midday,5,slight_escalation_strait_closure,Q4_75_90,2,18.181818181818183,11,False
BRENT_session,india_midday,5,slight_escalation_strait_closure,Q5_90_100,1,9.090909090909092,11,False
BRENT_session,india_morning,5,slight_escalation_strait_closure,Q1_0_25,4,36.36363636363637,11,False
BRENT_session,india_morning,5,slight_escalation_strait_closure,Q2_25_50,2,18.181818181818183,11,False
BRENT_session,india_morning,5,slight_escalation_strait_closure,Q3_50_75,2,18.181818181818183,11,False
BRENT_session,india_morning,5,slight_escalation_strait_closure,Q4_75_90,1,9.090909090909092,11,False
BRENT_session,india_morning,5,slight_escalation_strait_closure,Q5_90_100,2,18.181818181818183,11,False
BRENT_session,mcx_open_drive,5,slight_escalation_strait_closure,Q1_0_25,5,41.66666666666667,12,False
BRENT_session,mcx_open_drive,5,slight_escalation_strait_closure,Q2_25_50,1,8.333333333333332,12,False
BRENT_session,mcx_open_drive,5,slight_escalation_strait_closure,Q3_50_75,5,41.66666666666667,12,False
BRENT_session,mcx_open_drive,5,slight_escalation_strait_closure,Q5_90_100,1,8.333333333333332,12,False
BRENT_session,mcx_tail,5,slight_escalation_strait_closure,Q1_0_25,3,27.27272727272727,11,False
BRENT_session,mcx_tail,5,slight_escalation_strait_closure,Q2_25_50,3,27.27272727272727,11,False
BRENT_session,mcx_tail,5,slight_escalation_strait_closure,Q3_50_75,3,27.27272727272727,11,False
BRENT_session,mcx_tail,5,slight_escalation_strait_closure,Q5_90_100,2,18.181818181818183,11,False
BRENT_session,other_valid_hours,5,slight_escalation_strait_closure,Q1_0_25,3,27.27272727272727,11,False
BRENT_session,other_valid_hours,5,slight_escalation_strait_closure,Q2_25_50,3,27.27272727272727,11,False
BRENT_session,other_valid_hours,5,slight_escalation_strait_closure,Q3_50_75,2,18.181818181818183,11,False
BRENT_session,other_valid_hours,5,slight_escalation_strait_closure,Q4_75_90,2,18.181818181818183,11,False
BRENT_session,other_valid_hours,5,slight_escalation_strait_closure,Q5_90_100,1,9.090909090909092,11,False
BRENT_session,us_open,5,slight_escalation_strait_closure,Q1_0_25,5,22.727272727272727,22,False
BRENT_session,us_open,5,slight_escalation_strait_closure,Q2_25_50,6,27.27272727272727,22,False
BRENT_session,us_open,5,slight_escalation_strait_closure,Q3_50_75,6,27.27272727272727,22,False
BRENT_session,us_open,5,slight_escalation_strait_closure,Q4_75_90,3,13.636363636363635,22,False
BRENT_session,us_open,5,slight_escalation_strait_closure,Q5_90_100,2,9.090909090909092,22,False
BRENT_session,us_pre_open,5,slight_escalation_strait_closure,Q1_0_25,3,27.27272727272727,11,False
BRENT_session,us_pre_open,5,slight_escalation_strait_closure,Q2_25_50,2,18.181818181818183,11,False
BRENT_session,us_pre_open,5,slight_escalation_strait_closure,Q3_50_75,4,36.36363636363637,11,False
BRENT_session,us_pre_open,5,slight_escalation_strait_closure,Q4_75_90,1,9.090909090909092,11,False
BRENT_session,us_pre_open,5,slight_escalation_strait_closure,Q5_90_100,1,9.090909090909092,11,False
BRENT_session,us_open,6,ceasefire_collapse_renewed_escalation,Q1_0_25,2,33.33333333333333,6,False
BRENT_session,us_open,6,ceasefire_collapse_renewed_escalation,Q2_25_50,2,33.33333333333333,6,False
BRENT_session,us_open,6,ceasefire_collapse_renewed_escalation,Q3_50_75,2,33.33333333333333,6,False
BRENT_session,europe_midday,7,sustained_major_reescalation_hormuz_war,Q1_0_25,3,30.0,10,False
BRENT_session,europe_midday,7,sustained_major_reescalation_hormuz_war,Q2_25_50,2,20.0,10,False
BRENT_session,europe_midday,7,sustained_major_reescalation_hormuz_war,Q3_50_75,3,30.0,10,False
BRENT_session,europe_midday,7,sustained_major_reescalation_hormuz_war,Q4_75_90,2,20.0,10,False
BRENT_session,global_reopen_pre_mcx,7,sustained_major_reescalation_hormuz_war,Q1_0_25,3,30.0,10,False
BRENT_session,global_reopen_pre_mcx,7,sustained_major_reescalation_hormuz_war,Q2_25_50,1,10.0,10,False
BRENT_session,global_reopen_pre_mcx,7,sustained_major_reescalation_hormuz_war,Q3_50_75,3,30.0,10,False
BRENT_session,global_reopen_pre_mcx,7,sustained_major_reescalation_hormuz_war,Q4_75_90,2,20.0,10,False
BRENT_session,global_reopen_pre_mcx,7,sustained_major_reescalation_hormuz_war,Q5_90_100,1,10.0,10,False
BRENT_session,india_midday,7,sustained_major_reescalation_hormuz_war,Q1_0_25,2,20.0,10,False
BRENT_session,india_midday,7,sustained_major_reescalation_hormuz_war,Q2_25_50,3,30.0,10,False
BRENT_session,india_midday,7,sustained_major_reescalation_hormuz_war,Q3_50_75,1,10.0,10,False
BRENT_session,india_midday,7,sustained_major_reescalation_hormuz_war,Q4_75_90,2,20.0,10,False
BRENT_session,india_midday,7,sustained_major_reescalation_hormuz_war,Q5_90_100,2,20.0,10,False
BRENT_session,india_morning,7,sustained_major_reescalation_hormuz_war,Q1_0_25,3,30.0,10,False
BRENT_session,india_morning,7,sustained_major_reescalation_hormuz_war,Q2_25_50,1,10.0,10,False
BRENT_session,india_morning,7,sustained_major_reescalation_hormuz_war,Q3_50_75,4,40.0,10,False
BRENT_session,india_morning,7,sustained_major_reescalation_hormuz_war,Q4_75_90,1,10.0,10,False
BRENT_session,india_morning,7,sustained_major_reescalation_hormuz_war,Q5_90_100,1,10.0,10,False
BRENT_session,mcx_open_drive,7,sustained_major_reescalation_hormuz_war,Q1_0_25,3,30.0,10,False
BRENT_session,mcx_open_drive,7,sustained_major_reescalation_hormuz_war,Q2_25_50,3,30.0,10,False
BRENT_session,mcx_open_drive,7,sustained_major_reescalation_hormuz_war,Q3_50_75,2,20.0,10,False
BRENT_session,mcx_open_drive,7,sustained_major_reescalation_hormuz_war,Q4_75_90,1,10.0,10,False
BRENT_session,mcx_open_drive,7,sustained_major_reescalation_hormuz_war,Q5_90_100,1,10.0,10,False
BRENT_session,mcx_tail,7,sustained_major_reescalation_hormuz_war,Q1_0_25,3,30.0,10,False
BRENT_session,mcx_tail,7,sustained_major_reescalation_hormuz_war,Q2_25_50,3,30.0,10,False
BRENT_session,mcx_tail,7,sustained_major_reescalation_hormuz_war,Q3_50_75,1,10.0,10,False
BRENT_session,mcx_tail,7,sustained_major_reescalation_hormuz_war,Q4_75_90,2,20.0,10,False
BRENT_session,mcx_tail,7,sustained_major_reescalation_hormuz_war,Q5_90_100,1,10.0,10,False
BRENT_session,other_valid_hours,7,sustained_major_reescalation_hormuz_war,Q1_0_25,4,40.0,10,False
BRENT_session,other_valid_hours,7,sustained_major_reescalation_hormuz_war,Q2_25_50,1,10.0,10,False
BRENT_session,other_valid_hours,7,sustained_major_reescalation_hormuz_war,Q3_50_75,2,20.0,10,False
BRENT_session,other_valid_hours,7,sustained_major_reescalation_hormuz_war,Q4_75_90,3,30.0,10,False
BRENT_session,us_open,7,sustained_major_reescalation_hormuz_war,Q1_0_25,4,20.0,20,False
BRENT_session,us_open,7,sustained_major_reescalation_hormuz_war,Q2_25_50,5,25.0,20,False
BRENT_session,us_open,7,sustained_major_reescalation_hormuz_war,Q3_50_75,6,30.0,20,False
BRENT_session,us_open,7,sustained_major_reescalation_hormuz_war,Q4_75_90,2,10.0,20,False
BRENT_session,us_open,7,sustained_major_reescalation_hormuz_war,Q5_90_100,3,15.0,20,False
BRENT_session,us_pre_open,7,sustained_major_reescalation_hormuz_war,Q2_25_50,3,30.0,10,False
BRENT_session,us_pre_open,7,sustained_major_reescalation_hormuz_war,Q3_50_75,4,40.0,10,False
BRENT_session,us_pre_open,7,sustained_major_reescalation_hormuz_war,Q4_75_90,1,10.0,10,False
BRENT_session,us_pre_open,7,sustained_major_reescalation_hormuz_war,Q5_90_100,2,20.0,10,False
BRENT_session,us_open,9,ceasefire_pause_breakdown_renewed_escalation,Q1_0_25,3,37.5,8,False
BRENT_session,us_open,9,ceasefire_pause_breakdown_renewed_escalation,Q2_25_50,2,25.0,8,False
BRENT_session,us_open,9,ceasefire_pause_breakdown_renewed_escalation,Q3_50_75,1,12.5,8,False
BRENT_session,us_open,9,ceasefire_pause_breakdown_renewed_escalation,Q4_75_90,1,12.5,8,False
BRENT_session,us_open,9,ceasefire_pause_breakdown_renewed_escalation,Q5_90_100,1,12.5,8,False
BRENT_session,europe_midday,10,second_deescalation_active_negotiation_hormuz_deal,Q1_0_25,4,44.44444444444444,9,False
BRENT_session,europe_midday,10,second_deescalation_active_negotiation_hormuz_deal,Q3_50_75,2,22.22222222222222,9,False
BRENT_session,europe_midday,10,second_deescalation_active_negotiation_hormuz_deal,Q4_75_90,2,22.22222222222222,9,False
BRENT_session,europe_midday,10,second_deescalation_active_negotiation_hormuz_deal,Q5_90_100,1,11.11111111111111,9,False
BRENT_session,global_reopen_pre_mcx,10,second_deescalation_active_negotiation_hormuz_deal,Q1_0_25,3,37.5,8,False
BRENT_session,global_reopen_pre_mcx,10,second_deescalation_active_negotiation_hormuz_deal,Q2_25_50,2,25.0,8,False
BRENT_session,global_reopen_pre_mcx,10,second_deescalation_active_negotiation_hormuz_deal,Q3_50_75,2,25.0,8,False
BRENT_session,global_reopen_pre_mcx,10,second_deescalation_active_negotiation_hormuz_deal,Q5_90_100,1,12.5,8,False
BRENT_session,india_midday,10,second_deescalation_active_negotiation_hormuz_deal,Q1_0_25,4,44.44444444444444,9,False
BRENT_session,india_midday,10,second_deescalation_active_negotiation_hormuz_deal,Q2_25_50,1,11.11111111111111,9,False
BRENT_session,india_midday,10,second_deescalation_active_negotiation_hormuz_deal,Q3_50_75,2,22.22222222222222,9,False
BRENT_session,india_midday,10,second_deescalation_active_negotiation_hormuz_deal,Q4_75_90,1,11.11111111111111,9,False
BRENT_session,india_midday,10,second_deescalation_active_negotiation_hormuz_deal,Q5_90_100,1,11.11111111111111,9,False
BRENT_session,india_morning,10,second_deescalation_active_negotiation_hormuz_deal,Q1_0_25,2,25.0,8,False
BRENT_session,india_morning,10,second_deescalation_active_negotiation_hormuz_deal,Q2_25_50,2,25.0,8,False
BRENT_session,india_morning,10,second_deescalation_active_negotiation_hormuz_deal,Q3_50_75,2,25.0,8,False
BRENT_session,india_morning,10,second_deescalation_active_negotiation_hormuz_deal,Q4_75_90,1,12.5,8,False
BRENT_session,india_morning,10,second_deescalation_active_negotiation_hormuz_deal,Q5_90_100,1,12.5,8,False
BRENT_session,mcx_open_drive,10,second_deescalation_active_negotiation_hormuz_deal,Q1_0_25,2,25.0,8,False
BRENT_session,mcx_open_drive,10,second_deescalation_active_negotiation_hormuz_deal,Q2_25_50,2,25.0,8,False
BRENT_session,mcx_open_drive,10,second_deescalation_active_negotiation_hormuz_deal,Q3_50_75,2,25.0,8,False
BRENT_session,mcx_open_drive,10,second_deescalation_active_negotiation_hormuz_deal,Q4_75_90,1,12.5,8,False
BRENT_session,mcx_open_drive,10,second_deescalation_active_negotiation_hormuz_deal,Q5_90_100,1,12.5,8,False
BRENT_session,mcx_tail,10,second_deescalation_active_negotiation_hormuz_deal,Q1_0_25,3,33.33333333333333,9,False
BRENT_session,mcx_tail,10,second_deescalation_active_negotiation_hormuz_deal,Q2_25_50,2,22.22222222222222,9,False
BRENT_session,mcx_tail,10,second_deescalation_active_negotiation_hormuz_deal,Q3_50_75,2,22.22222222222222,9,False
BRENT_session,mcx_tail,10,second_deescalation_active_negotiation_hormuz_deal,Q4_75_90,1,11.11111111111111,9,False
BRENT_session,mcx_tail,10,second_deescalation_active_negotiation_hormuz_deal,Q5_90_100,1,11.11111111111111,9,False
BRENT_session,other_valid_hours,10,second_deescalation_active_negotiation_hormuz_deal,Q1_0_25,2,28.57142857142857,7,False
BRENT_session,other_valid_hours,10,second_deescalation_active_negotiation_hormuz_deal,Q2_25_50,2,28.57142857142857,7,False
BRENT_session,other_valid_hours,10,second_deescalation_active_negotiation_hormuz_deal,Q3_50_75,1,14.285714285714285,7,False
BRENT_session,other_valid_hours,10,second_deescalation_active_negotiation_hormuz_deal,Q4_75_90,2,28.57142857142857,7,False
BRENT_session,us_open,10,second_deescalation_active_negotiation_hormuz_deal,Q1_0_25,4,22.22222222222222,18,False
BRENT_session,us_open,10,second_deescalation_active_negotiation_hormuz_deal,Q2_25_50,4,22.22222222222222,18,False
BRENT_session,us_open,10,second_deescalation_active_negotiation_hormuz_deal,Q3_50_75,5,27.77777777777778,18,False
BRENT_session,us_open,10,second_deescalation_active_negotiation_hormuz_deal,Q4_75_90,2,11.11111111111111,18,False
BRENT_session,us_open,10,second_deescalation_active_negotiation_hormuz_deal,Q5_90_100,3,16.666666666666664,18,False
BRENT_session,us_pre_open,10,second_deescalation_active_negotiation_hormuz_deal,Q1_0_25,2,22.22222222222222,9,False
BRENT_session,us_pre_open,10,second_deescalation_active_negotiation_hormuz_deal,Q2_25_50,2,22.22222222222222,9,False
BRENT_session,us_pre_open,10,second_deescalation_active_negotiation_hormuz_deal,Q3_50_75,2,22.22222222222222,9,False
BRENT_session,us_pre_open,10,second_deescalation_active_negotiation_hormuz_deal,Q4_75_90,2,22.22222222222222,9,False
BRENT_session,us_pre_open,10,second_deescalation_active_negotiation_hormuz_deal,Q5_90_100,1,11.11111111111111,9,False
WTI_session,asia_early,1,full_scale_war,Q1_0_25,2,18.181818181818183,11,False
WTI_session,asia_early,1,full_scale_war,Q2_25_50,3,27.27272727272727,11,False
WTI_session,asia_early,1,full_scale_war,Q3_50_75,1,9.090909090909092,11,False
WTI_session,asia_early,1,full_scale_war,Q4_75_90,3,27.27272727272727,11,False
WTI_session,asia_early,1,full_scale_war,Q5_90_100,2,18.181818181818183,11,False
WTI_session,europe_midday,1,full_scale_war,Q1_0_25,5,27.77777777777778,18,False
WTI_session,europe_midday,1,full_scale_war,Q2_25_50,3,16.666666666666664,18,False
WTI_session,europe_midday,1,full_scale_war,Q3_50_75,5,27.77777777777778,18,False
WTI_session,europe_midday,1,full_scale_war,Q4_75_90,3,16.666666666666664,18,False
WTI_session,europe_midday,1,full_scale_war,Q5_90_100,2,11.11111111111111,18,False
WTI_session,global_reopen_pre_mcx,1,full_scale_war,Q1_0_25,1,16.666666666666664,6,False
WTI_session,global_reopen_pre_mcx,1,full_scale_war,Q2_25_50,1,16.666666666666664,6,False
WTI_session,global_reopen_pre_mcx,1,full_scale_war,Q3_50_75,2,33.33333333333333,6,False
WTI_session,global_reopen_pre_mcx,1,full_scale_war,Q4_75_90,1,16.666666666666664,6,False
WTI_session,global_reopen_pre_mcx,1,full_scale_war,Q5_90_100,1,16.666666666666664,6,False
WTI_session,india_midday,1,full_scale_war,Q1_0_25,2,33.33333333333333,6,False
WTI_session,india_midday,1,full_scale_war,Q3_50_75,2,33.33333333333333,6,False
WTI_session,india_midday,1,full_scale_war,Q4_75_90,1,16.666666666666664,6,False
WTI_session,india_midday,1,full_scale_war,Q5_90_100,1,16.666666666666664,6,False
WTI_session,india_morning,1,full_scale_war,Q1_0_25,2,33.33333333333333,6,False
WTI_session,india_morning,1,full_scale_war,Q3_50_75,2,33.33333333333333,6,False
WTI_session,india_morning,1,full_scale_war,Q4_75_90,1,16.666666666666664,6,False
WTI_session,india_morning,1,full_scale_war,Q5_90_100,1,16.666666666666664,6,False
WTI_session,mcx_open_drive,1,full_scale_war,Q1_0_25,1,16.666666666666664,6,False
WTI_session,mcx_open_drive,1,full_scale_war,Q2_25_50,3,50.0,6,False
WTI_session,mcx_open_drive,1,full_scale_war,Q3_50_75,1,16.666666666666664,6,False
WTI_session,mcx_open_drive,1,full_scale_war,Q5_90_100,1,16.666666666666664,6,False
WTI_session,mcx_tail,1,full_scale_war,Q1_0_25,1,16.666666666666664,6,False
WTI_session,mcx_tail,1,full_scale_war,Q2_25_50,2,33.33333333333333,6,False
WTI_session,mcx_tail,1,full_scale_war,Q3_50_75,1,16.666666666666664,6,False
WTI_session,mcx_tail,1,full_scale_war,Q4_75_90,1,16.666666666666664,6,False
WTI_session,mcx_tail,1,full_scale_war,Q5_90_100,1,16.666666666666664,6,False
WTI_session,other_valid_hours,1,full_scale_war,Q1_0_25,4,22.22222222222222,18,False
WTI_session,other_valid_hours,1,full_scale_war,Q2_25_50,5,27.77777777777778,18,False
WTI_session,other_valid_hours,1,full_scale_war,Q3_50_75,4,22.22222222222222,18,False
WTI_session,other_valid_hours,1,full_scale_war,Q4_75_90,3,16.666666666666664,18,False
WTI_session,other_valid_hours,1,full_scale_war,Q5_90_100,2,11.11111111111111,18,False
WTI_session,us_late,1,full_scale_war,Q1_0_25,4,33.33333333333333,12,False
WTI_session,us_late,1,full_scale_war,Q2_25_50,2,16.666666666666664,12,False
WTI_session,us_late,1,full_scale_war,Q3_50_75,3,25.0,12,False
WTI_session,us_late,1,full_scale_war,Q4_75_90,2,16.666666666666664,12,False
WTI_session,us_late,1,full_scale_war,Q5_90_100,1,8.333333333333332,12,False
WTI_session,us_open,1,full_scale_war,Q1_0_25,4,11.11111111111111,36,False
WTI_session,us_open,1,full_scale_war,Q2_25_50,10,27.77777777777778,36,False
WTI_session,us_open,1,full_scale_war,Q3_50_75,11,30.555555555555557,36,False
WTI_session,us_open,1,full_scale_war,Q4_75_90,8,22.22222222222222,36,False
WTI_session,us_open,1,full_scale_war,Q5_90_100,3,8.333333333333332,36,False
WTI_session,us_pre_open,1,full_scale_war,Q1_0_25,3,16.666666666666664,18,False
WTI_session,us_pre_open,1,full_scale_war,Q2_25_50,5,27.77777777777778,18,False
WTI_session,us_pre_open,1,full_scale_war,Q3_50_75,4,22.22222222222222,18,False
WTI_session,us_pre_open,1,full_scale_war,Q4_75_90,3,16.666666666666664,18,False
WTI_session,us_pre_open,1,full_scale_war,Q5_90_100,3,16.666666666666664,18,False
WTI_session,europe_midday,2,post_ceasefire_complex,Q1_0_25,11,25.581395348837212,43,False
WTI_session,europe_midday,2,post_ceasefire_complex,Q2_25_50,10,23.25581395348837,43,False
WTI_session,europe_midday,2,post_ceasefire_complex,Q3_50_75,9,20.930232558139537,43,False
WTI_session,europe_midday,2,post_ceasefire_complex,Q4_75_90,8,18.6046511627907,43,False
WTI_session,europe_midday,2,post_ceasefire_complex,Q5_90_100,5,11.627906976744185,43,False
WTI_session,global_reopen_pre_mcx,2,post_ceasefire_complex,Q1_0_25,10,24.390243902439025,41,False
WTI_session,global_reopen_pre_mcx,2,post_ceasefire_complex,Q2_25_50,11,26.82926829268293,41,False
WTI_session,global_reopen_pre_mcx,2,post_ceasefire_complex,Q3_50_75,8,19.51219512195122,41,False
WTI_session,global_reopen_pre_mcx,2,post_ceasefire_complex,Q4_75_90,8,19.51219512195122,41,False
WTI_session,global_reopen_pre_mcx,2,post_ceasefire_complex,Q5_90_100,4,9.75609756097561,41,False
WTI_session,india_midday,2,post_ceasefire_complex,Q1_0_25,12,27.906976744186046,43,False
WTI_session,india_midday,2,post_ceasefire_complex,Q2_25_50,10,23.25581395348837,43,False
WTI_session,india_midday,2,post_ceasefire_complex,Q3_50_75,11,25.581395348837212,43,False
WTI_session,india_midday,2,post_ceasefire_complex,Q4_75_90,7,16.27906976744186,43,False
WTI_session,india_midday,2,post_ceasefire_complex,Q5_90_100,3,6.976744186046512,43,False
WTI_session,india_morning,2,post_ceasefire_complex,Q1_0_25,9,21.428571428571427,42,False
WTI_session,india_morning,2,post_ceasefire_complex,Q2_25_50,10,23.809523809523807,42,False
WTI_session,india_morning,2,post_ceasefire_complex,Q3_50_75,11,26.190476190476193,42,False
WTI_session,india_morning,2,post_ceasefire_complex,Q4_75_90,7,16.666666666666664,42,False
WTI_session,india_morning,2,post_ceasefire_complex,Q5_90_100,5,11.904761904761903,42,False
WTI_session,mcx_open_drive,2,post_ceasefire_complex,Q1_0_25,8,19.047619047619047,42,False
WTI_session,mcx_open_drive,2,post_ceasefire_complex,Q2_25_50,12,28.57142857142857,42,False
WTI_session,mcx_open_drive,2,post_ceasefire_complex,Q3_50_75,12,28.57142857142857,42,False
WTI_session,mcx_open_drive,2,post_ceasefire_complex,Q4_75_90,3,7.142857142857142,42,False
WTI_session,mcx_open_drive,2,post_ceasefire_complex,Q5_90_100,7,16.666666666666664,42,False
WTI_session,mcx_tail,2,post_ceasefire_complex,Q1_0_25,9,20.930232558139537,43,False
WTI_session,mcx_tail,2,post_ceasefire_complex,Q2_25_50,9,20.930232558139537,43,False
WTI_session,mcx_tail,2,post_ceasefire_complex,Q3_50_75,11,25.581395348837212,43,False
WTI_session,mcx_tail,2,post_ceasefire_complex,Q4_75_90,8,18.6046511627907,43,False
WTI_session,mcx_tail,2,post_ceasefire_complex,Q5_90_100,6,13.953488372093023,43,False
WTI_session,other_valid_hours,2,post_ceasefire_complex,Q1_0_25,8,19.047619047619047,42,False
WTI_session,other_valid_hours,2,post_ceasefire_complex,Q2_25_50,13,30.952380952380953,42,False
WTI_session,other_valid_hours,2,post_ceasefire_complex,Q3_50_75,9,21.428571428571427,42,False
WTI_session,other_valid_hours,2,post_ceasefire_complex,Q4_75_90,6,14.285714285714285,42,False
WTI_session,other_valid_hours,2,post_ceasefire_complex,Q5_90_100,6,14.285714285714285,42,False
WTI_session,us_open,2,post_ceasefire_complex,Q1_0_25,21,24.418604651162788,86,False
WTI_session,us_open,2,post_ceasefire_complex,Q2_25_50,22,25.581395348837212,86,False
WTI_session,us_open,2,post_ceasefire_complex,Q3_50_75,20,23.25581395348837,86,False
WTI_session,us_open,2,post_ceasefire_complex,Q4_75_90,15,17.441860465116278,86,False
WTI_session,us_open,2,post_ceasefire_complex,Q5_90_100,8,9.30232558139535,86,False
WTI_session,us_pre_open,2,post_ceasefire_complex,Q1_0_25,11,25.581395348837212,43,False
WTI_session,us_pre_open,2,post_ceasefire_complex,Q2_25_50,9,20.930232558139537,43,False
WTI_session,us_pre_open,2,post_ceasefire_complex,Q3_50_75,11,25.581395348837212,43,False
WTI_session,us_pre_open,2,post_ceasefire_complex,Q4_75_90,7,16.27906976744186,43,False
WTI_session,us_pre_open,2,post_ceasefire_complex,Q5_90_100,5,11.627906976744185,43,False
WTI_session,us_open,3,strong_escalation_op_rising_lion,Q1_0_25,1,12.5,8,False
WTI_session,us_open,3,strong_escalation_op_rising_lion,Q2_25_50,3,37.5,8,False
WTI_session,us_open,3,strong_escalation_op_rising_lion,Q3_50_75,1,12.5,8,False
WTI_session,us_open,3,strong_escalation_op_rising_lion,Q4_75_90,2,25.0,8,False
WTI_session,us_open,3,strong_escalation_op_rising_lion,Q5_90_100,1,12.5,8,False
WTI_session,global_reopen_pre_mcx,4,naval_blockade_removed,Q1_0_25,1,20.0,5,False
WTI_session,global_reopen_pre_mcx,4,naval_blockade_removed,Q2_25_50,2,40.0,5,False
WTI_session,global_reopen_pre_mcx,4,naval_blockade_removed,Q4_75_90,1,20.0,5,False
WTI_session,global_reopen_pre_mcx,4,naval_blockade_removed,Q5_90_100,1,20.0,5,False
WTI_session,mcx_open_drive,4,naval_blockade_removed,Q1_0_25,1,20.0,5,False
WTI_session,mcx_open_drive,4,naval_blockade_removed,Q2_25_50,1,20.0,5,False
WTI_session,mcx_open_drive,4,naval_blockade_removed,Q3_50_75,1,20.0,5,False
WTI_session,mcx_open_drive,4,naval_blockade_removed,Q4_75_90,1,20.0,5,False
WTI_session,mcx_open_drive,4,naval_blockade_removed,Q5_90_100,1,20.0,5,False
WTI_session,us_open,4,naval_blockade_removed,Q1_0_25,1,12.5,8,False
WTI_session,us_open,4,naval_blockade_removed,Q2_25_50,3,37.5,8,False
WTI_session,us_open,4,naval_blockade_removed,Q3_50_75,2,25.0,8,False
WTI_session,us_open,4,naval_blockade_removed,Q4_75_90,1,12.5,8,False
WTI_session,us_open,4,naval_blockade_removed,Q5_90_100,1,12.5,8,False
WTI_session,europe_midday,5,slight_escalation_strait_closure,Q1_0_25,2,18.181818181818183,11,False
WTI_session,europe_midday,5,slight_escalation_strait_closure,Q2_25_50,3,27.27272727272727,11,False
WTI_session,europe_midday,5,slight_escalation_strait_closure,Q3_50_75,3,27.27272727272727,11,False
WTI_session,europe_midday,5,slight_escalation_strait_closure,Q4_75_90,1,9.090909090909092,11,False
WTI_session,europe_midday,5,slight_escalation_strait_closure,Q5_90_100,2,18.181818181818183,11,False
WTI_session,global_reopen_pre_mcx,5,slight_escalation_strait_closure,Q1_0_25,3,25.0,12,False
WTI_session,global_reopen_pre_mcx,5,slight_escalation_strait_closure,Q2_25_50,2,16.666666666666664,12,False
WTI_session,global_reopen_pre_mcx,5,slight_escalation_strait_closure,Q3_50_75,3,25.0,12,False
WTI_session,global_reopen_pre_mcx,5,slight_escalation_strait_closure,Q4_75_90,2,16.666666666666664,12,False
WTI_session,global_reopen_pre_mcx,5,slight_escalation_strait_closure,Q5_90_100,2,16.666666666666664,12,False
WTI_session,india_midday,5,slight_escalation_strait_closure,Q1_0_25,4,36.36363636363637,11,False
WTI_session,india_midday,5,slight_escalation_strait_closure,Q2_25_50,1,9.090909090909092,11,False
WTI_session,india_midday,5,slight_escalation_strait_closure,Q3_50_75,3,27.27272727272727,11,False
WTI_session,india_midday,5,slight_escalation_strait_closure,Q4_75_90,1,9.090909090909092,11,False
WTI_session,india_midday,5,slight_escalation_strait_closure,Q5_90_100,2,18.181818181818183,11,False
WTI_session,india_morning,5,slight_escalation_strait_closure,Q1_0_25,2,18.181818181818183,11,False
WTI_session,india_morning,5,slight_escalation_strait_closure,Q2_25_50,3,27.27272727272727,11,False
WTI_session,india_morning,5,slight_escalation_strait_closure,Q3_50_75,3,27.27272727272727,11,False
WTI_session,india_morning,5,slight_escalation_strait_closure,Q4_75_90,2,18.181818181818183,11,False
WTI_session,india_morning,5,slight_escalation_strait_closure,Q5_90_100,1,9.090909090909092,11,False
WTI_session,mcx_open_drive,5,slight_escalation_strait_closure,Q1_0_25,1,8.333333333333332,12,False
WTI_session,mcx_open_drive,5,slight_escalation_strait_closure,Q2_25_50,5,41.66666666666667,12,False
WTI_session,mcx_open_drive,5,slight_escalation_strait_closure,Q3_50_75,1,8.333333333333332,12,False
WTI_session,mcx_open_drive,5,slight_escalation_strait_closure,Q4_75_90,3,25.0,12,False
WTI_session,mcx_open_drive,5,slight_escalation_strait_closure,Q5_90_100,2,16.666666666666664,12,False
WTI_session,mcx_tail,5,slight_escalation_strait_closure,Q1_0_25,3,27.27272727272727,11,False
WTI_session,mcx_tail,5,slight_escalation_strait_closure,Q2_25_50,2,18.181818181818183,11,False
WTI_session,mcx_tail,5,slight_escalation_strait_closure,Q3_50_75,2,18.181818181818183,11,False
WTI_session,mcx_tail,5,slight_escalation_strait_closure,Q4_75_90,3,27.27272727272727,11,False
WTI_session,mcx_tail,5,slight_escalation_strait_closure,Q5_90_100,1,9.090909090909092,11,False
WTI_session,other_valid_hours,5,slight_escalation_strait_closure,Q1_0_25,3,27.27272727272727,11,False
WTI_session,other_valid_hours,5,slight_escalation_strait_closure,Q2_25_50,2,18.181818181818183,11,False
WTI_session,other_valid_hours,5,slight_escalation_strait_closure,Q3_50_75,3,27.27272727272727,11,False
WTI_session,other_valid_hours,5,slight_escalation_strait_closure,Q4_75_90,1,9.090909090909092,11,False
WTI_session,other_valid_hours,5,slight_escalation_strait_closure,Q5_90_100,2,18.181818181818183,11,False
WTI_session,us_open,5,slight_escalation_strait_closure,Q1_0_25,6,27.27272727272727,22,False
WTI_session,us_open,5,slight_escalation_strait_closure,Q2_25_50,5,22.727272727272727,22,False
WTI_session,us_open,5,slight_escalation_strait_closure,Q3_50_75,5,22.727272727272727,22,False
WTI_session,us_open,5,slight_escalation_strait_closure,Q4_75_90,3,13.636363636363635,22,False
WTI_session,us_open,5,slight_escalation_strait_closure,Q5_90_100,3,13.636363636363635,22,False
WTI_session,us_pre_open,5,slight_escalation_strait_closure,Q1_0_25,3,27.27272727272727,11,False
WTI_session,us_pre_open,5,slight_escalation_strait_closure,Q2_25_50,3,27.27272727272727,11,False
WTI_session,us_pre_open,5,slight_escalation_strait_closure,Q3_50_75,1,9.090909090909092,11,False
WTI_session,us_pre_open,5,slight_escalation_strait_closure,Q4_75_90,2,18.181818181818183,11,False
WTI_session,us_pre_open,5,slight_escalation_strait_closure,Q5_90_100,2,18.181818181818183,11,False
WTI_session,us_open,6,ceasefire_collapse_renewed_escalation,Q1_0_25,1,16.666666666666664,6,False
WTI_session,us_open,6,ceasefire_collapse_renewed_escalation,Q2_25_50,1,16.666666666666664,6,False
WTI_session,us_open,6,ceasefire_collapse_renewed_escalation,Q3_50_75,1,16.666666666666664,6,False
WTI_session,us_open,6,ceasefire_collapse_renewed_escalation,Q4_75_90,1,16.666666666666664,6,False
WTI_session,us_open,6,ceasefire_collapse_renewed_escalation,Q5_90_100,2,33.33333333333333,6,False
WTI_session,europe_midday,7,sustained_major_reescalation_hormuz_war,Q1_0_25,2,20.0,10,False
WTI_session,europe_midday,7,sustained_major_reescalation_hormuz_war,Q2_25_50,3,30.0,10,False
WTI_session,europe_midday,7,sustained_major_reescalation_hormuz_war,Q3_50_75,2,20.0,10,False
WTI_session,europe_midday,7,sustained_major_reescalation_hormuz_war,Q4_75_90,1,10.0,10,False
WTI_session,europe_midday,7,sustained_major_reescalation_hormuz_war,Q5_90_100,2,20.0,10,False
WTI_session,global_reopen_pre_mcx,7,sustained_major_reescalation_hormuz_war,Q1_0_25,2,20.0,10,False
WTI_session,global_reopen_pre_mcx,7,sustained_major_reescalation_hormuz_war,Q2_25_50,4,40.0,10,False
WTI_session,global_reopen_pre_mcx,7,sustained_major_reescalation_hormuz_war,Q3_50_75,2,20.0,10,False
WTI_session,global_reopen_pre_mcx,7,sustained_major_reescalation_hormuz_war,Q4_75_90,1,10.0,10,False
WTI_session,global_reopen_pre_mcx,7,sustained_major_reescalation_hormuz_war,Q5_90_100,1,10.0,10,False
WTI_session,india_midday,7,sustained_major_reescalation_hormuz_war,Q1_0_25,3,30.0,10,False
WTI_session,india_midday,7,sustained_major_reescalation_hormuz_war,Q2_25_50,2,20.0,10,False
WTI_session,india_midday,7,sustained_major_reescalation_hormuz_war,Q3_50_75,4,40.0,10,False
WTI_session,india_midday,7,sustained_major_reescalation_hormuz_war,Q4_75_90,1,10.0,10,False
WTI_session,india_morning,7,sustained_major_reescalation_hormuz_war,Q1_0_25,2,20.0,10,False
WTI_session,india_morning,7,sustained_major_reescalation_hormuz_war,Q2_25_50,4,40.0,10,False
WTI_session,india_morning,7,sustained_major_reescalation_hormuz_war,Q3_50_75,1,10.0,10,False
WTI_session,india_morning,7,sustained_major_reescalation_hormuz_war,Q4_75_90,2,20.0,10,False
WTI_session,india_morning,7,sustained_major_reescalation_hormuz_war,Q5_90_100,1,10.0,10,False
WTI_session,mcx_open_drive,7,sustained_major_reescalation_hormuz_war,Q1_0_25,2,20.0,10,False
WTI_session,mcx_open_drive,7,sustained_major_reescalation_hormuz_war,Q2_25_50,2,20.0,10,False
WTI_session,mcx_open_drive,7,sustained_major_reescalation_hormuz_war,Q3_50_75,3,30.0,10,False
WTI_session,mcx_open_drive,7,sustained_major_reescalation_hormuz_war,Q4_75_90,2,20.0,10,False
WTI_session,mcx_open_drive,7,sustained_major_reescalation_hormuz_war,Q5_90_100,1,10.0,10,False
WTI_session,mcx_tail,7,sustained_major_reescalation_hormuz_war,Q1_0_25,2,20.0,10,False
WTI_session,mcx_tail,7,sustained_major_reescalation_hormuz_war,Q2_25_50,2,20.0,10,False
WTI_session,mcx_tail,7,sustained_major_reescalation_hormuz_war,Q3_50_75,4,40.0,10,False
WTI_session,mcx_tail,7,sustained_major_reescalation_hormuz_war,Q4_75_90,1,10.0,10,False
WTI_session,mcx_tail,7,sustained_major_reescalation_hormuz_war,Q5_90_100,1,10.0,10,False
WTI_session,other_valid_hours,7,sustained_major_reescalation_hormuz_war,Q1_0_25,1,10.0,10,False
WTI_session,other_valid_hours,7,sustained_major_reescalation_hormuz_war,Q2_25_50,4,40.0,10,False
WTI_session,other_valid_hours,7,sustained_major_reescalation_hormuz_war,Q3_50_75,3,30.0,10,False
WTI_session,other_valid_hours,7,sustained_major_reescalation_hormuz_war,Q5_90_100,2,20.0,10,False
WTI_session,us_open,7,sustained_major_reescalation_hormuz_war,Q1_0_25,6,30.0,20,False
WTI_session,us_open,7,sustained_major_reescalation_hormuz_war,Q2_25_50,5,25.0,20,False
WTI_session,us_open,7,sustained_major_reescalation_hormuz_war,Q3_50_75,4,20.0,20,False
WTI_session,us_open,7,sustained_major_reescalation_hormuz_war,Q4_75_90,4,20.0,20,False
WTI_session,us_open,7,sustained_major_reescalation_hormuz_war,Q5_90_100,1,5.0,20,False
WTI_session,us_pre_open,7,sustained_major_reescalation_hormuz_war,Q1_0_25,5,50.0,10,False
WTI_session,us_pre_open,7,sustained_major_reescalation_hormuz_war,Q2_25_50,2,20.0,10,False
WTI_session,us_pre_open,7,sustained_major_reescalation_hormuz_war,Q3_50_75,1,10.0,10,False
WTI_session,us_pre_open,7,sustained_major_reescalation_hormuz_war,Q4_75_90,2,20.0,10,False
WTI_session,us_open,9,ceasefire_pause_breakdown_renewed_escalation,Q1_0_25,1,12.5,8,False
WTI_session,us_open,9,ceasefire_pause_breakdown_renewed_escalation,Q2_25_50,2,25.0,8,False
WTI_session,us_open,9,ceasefire_pause_breakdown_renewed_escalation,Q3_50_75,3,37.5,8,False
WTI_session,us_open,9,ceasefire_pause_breakdown_renewed_escalation,Q4_75_90,1,12.5,8,False
WTI_session,us_open,9,ceasefire_pause_breakdown_renewed_escalation,Q5_90_100,1,12.5,8,False
WTI_session,europe_midday,10,second_deescalation_active_negotiation_hormuz_deal,Q1_0_25,1,11.11111111111111,9,False
WTI_session,europe_midday,10,second_deescalation_active_negotiation_hormuz_deal,Q2_25_50,4,44.44444444444444,9,False
WTI_session,europe_midday,10,second_deescalation_active_negotiation_hormuz_deal,Q3_50_75,2,22.22222222222222,9,False
WTI_session,europe_midday,10,second_deescalation_active_negotiation_hormuz_deal,Q4_75_90,1,11.11111111111111,9,False
WTI_session,europe_midday,10,second_deescalation_active_negotiation_hormuz_deal,Q5_90_100,1,11.11111111111111,9,False
WTI_session,global_reopen_pre_mcx,10,second_deescalation_active_negotiation_hormuz_deal,Q1_0_25,2,22.22222222222222,9,False
WTI_session,global_reopen_pre_mcx,10,second_deescalation_active_negotiation_hormuz_deal,Q2_25_50,2,22.22222222222222,9,False
WTI_session,global_reopen_pre_mcx,10,second_deescalation_active_negotiation_hormuz_deal,Q3_50_75,2,22.22222222222222,9,False
WTI_session,global_reopen_pre_mcx,10,second_deescalation_active_negotiation_hormuz_deal,Q4_75_90,2,22.22222222222222,9,False
WTI_session,global_reopen_pre_mcx,10,second_deescalation_active_negotiation_hormuz_deal,Q5_90_100,1,11.11111111111111,9,False
WTI_session,india_midday,10,second_deescalation_active_negotiation_hormuz_deal,Q1_0_25,1,11.11111111111111,9,False
WTI_session,india_midday,10,second_deescalation_active_negotiation_hormuz_deal,Q2_25_50,3,33.33333333333333,9,False
WTI_session,india_midday,10,second_deescalation_active_negotiation_hormuz_deal,Q3_50_75,2,22.22222222222222,9,False
WTI_session,india_midday,10,second_deescalation_active_negotiation_hormuz_deal,Q4_75_90,2,22.22222222222222,9,False
WTI_session,india_midday,10,second_deescalation_active_negotiation_hormuz_deal,Q5_90_100,1,11.11111111111111,9,False
WTI_session,india_morning,10,second_deescalation_active_negotiation_hormuz_deal,Q1_0_25,3,33.33333333333333,9,False
WTI_session,india_morning,10,second_deescalation_active_negotiation_hormuz_deal,Q2_25_50,2,22.22222222222222,9,False
WTI_session,india_morning,10,second_deescalation_active_negotiation_hormuz_deal,Q3_50_75,2,22.22222222222222,9,False
WTI_session,india_morning,10,second_deescalation_active_negotiation_hormuz_deal,Q4_75_90,1,11.11111111111111,9,False
WTI_session,india_morning,10,second_deescalation_active_negotiation_hormuz_deal,Q5_90_100,1,11.11111111111111,9,False
WTI_session,mcx_open_drive,10,second_deescalation_active_negotiation_hormuz_deal,Q1_0_25,3,33.33333333333333,9,False
WTI_session,mcx_open_drive,10,second_deescalation_active_negotiation_hormuz_deal,Q2_25_50,2,22.22222222222222,9,False
WTI_session,mcx_open_drive,10,second_deescalation_active_negotiation_hormuz_deal,Q3_50_75,2,22.22222222222222,9,False
WTI_session,mcx_open_drive,10,second_deescalation_active_negotiation_hormuz_deal,Q4_75_90,1,11.11111111111111,9,False
WTI_session,mcx_open_drive,10,second_deescalation_active_negotiation_hormuz_deal,Q5_90_100,1,11.11111111111111,9,False
WTI_session,mcx_tail,10,second_deescalation_active_negotiation_hormuz_deal,Q1_0_25,2,22.22222222222222,9,False
WTI_session,mcx_tail,10,second_deescalation_active_negotiation_hormuz_deal,Q2_25_50,2,22.22222222222222,9,False
WTI_session,mcx_tail,10,second_deescalation_active_negotiation_hormuz_deal,Q3_50_75,2,22.22222222222222,9,False
WTI_session,mcx_tail,10,second_deescalation_active_negotiation_hormuz_deal,Q4_75_90,2,22.22222222222222,9,False
WTI_session,mcx_tail,10,second_deescalation_active_negotiation_hormuz_deal,Q5_90_100,1,11.11111111111111,9,False
WTI_session,other_valid_hours,10,second_deescalation_active_negotiation_hormuz_deal,Q1_0_25,2,25.0,8,False
WTI_session,other_valid_hours,10,second_deescalation_active_negotiation_hormuz_deal,Q2_25_50,2,25.0,8,False
WTI_session,other_valid_hours,10,second_deescalation_active_negotiation_hormuz_deal,Q3_50_75,2,25.0,8,False
WTI_session,other_valid_hours,10,second_deescalation_active_negotiation_hormuz_deal,Q5_90_100,2,25.0,8,False
WTI_session,us_open,10,second_deescalation_active_negotiation_hormuz_deal,Q1_0_25,5,27.77777777777778,18,False
WTI_session,us_open,10,second_deescalation_active_negotiation_hormuz_deal,Q2_25_50,5,27.77777777777778,18,False
WTI_session,us_open,10,second_deescalation_active_negotiation_hormuz_deal,Q3_50_75,4,22.22222222222222,18,False
WTI_session,us_open,10,second_deescalation_active_negotiation_hormuz_deal,Q4_75_90,3,16.666666666666664,18,False
WTI_session,us_open,10,second_deescalation_active_negotiation_hormuz_deal,Q5_90_100,1,5.555555555555555,18,False
WTI_session,us_pre_open,10,second_deescalation_active_negotiation_hormuz_deal,Q1_0_25,3,33.33333333333333,9,False
WTI_session,us_pre_open,10,second_deescalation_active_negotiation_hormuz_deal,Q2_25_50,2,22.22222222222222,9,False
WTI_session,us_pre_open,10,second_deescalation_active_negotiation_hormuz_deal,Q3_50_75,2,22.22222222222222,9,False
WTI_session,us_pre_open,10,second_deescalation_active_negotiation_hormuz_deal,Q4_75_90,1,11.11111111111111,9,False
WTI_session,us_pre_open,10,second_deescalation_active_negotiation_hormuz_deal,Q5_90_100,1,11.11111111111111,9,False
