stream,phase_id,phase_label,day_archetype,current_window,n_observations,top_next_window,pct_up_next,pct_down_next,pct_flat_next,low_confidence_flag
BRENT_session,1.0,full_scale_war,all_day_trend_down,us_open,4,mcx_tail,25.0,50.0,25.0,True
BRENT_session,1.0,full_scale_war,all_day_trend_up,asia_early,5,us_late,80.0,20.0,0.0,False
BRENT_session,1.0,full_scale_war,all_day_trend_up,europe_midday,7,us_pre_open,42.857142857142854,42.857142857142854,14.285714285714285,False
BRENT_session,1.0,full_scale_war,all_day_trend_up,us_late,6,europe_midday,66.66666666666666,33.33333333333333,0.0,False
BRENT_session,1.0,full_scale_war,all_day_trend_up,us_open,14,us_open,50.0,7.142857142857142,42.857142857142854,False
BRENT_session,1.0,full_scale_war,all_day_trend_up,us_pre_open,7,us_open,57.14285714285714,14.285714285714285,28.57142857142857,False
BRENT_session,1.0,full_scale_war,mixed_regime,us_open,4,us_open,25.0,50.0,25.0,True
BRENT_session,1.0,full_scale_war,whipsaw_two_sided,asia_early,5,us_late,40.0,20.0,40.0,False
BRENT_session,1.0,full_scale_war,whipsaw_two_sided,europe_midday,6,us_pre_open,50.0,33.33333333333333,16.666666666666664,False
BRENT_session,1.0,full_scale_war,whipsaw_two_sided,us_late,5,europe_midday,40.0,60.0,0.0,False
BRENT_session,1.0,full_scale_war,whipsaw_two_sided,us_open,12,us_open,50.0,25.0,25.0,False
BRENT_session,1.0,full_scale_war,whipsaw_two_sided,us_pre_open,6,us_open,33.33333333333333,50.0,16.666666666666664,False
BRENT_session,2.0,post_ceasefire_complex,all_day_trend_down,europe_midday,12,us_pre_open,50.0,50.0,0.0,False
BRENT_session,2.0,post_ceasefire_complex,all_day_trend_down,global_reopen_pre_mcx,12,mcx_open_drive,0.0,25.0,75.0,False
BRENT_session,2.0,post_ceasefire_complex,all_day_trend_down,india_midday,12,europe_midday,8.333333333333332,50.0,41.66666666666667,False
BRENT_session,2.0,post_ceasefire_complex,all_day_trend_down,india_morning,12,india_midday,16.666666666666664,66.66666666666666,16.666666666666664,False
BRENT_session,2.0,post_ceasefire_complex,all_day_trend_down,mcx_open_drive,12,india_morning,41.66666666666667,33.33333333333333,25.0,False
BRENT_session,2.0,post_ceasefire_complex,all_day_trend_down,mcx_tail,11,other_valid_hours,45.45454545454545,0.0,54.54545454545454,False
BRENT_session,2.0,post_ceasefire_complex,all_day_trend_down,us_open,24,mcx_tail,29.166666666666668,45.83333333333333,25.0,False
BRENT_session,2.0,post_ceasefire_complex,all_day_trend_down,us_pre_open,12,us_open,16.666666666666664,58.333333333333336,25.0,False
BRENT_session,2.0,post_ceasefire_complex,all_day_trend_up,europe_midday,10,us_pre_open,40.0,50.0,10.0,False
BRENT_session,2.0,post_ceasefire_complex,all_day_trend_up,global_reopen_pre_mcx,9,mcx_open_drive,22.22222222222222,11.11111111111111,66.66666666666666,False
BRENT_session,2.0,post_ceasefire_complex,all_day_trend_up,india_midday,10,europe_midday,40.0,40.0,20.0,False
BRENT_session,2.0,post_ceasefire_complex,all_day_trend_up,india_morning,9,india_midday,88.88888888888889,11.11111111111111,0.0,False
BRENT_session,2.0,post_ceasefire_complex,all_day_trend_up,mcx_open_drive,9,india_morning,77.77777777777779,11.11111111111111,11.11111111111111,False
BRENT_session,2.0,post_ceasefire_complex,all_day_trend_up,mcx_tail,10,other_valid_hours,10.0,50.0,40.0,False
BRENT_session,2.0,post_ceasefire_complex,all_day_trend_up,us_open,20,mcx_tail,50.0,5.0,45.0,False
BRENT_session,2.0,post_ceasefire_complex,all_day_trend_up,us_pre_open,10,us_open,40.0,10.0,50.0,False
BRENT_session,2.0,post_ceasefire_complex,gap_and_hold_up,europe_midday,5,us_pre_open,60.0,40.0,0.0,False
BRENT_session,2.0,post_ceasefire_complex,gap_and_hold_up,global_reopen_pre_mcx,5,mcx_open_drive,60.0,0.0,40.0,False
BRENT_session,2.0,post_ceasefire_complex,gap_and_hold_up,india_midday,5,europe_midday,0.0,60.0,40.0,False
BRENT_session,2.0,post_ceasefire_complex,gap_and_hold_up,india_morning,5,india_midday,40.0,40.0,20.0,False
BRENT_session,2.0,post_ceasefire_complex,gap_and_hold_up,mcx_open_drive,5,india_morning,60.0,40.0,0.0,False
BRENT_session,2.0,post_ceasefire_complex,gap_and_hold_up,mcx_tail,5,other_valid_hours,20.0,20.0,60.0,False
BRENT_session,2.0,post_ceasefire_complex,gap_and_hold_up,us_open,10,mcx_tail,10.0,30.0,60.0,False
BRENT_session,2.0,post_ceasefire_complex,gap_and_hold_up,us_pre_open,5,us_open,60.0,20.0,20.0,False
BRENT_session,2.0,post_ceasefire_complex,whipsaw_two_sided,europe_midday,12,us_pre_open,41.66666666666667,33.33333333333333,25.0,False
BRENT_session,2.0,post_ceasefire_complex,whipsaw_two_sided,global_reopen_pre_mcx,12,mcx_open_drive,33.33333333333333,25.0,41.66666666666667,False
BRENT_session,2.0,post_ceasefire_complex,whipsaw_two_sided,india_midday,12,europe_midday,25.0,58.333333333333336,16.666666666666664,False
BRENT_session,2.0,post_ceasefire_complex,whipsaw_two_sided,india_morning,12,india_midday,25.0,66.66666666666666,8.333333333333332,False
BRENT_session,2.0,post_ceasefire_complex,whipsaw_two_sided,mcx_open_drive,12,india_morning,33.33333333333333,41.66666666666667,25.0,False
BRENT_session,2.0,post_ceasefire_complex,whipsaw_two_sided,mcx_tail,12,other_valid_hours,50.0,16.666666666666664,33.33333333333333,False
BRENT_session,2.0,post_ceasefire_complex,whipsaw_two_sided,us_open,24,mcx_tail,37.5,41.66666666666667,20.833333333333336,False
BRENT_session,2.0,post_ceasefire_complex,whipsaw_two_sided,us_pre_open,12,us_open,50.0,33.33333333333333,16.666666666666664,False
BRENT_session,3.0,strong_escalation_op_rising_lion,all_day_trend_down,us_open,4,mcx_tail,25.0,25.0,50.0,True
BRENT_session,4.0,naval_blockade_removed,whipsaw_two_sided,global_reopen_pre_mcx,3,mcx_open_drive,0.0,66.66666666666666,33.33333333333333,True
BRENT_session,4.0,naval_blockade_removed,whipsaw_two_sided,us_open,4,mcx_tail,75.0,25.0,0.0,True
BRENT_session,5.0,slight_escalation_strait_closure,all_day_trend_down,europe_midday,3,us_pre_open,0.0,100.0,0.0,True
BRENT_session,5.0,slight_escalation_strait_closure,all_day_trend_down,global_reopen_pre_mcx,3,mcx_open_drive,33.33333333333333,33.33333333333333,33.33333333333333,True
BRENT_session,5.0,slight_escalation_strait_closure,all_day_trend_down,india_midday,3,europe_midday,33.33333333333333,33.33333333333333,33.33333333333333,True
BRENT_session,5.0,slight_escalation_strait_closure,all_day_trend_down,india_morning,3,india_midday,0.0,100.0,0.0,True
BRENT_session,5.0,slight_escalation_strait_closure,all_day_trend_down,mcx_open_drive,3,india_morning,0.0,0.0,100.0,True
BRENT_session,5.0,slight_escalation_strait_closure,all_day_trend_down,mcx_tail,3,other_valid_hours,0.0,66.66666666666666,33.33333333333333,True
BRENT_session,5.0,slight_escalation_strait_closure,all_day_trend_down,us_open,6,mcx_tail,33.33333333333333,16.666666666666664,50.0,False
BRENT_session,5.0,slight_escalation_strait_closure,all_day_trend_down,us_pre_open,3,us_open,66.66666666666666,33.33333333333333,0.0,True
BRENT_session,5.0,slight_escalation_strait_closure,whipsaw_two_sided,europe_midday,4,us_pre_open,75.0,25.0,0.0,True
BRENT_session,5.0,slight_escalation_strait_closure,whipsaw_two_sided,global_reopen_pre_mcx,4,mcx_open_drive,25.0,25.0,50.0,True
BRENT_session,5.0,slight_escalation_strait_closure,whipsaw_two_sided,india_midday,4,europe_midday,50.0,50.0,0.0,True
BRENT_session,5.0,slight_escalation_strait_closure,whipsaw_two_sided,india_morning,4,india_midday,50.0,25.0,25.0,True
BRENT_session,5.0,slight_escalation_strait_closure,whipsaw_two_sided,mcx_open_drive,4,india_morning,25.0,25.0,50.0,True
BRENT_session,5.0,slight_escalation_strait_closure,whipsaw_two_sided,mcx_tail,4,other_valid_hours,25.0,50.0,25.0,True
BRENT_session,5.0,slight_escalation_strait_closure,whipsaw_two_sided,us_open,8,mcx_tail,37.5,25.0,37.5,False
BRENT_session,5.0,slight_escalation_strait_closure,whipsaw_two_sided,us_pre_open,4,us_open,0.0,50.0,50.0,True
BRENT_session,6.0,ceasefire_collapse_renewed_escalation,whipsaw_two_sided,us_open,4,mcx_tail,0.0,0.0,100.0,True
BRENT_session,7.0,sustained_major_reescalation_hormuz_war,all_day_trend_up,us_open,4,mcx_tail,0.0,25.0,75.0,True
BRENT_session,7.0,sustained_major_reescalation_hormuz_war,mixed_regime,europe_midday,3,us_pre_open,66.66666666666666,33.33333333333333,0.0,True
BRENT_session,7.0,sustained_major_reescalation_hormuz_war,mixed_regime,global_reopen_pre_mcx,3,mcx_open_drive,0.0,33.33333333333333,66.66666666666666,True
BRENT_session,7.0,sustained_major_reescalation_hormuz_war,mixed_regime,india_midday,3,europe_midday,0.0,66.66666666666666,33.33333333333333,True
BRENT_session,7.0,sustained_major_reescalation_hormuz_war,mixed_regime,india_morning,3,india_midday,33.33333333333333,66.66666666666666,0.0,True
BRENT_session,7.0,sustained_major_reescalation_hormuz_war,mixed_regime,mcx_open_drive,3,india_morning,66.66666666666666,33.33333333333333,0.0,True
BRENT_session,7.0,sustained_major_reescalation_hormuz_war,mixed_regime,mcx_tail,3,other_valid_hours,33.33333333333333,33.33333333333333,33.33333333333333,True
BRENT_session,7.0,sustained_major_reescalation_hormuz_war,mixed_regime,us_open,6,mcx_tail,50.0,33.33333333333333,16.666666666666664,False
BRENT_session,7.0,sustained_major_reescalation_hormuz_war,mixed_regime,us_pre_open,3,us_open,66.66666666666666,0.0,33.33333333333333,True
BRENT_session,7.0,sustained_major_reescalation_hormuz_war,whipsaw_two_sided,europe_midday,4,us_pre_open,50.0,50.0,0.0,True
BRENT_session,7.0,sustained_major_reescalation_hormuz_war,whipsaw_two_sided,global_reopen_pre_mcx,4,mcx_open_drive,0.0,50.0,50.0,True
BRENT_session,7.0,sustained_major_reescalation_hormuz_war,whipsaw_two_sided,india_midday,4,europe_midday,25.0,25.0,50.0,True
BRENT_session,7.0,sustained_major_reescalation_hormuz_war,whipsaw_two_sided,india_morning,4,india_midday,0.0,50.0,50.0,True
BRENT_session,7.0,sustained_major_reescalation_hormuz_war,whipsaw_two_sided,mcx_open_drive,4,india_morning,50.0,0.0,50.0,True
BRENT_session,7.0,sustained_major_reescalation_hormuz_war,whipsaw_two_sided,mcx_tail,4,other_valid_hours,50.0,0.0,50.0,True
BRENT_session,7.0,sustained_major_reescalation_hormuz_war,whipsaw_two_sided,us_open,8,mcx_tail,37.5,12.5,50.0,False
BRENT_session,7.0,sustained_major_reescalation_hormuz_war,whipsaw_two_sided,us_pre_open,4,us_open,0.0,75.0,25.0,True
BRENT_session,9.0,ceasefire_pause_breakdown_renewed_escalation,whipsaw_two_sided,us_open,4,mcx_tail,0.0,50.0,50.0,True
BRENT_session,10.0,second_deescalation_active_negotiation_hormuz_deal,all_day_trend_up,europe_midday,4,us_pre_open,50.0,25.0,25.0,True
BRENT_session,10.0,second_deescalation_active_negotiation_hormuz_deal,all_day_trend_up,global_reopen_pre_mcx,4,mcx_open_drive,0.0,50.0,50.0,True
BRENT_session,10.0,second_deescalation_active_negotiation_hormuz_deal,all_day_trend_up,india_midday,4,europe_midday,50.0,50.0,0.0,True
BRENT_session,10.0,second_deescalation_active_negotiation_hormuz_deal,all_day_trend_up,india_morning,4,india_midday,75.0,25.0,0.0,True
BRENT_session,10.0,second_deescalation_active_negotiation_hormuz_deal,all_day_trend_up,mcx_open_drive,4,india_morning,50.0,25.0,25.0,True
BRENT_session,10.0,second_deescalation_active_negotiation_hormuz_deal,all_day_trend_up,mcx_tail,4,other_valid_hours,25.0,25.0,50.0,True
BRENT_session,10.0,second_deescalation_active_negotiation_hormuz_deal,all_day_trend_up,us_open,8,mcx_tail,87.5,0.0,12.5,False
BRENT_session,10.0,second_deescalation_active_negotiation_hormuz_deal,all_day_trend_up,us_pre_open,4,us_open,75.0,25.0,0.0,True
BRENT_session,10.0,second_deescalation_active_negotiation_hormuz_deal,mixed_regime,us_open,4,mcx_tail,50.0,25.0,25.0,True
BRENT_session,10.0,second_deescalation_active_negotiation_hormuz_deal,whipsaw_two_sided,europe_midday,5,us_pre_open,40.0,40.0,20.0,False
BRENT_session,10.0,second_deescalation_active_negotiation_hormuz_deal,whipsaw_two_sided,global_reopen_pre_mcx,4,mcx_open_drive,25.0,25.0,50.0,True
BRENT_session,10.0,second_deescalation_active_negotiation_hormuz_deal,whipsaw_two_sided,india_midday,5,europe_midday,20.0,60.0,20.0,False
BRENT_session,10.0,second_deescalation_active_negotiation_hormuz_deal,whipsaw_two_sided,india_morning,4,india_midday,50.0,25.0,25.0,True
BRENT_session,10.0,second_deescalation_active_negotiation_hormuz_deal,whipsaw_two_sided,mcx_open_drive,4,india_morning,25.0,0.0,75.0,True
BRENT_session,10.0,second_deescalation_active_negotiation_hormuz_deal,whipsaw_two_sided,mcx_tail,4,other_valid_hours,25.0,25.0,50.0,True
BRENT_session,10.0,second_deescalation_active_negotiation_hormuz_deal,whipsaw_two_sided,us_open,10,mcx_tail,50.0,30.0,20.0,False
BRENT_session,10.0,second_deescalation_active_negotiation_hormuz_deal,whipsaw_two_sided,us_pre_open,5,us_open,40.0,40.0,20.0,False
WTI_session,1.0,full_scale_war,all_day_trend_down,us_open,4,other_valid_hours,0.0,100.0,0.0,True
WTI_session,1.0,full_scale_war,all_day_trend_up,asia_early,3,us_late,66.66666666666666,0.0,33.33333333333333,True
WTI_session,1.0,full_scale_war,all_day_trend_up,europe_midday,4,us_pre_open,100.0,0.0,0.0,True
WTI_session,1.0,full_scale_war,all_day_trend_up,us_late,3,europe_midday,33.33333333333333,66.66666666666666,0.0,True
WTI_session,1.0,full_scale_war,all_day_trend_up,us_open,8,us_open,62.5,25.0,12.5,False
WTI_session,1.0,full_scale_war,all_day_trend_up,us_pre_open,4,us_open,100.0,0.0,0.0,True
WTI_session,1.0,full_scale_war,mixed_regime,europe_midday,4,us_pre_open,0.0,25.0,75.0,True
WTI_session,1.0,full_scale_war,mixed_regime,us_open,8,us_open,62.5,25.0,12.5,False
WTI_session,1.0,full_scale_war,mixed_regime,us_pre_open,4,us_open,25.0,75.0,0.0,True
WTI_session,1.0,full_scale_war,whipsaw_two_sided,asia_early,3,us_late,33.33333333333333,33.33333333333333,33.33333333333333,True
WTI_session,1.0,full_scale_war,whipsaw_two_sided,europe_midday,6,us_pre_open,83.33333333333334,16.666666666666664,0.0,False
WTI_session,1.0,full_scale_war,whipsaw_two_sided,global_reopen_pre_mcx,3,mcx_open_drive,33.33333333333333,0.0,66.66666666666666,True
WTI_session,1.0,full_scale_war,whipsaw_two_sided,india_midday,3,europe_midday,33.33333333333333,33.33333333333333,33.33333333333333,True
WTI_session,1.0,full_scale_war,whipsaw_two_sided,india_morning,3,india_midday,33.33333333333333,33.33333333333333,33.33333333333333,True
WTI_session,1.0,full_scale_war,whipsaw_two_sided,mcx_open_drive,3,india_morning,0.0,0.0,100.0,True
WTI_session,1.0,full_scale_war,whipsaw_two_sided,mcx_tail,3,other_valid_hours,33.33333333333333,33.33333333333333,33.33333333333333,True
WTI_session,1.0,full_scale_war,whipsaw_two_sided,us_late,3,europe_midday,33.33333333333333,33.33333333333333,33.33333333333333,True
WTI_session,1.0,full_scale_war,whipsaw_two_sided,us_open,12,us_open,41.66666666666667,33.33333333333333,25.0,False
WTI_session,1.0,full_scale_war,whipsaw_two_sided,us_pre_open,6,us_open,66.66666666666666,33.33333333333333,0.0,False
WTI_session,2.0,post_ceasefire_complex,all_day_trend_down,europe_midday,10,us_pre_open,30.0,60.0,10.0,False
WTI_session,2.0,post_ceasefire_complex,all_day_trend_down,global_reopen_pre_mcx,10,mcx_open_drive,10.0,20.0,70.0,False
WTI_session,2.0,post_ceasefire_complex,all_day_trend_down,india_midday,10,europe_midday,20.0,20.0,60.0,False
WTI_session,2.0,post_ceasefire_complex,all_day_trend_down,india_morning,10,india_midday,0.0,70.0,30.0,False
WTI_session,2.0,post_ceasefire_complex,all_day_trend_down,mcx_open_drive,10,india_morning,20.0,40.0,40.0,False
WTI_session,2.0,post_ceasefire_complex,all_day_trend_down,mcx_tail,9,other_valid_hours,44.44444444444444,11.11111111111111,44.44444444444444,False
WTI_session,2.0,post_ceasefire_complex,all_day_trend_down,us_open,20,mcx_tail,40.0,35.0,25.0,False
WTI_session,2.0,post_ceasefire_complex,all_day_trend_down,us_pre_open,10,us_open,20.0,40.0,40.0,False
WTI_session,2.0,post_ceasefire_complex,all_day_trend_up,europe_midday,9,us_pre_open,33.33333333333333,55.55555555555556,11.11111111111111,False
WTI_session,2.0,post_ceasefire_complex,all_day_trend_up,global_reopen_pre_mcx,8,mcx_open_drive,12.5,25.0,62.5,False
WTI_session,2.0,post_ceasefire_complex,all_day_trend_up,india_midday,9,europe_midday,44.44444444444444,33.33333333333333,22.22222222222222,False
WTI_session,2.0,post_ceasefire_complex,all_day_trend_up,india_morning,8,india_midday,75.0,12.5,12.5,False
WTI_session,2.0,post_ceasefire_complex,all_day_trend_up,mcx_open_drive,8,india_morning,100.0,0.0,0.0,False
WTI_session,2.0,post_ceasefire_complex,all_day_trend_up,mcx_tail,9,other_valid_hours,33.33333333333333,44.44444444444444,22.22222222222222,False
WTI_session,2.0,post_ceasefire_complex,all_day_trend_up,us_open,18,mcx_tail,50.0,27.77777777777778,22.22222222222222,False
WTI_session,2.0,post_ceasefire_complex,all_day_trend_up,us_pre_open,9,us_open,66.66666666666666,0.0,33.33333333333333,False
WTI_session,2.0,post_ceasefire_complex,gap_and_hold_up,europe_midday,5,us_pre_open,40.0,40.0,20.0,False
WTI_session,2.0,post_ceasefire_complex,gap_and_hold_up,global_reopen_pre_mcx,5,mcx_open_drive,60.0,0.0,40.0,False
WTI_session,2.0,post_ceasefire_complex,gap_and_hold_up,india_midday,5,europe_midday,0.0,60.0,40.0,False
WTI_session,2.0,post_ceasefire_complex,gap_and_hold_up,india_morning,5,india_midday,60.0,20.0,20.0,False
WTI_session,2.0,post_ceasefire_complex,gap_and_hold_up,mcx_open_drive,5,india_morning,40.0,40.0,20.0,False
WTI_session,2.0,post_ceasefire_complex,gap_and_hold_up,mcx_tail,5,other_valid_hours,20.0,20.0,60.0,False
WTI_session,2.0,post_ceasefire_complex,gap_and_hold_up,us_open,10,mcx_tail,40.0,30.0,30.0,False
WTI_session,2.0,post_ceasefire_complex,gap_and_hold_up,us_pre_open,5,us_open,40.0,60.0,0.0,False
WTI_session,2.0,post_ceasefire_complex,mixed_regime,europe_midday,5,us_pre_open,80.0,20.0,0.0,False
WTI_session,2.0,post_ceasefire_complex,mixed_regime,global_reopen_pre_mcx,5,mcx_open_drive,20.0,60.0,20.0,False
WTI_session,2.0,post_ceasefire_complex,mixed_regime,india_midday,5,europe_midday,0.0,100.0,0.0,False
WTI_session,2.0,post_ceasefire_complex,mixed_regime,india_morning,5,india_midday,20.0,80.0,0.0,False
WTI_session,2.0,post_ceasefire_complex,mixed_regime,mcx_open_drive,5,india_morning,60.0,20.0,20.0,False
WTI_session,2.0,post_ceasefire_complex,mixed_regime,mcx_tail,5,other_valid_hours,40.0,20.0,40.0,False
WTI_session,2.0,post_ceasefire_complex,mixed_regime,us_open,10,mcx_tail,30.0,40.0,30.0,False
WTI_session,2.0,post_ceasefire_complex,mixed_regime,us_pre_open,5,us_open,40.0,0.0,60.0,False
WTI_session,2.0,post_ceasefire_complex,whipsaw_two_sided,europe_midday,11,us_pre_open,36.36363636363637,36.36363636363637,27.27272727272727,False
WTI_session,2.0,post_ceasefire_complex,whipsaw_two_sided,global_reopen_pre_mcx,11,mcx_open_drive,27.27272727272727,27.27272727272727,45.45454545454545,False
WTI_session,2.0,post_ceasefire_complex,whipsaw_two_sided,india_midday,11,europe_midday,27.27272727272727,63.63636363636363,9.090909090909092,False
WTI_session,2.0,post_ceasefire_complex,whipsaw_two_sided,india_morning,11,india_midday,27.27272727272727,54.54545454545454,18.181818181818183,False
WTI_session,2.0,post_ceasefire_complex,whipsaw_two_sided,mcx_open_drive,11,india_morning,36.36363636363637,45.45454545454545,18.181818181818183,False
WTI_session,2.0,post_ceasefire_complex,whipsaw_two_sided,mcx_tail,11,other_valid_hours,27.27272727272727,27.27272727272727,45.45454545454545,False
WTI_session,2.0,post_ceasefire_complex,whipsaw_two_sided,us_open,22,mcx_tail,36.36363636363637,54.54545454545454,9.090909090909092,False
WTI_session,2.0,post_ceasefire_complex,whipsaw_two_sided,us_pre_open,11,us_open,63.63636363636363,18.181818181818183,18.181818181818183,False
WTI_session,4.0,naval_blockade_removed,whipsaw_two_sided,global_reopen_pre_mcx,3,mcx_open_drive,0.0,66.66666666666666,33.33333333333333,True
WTI_session,4.0,naval_blockade_removed,whipsaw_two_sided,us_open,4,mcx_tail,75.0,25.0,0.0,True
WTI_session,5.0,slight_escalation_strait_closure,all_day_trend_down,europe_midday,3,us_pre_open,0.0,100.0,0.0,True
WTI_session,5.0,slight_escalation_strait_closure,all_day_trend_down,global_reopen_pre_mcx,3,mcx_open_drive,33.33333333333333,33.33333333333333,33.33333333333333,True
WTI_session,5.0,slight_escalation_strait_closure,all_day_trend_down,india_midday,3,europe_midday,66.66666666666666,33.33333333333333,0.0,True
WTI_session,5.0,slight_escalation_strait_closure,all_day_trend_down,india_morning,3,india_midday,0.0,100.0,0.0,True
WTI_session,5.0,slight_escalation_strait_closure,all_day_trend_down,mcx_open_drive,3,india_morning,0.0,0.0,100.0,True
WTI_session,5.0,slight_escalation_strait_closure,all_day_trend_down,mcx_tail,3,other_valid_hours,0.0,66.66666666666666,33.33333333333333,True
WTI_session,5.0,slight_escalation_strait_closure,all_day_trend_down,us_open,6,mcx_tail,50.0,33.33333333333333,16.666666666666664,False
WTI_session,5.0,slight_escalation_strait_closure,all_day_trend_down,us_pre_open,3,us_open,66.66666666666666,33.33333333333333,0.0,True
WTI_session,5.0,slight_escalation_strait_closure,gap_and_hold_up,us_open,4,mcx_tail,25.0,0.0,75.0,True
WTI_session,5.0,slight_escalation_strait_closure,whipsaw_two_sided,europe_midday,3,us_pre_open,66.66666666666666,33.33333333333333,0.0,True
WTI_session,5.0,slight_escalation_strait_closure,whipsaw_two_sided,global_reopen_pre_mcx,3,mcx_open_drive,33.33333333333333,33.33333333333333,33.33333333333333,True
WTI_session,5.0,slight_escalation_strait_closure,whipsaw_two_sided,india_midday,3,europe_midday,33.33333333333333,33.33333333333333,33.33333333333333,True
WTI_session,5.0,slight_escalation_strait_closure,whipsaw_two_sided,india_morning,3,india_midday,33.33333333333333,33.33333333333333,33.33333333333333,True
WTI_session,5.0,slight_escalation_strait_closure,whipsaw_two_sided,mcx_open_drive,3,india_morning,0.0,33.33333333333333,66.66666666666666,True
WTI_session,5.0,slight_escalation_strait_closure,whipsaw_two_sided,mcx_tail,3,other_valid_hours,66.66666666666666,33.33333333333333,0.0,True
WTI_session,5.0,slight_escalation_strait_closure,whipsaw_two_sided,us_open,6,mcx_tail,33.33333333333333,33.33333333333333,33.33333333333333,False
WTI_session,5.0,slight_escalation_strait_closure,whipsaw_two_sided,us_pre_open,3,us_open,0.0,33.33333333333333,66.66666666666666,True
WTI_session,6.0,ceasefire_collapse_renewed_escalation,whipsaw_two_sided,us_open,4,mcx_tail,0.0,75.0,25.0,True
WTI_session,7.0,sustained_major_reescalation_hormuz_war,all_day_trend_down,us_open,4,mcx_tail,50.0,25.0,25.0,True
WTI_session,7.0,sustained_major_reescalation_hormuz_war,all_day_trend_up,europe_midday,3,us_pre_open,100.0,0.0,0.0,True
WTI_session,7.0,sustained_major_reescalation_hormuz_war,all_day_trend_up,global_reopen_pre_mcx,3,mcx_open_drive,0.0,33.33333333333333,66.66666666666666,True
WTI_session,7.0,sustained_major_reescalation_hormuz_war,all_day_trend_up,india_midday,3,europe_midday,100.0,0.0,0.0,True
WTI_session,7.0,sustained_major_reescalation_hormuz_war,all_day_trend_up,india_morning,3,india_midday,100.0,0.0,0.0,True
WTI_session,7.0,sustained_major_reescalation_hormuz_war,all_day_trend_up,mcx_open_drive,3,india_morning,33.33333333333333,33.33333333333333,33.33333333333333,True
WTI_session,7.0,sustained_major_reescalation_hormuz_war,all_day_trend_up,mcx_tail,3,other_valid_hours,0.0,0.0,100.0,True
WTI_session,7.0,sustained_major_reescalation_hormuz_war,all_day_trend_up,us_open,6,mcx_tail,16.666666666666664,50.0,33.33333333333333,False
WTI_session,7.0,sustained_major_reescalation_hormuz_war,all_day_trend_up,us_pre_open,3,us_open,33.33333333333333,0.0,66.66666666666666,True
WTI_session,7.0,sustained_major_reescalation_hormuz_war,mixed_regime,europe_midday,3,us_pre_open,33.33333333333333,33.33333333333333,33.33333333333333,True
WTI_session,7.0,sustained_major_reescalation_hormuz_war,mixed_regime,global_reopen_pre_mcx,3,mcx_open_drive,33.33333333333333,0.0,66.66666666666666,True
WTI_session,7.0,sustained_major_reescalation_hormuz_war,mixed_regime,india_midday,3,europe_midday,0.0,100.0,0.0,True
WTI_session,7.0,sustained_major_reescalation_hormuz_war,mixed_regime,india_morning,3,india_midday,33.33333333333333,33.33333333333333,33.33333333333333,True
WTI_session,7.0,sustained_major_reescalation_hormuz_war,mixed_regime,mcx_open_drive,3,india_morning,100.0,0.0,0.0,True
WTI_session,7.0,sustained_major_reescalation_hormuz_war,mixed_regime,mcx_tail,3,other_valid_hours,33.33333333333333,33.33333333333333,33.33333333333333,True
WTI_session,7.0,sustained_major_reescalation_hormuz_war,mixed_regime,us_open,6,mcx_tail,66.66666666666666,16.666666666666664,16.666666666666664,False
WTI_session,7.0,sustained_major_reescalation_hormuz_war,mixed_regime,us_pre_open,3,us_open,0.0,33.33333333333333,66.66666666666666,True
WTI_session,9.0,ceasefire_pause_breakdown_renewed_escalation,whipsaw_two_sided,us_open,4,mcx_tail,25.0,75.0,0.0,True
WTI_session,10.0,second_deescalation_active_negotiation_hormuz_deal,all_day_trend_up,europe_midday,5,us_pre_open,40.0,20.0,40.0,False
WTI_session,10.0,second_deescalation_active_negotiation_hormuz_deal,all_day_trend_up,global_reopen_pre_mcx,5,mcx_open_drive,0.0,60.0,40.0,False
WTI_session,10.0,second_deescalation_active_negotiation_hormuz_deal,all_day_trend_up,india_midday,5,europe_midday,60.0,40.0,0.0,False
WTI_session,10.0,second_deescalation_active_negotiation_hormuz_deal,all_day_trend_up,india_morning,5,india_midday,60.0,0.0,40.0,False
WTI_session,10.0,second_deescalation_active_negotiation_hormuz_deal,all_day_trend_up,mcx_open_drive,5,india_morning,60.0,40.0,0.0,False
WTI_session,10.0,second_deescalation_active_negotiation_hormuz_deal,all_day_trend_up,mcx_tail,5,other_valid_hours,40.0,20.0,40.0,False
WTI_session,10.0,second_deescalation_active_negotiation_hormuz_deal,all_day_trend_up,us_open,10,mcx_tail,80.0,10.0,10.0,False
WTI_session,10.0,second_deescalation_active_negotiation_hormuz_deal,all_day_trend_up,us_pre_open,5,us_open,100.0,0.0,0.0,False
WTI_session,10.0,second_deescalation_active_negotiation_hormuz_deal,whipsaw_two_sided,europe_midday,6,us_pre_open,16.666666666666664,16.666666666666664,66.66666666666666,False
WTI_session,10.0,second_deescalation_active_negotiation_hormuz_deal,whipsaw_two_sided,global_reopen_pre_mcx,6,mcx_open_drive,33.33333333333333,16.666666666666664,50.0,False
WTI_session,10.0,second_deescalation_active_negotiation_hormuz_deal,whipsaw_two_sided,india_midday,6,europe_midday,0.0,83.33333333333334,16.666666666666664,False
WTI_session,10.0,second_deescalation_active_negotiation_hormuz_deal,whipsaw_two_sided,india_morning,6,india_midday,66.66666666666666,33.33333333333333,0.0,False
WTI_session,10.0,second_deescalation_active_negotiation_hormuz_deal,whipsaw_two_sided,mcx_open_drive,6,india_morning,16.666666666666664,33.33333333333333,50.0,False
WTI_session,10.0,second_deescalation_active_negotiation_hormuz_deal,whipsaw_two_sided,mcx_tail,6,other_valid_hours,16.666666666666664,16.666666666666664,66.66666666666666,False
WTI_session,10.0,second_deescalation_active_negotiation_hormuz_deal,whipsaw_two_sided,us_open,12,mcx_tail,25.0,16.666666666666664,58.333333333333336,False
WTI_session,10.0,second_deescalation_active_negotiation_hormuz_deal,whipsaw_two_sided,us_pre_open,6,us_open,83.33333333333334,16.666666666666664,0.0,False
