stream,session_window_ist,phase_id,phase_label,n_total,n_valid,n_up,n_down,n_flat,pct_up,pct_down,pct_flat,mean_return_pct,median_return_pct,std_return_pct,low_confidence_flag
BRENT_session,asia_early,1.0,full_scale_war,11,11,3,4,4,27.27272727272727,36.36363636363637,36.36363636363637,0.04892447427485265,-0.12260426433202923,1.4389010565800742,False
BRENT_session,europe_midday,1.0,full_scale_war,18,18,8,8,2,44.44444444444444,44.44444444444444,11.11111111111111,-0.5206297135801342,-0.08823759218629139,2.003249244065784,False
BRENT_session,global_reopen_pre_mcx,1.0,full_scale_war,6,6,4,2,0,66.66666666666666,33.33333333333333,0.0,0.9937271252794107,1.091620699805881,2.7836984427881886,False
BRENT_session,india_midday,1.0,full_scale_war,6,6,3,3,0,50.0,50.0,0.0,0.5680184692618928,0.05071298003366137,2.3487403708203956,False
BRENT_session,india_morning,1.0,full_scale_war,6,6,1,1,4,16.666666666666664,16.666666666666664,66.66666666666666,-0.8636376435285601,-0.1130157037346636,2.3344140459591913,False
BRENT_session,mcx_open_drive,1.0,full_scale_war,6,6,3,1,2,50.0,16.666666666666664,33.33333333333333,0.2998542651967208,0.35150652196848886,0.7431442247791381,False
BRENT_session,mcx_tail,1.0,full_scale_war,6,6,1,2,3,16.666666666666664,33.33333333333333,50.0,-0.27265793142635447,-0.40273185233772313,0.7204374820010958,False
BRENT_session,other_valid_hours,1.0,full_scale_war,18,18,8,7,3,44.44444444444444,38.88888888888889,16.666666666666664,0.6404834086959138,0.30069311041143043,3.587776272596525,False
BRENT_session,us_late,1.0,full_scale_war,12,12,7,2,3,58.333333333333336,16.666666666666664,25.0,0.3064089712560249,0.7239293405142633,1.7178543877833878,False
BRENT_session,us_open,1.0,full_scale_war,36,36,14,8,14,38.88888888888889,22.22222222222222,38.88888888888889,0.035448221912228885,0.23763540774964748,1.4657090246883064,False
BRENT_session,us_pre_open,1.0,full_scale_war,18,18,6,5,7,33.33333333333333,27.77777777777778,38.88888888888889,0.3195463354581891,-0.14790204499800552,1.7108127495430985,False
BRENT_session,europe_midday,2.0,post_ceasefire_complex,43,43,8,22,13,18.6046511627907,51.162790697674424,30.23255813953488,-0.37403069650465515,-0.31143262333157984,1.0323613265162492,False
BRENT_session,global_reopen_pre_mcx,2.0,post_ceasefire_complex,41,41,17,13,11,41.46341463414634,31.70731707317073,26.82926829268293,-0.14434856842075028,0.17939865461475704,1.6134420872238504,False
BRENT_session,india_midday,2.0,post_ceasefire_complex,43,43,17,21,5,39.53488372093023,48.837209302325576,11.627906976744185,-0.4901266129746834,-0.28443509417971696,2.380596978821256,False
BRENT_session,india_morning,2.0,post_ceasefire_complex,42,42,21,13,8,50.0,30.952380952380953,19.047619047619047,0.08467750671115824,0.2827657550497591,0.695425221759847,False
BRENT_session,mcx_open_drive,2.0,post_ceasefire_complex,42,42,10,8,24,23.809523809523807,19.047619047619047,57.14285714285714,0.018590666335605736,-0.06491413948506564,0.3889380615233858,False
BRENT_session,mcx_tail,2.0,post_ceasefire_complex,43,43,10,12,21,23.25581395348837,27.906976744186046,48.837209302325576,-0.07404928538583797,-0.0624779347727066,0.7953011824623069,False
BRENT_session,other_valid_hours,2.0,post_ceasefire_complex,42,42,14,9,19,33.33333333333333,21.428571428571427,45.23809523809524,0.1360068973495056,-0.03237526023203076,0.933786997874372,False
BRENT_session,us_open,2.0,post_ceasefire_complex,86,86,37,31,18,43.02325581395349,36.04651162790697,20.930232558139537,0.1585805027114678,0.1512312500481398,1.395720879960527,False
BRENT_session,us_pre_open,2.0,post_ceasefire_complex,43,43,21,18,4,48.837209302325576,41.86046511627907,9.30232558139535,0.16268793742279433,0.1465235041950054,2.3900128917860997,False
BRENT_session,europe_midday,3.0,strong_escalation_op_rising_lion,4,4,3,0,1,75.0,0.0,25.0,0.7867794929541819,0.6736447769413543,0.9676955947632534,True
BRENT_session,global_reopen_pre_mcx,3.0,strong_escalation_op_rising_lion,4,4,1,1,2,25.0,25.0,50.0,-0.051085317243092065,-0.019732930874803642,0.7103843646157011,True
BRENT_session,india_midday,3.0,strong_escalation_op_rising_lion,4,4,0,4,0,0.0,100.0,0.0,-1.0952707739313619,-1.028823355496511,0.664312696420699,True
BRENT_session,india_morning,3.0,strong_escalation_op_rising_lion,4,4,0,2,2,0.0,50.0,50.0,-0.3419850664973741,-0.3458576056678586,0.3393262260298711,True
BRENT_session,mcx_open_drive,3.0,strong_escalation_op_rising_lion,4,4,0,3,1,0.0,75.0,25.0,-0.4060452824103309,-0.5008800467529145,0.40113726163825314,True
BRENT_session,mcx_tail,3.0,strong_escalation_op_rising_lion,4,4,0,2,2,0.0,50.0,50.0,-0.3522004774130568,-0.18650795340158305,0.8136166701566493,True
BRENT_session,other_valid_hours,3.0,strong_escalation_op_rising_lion,4,4,2,1,1,50.0,25.0,25.0,0.18787820758954626,0.22996906916394524,1.394578677969541,True
BRENT_session,us_open,3.0,strong_escalation_op_rising_lion,8,8,2,2,4,25.0,25.0,50.0,-0.24619758095713334,0.09491590082108257,1.4074279205004105,False
BRENT_session,us_pre_open,3.0,strong_escalation_op_rising_lion,4,4,2,2,0,50.0,50.0,0.0,-0.007049409950761976,0.15459554927498467,1.647433691754745,True
BRENT_session,europe_midday,4.0,naval_blockade_removed,4,4,2,1,1,50.0,25.0,25.0,0.356684372260428,0.5449588850309912,0.8854997247766311,True
BRENT_session,global_reopen_pre_mcx,4.0,naval_blockade_removed,5,5,0,3,2,0.0,60.0,40.0,-0.44229008758747373,-0.6186842031185158,0.47839948825317413,False
BRENT_session,india_midday,4.0,naval_blockade_removed,4,4,1,2,1,25.0,50.0,25.0,-0.40203524923979467,-0.40768774294841853,0.9665341058737457,True
BRENT_session,india_morning,4.0,naval_blockade_removed,4,4,0,0,4,0.0,0.0,100.0,0.06633765728141158,0.025309798698134954,0.11885254776006389,True
BRENT_session,mcx_open_drive,4.0,naval_blockade_removed,5,5,0,2,3,0.0,40.0,60.0,-0.2537136596570598,-0.2771145253689368,0.257564194447261,False
BRENT_session,mcx_tail,4.0,naval_blockade_removed,4,4,3,0,1,75.0,0.0,25.0,0.8116973643392551,0.5766119309604111,0.87055597057058,True
BRENT_session,other_valid_hours,4.0,naval_blockade_removed,4,4,1,2,1,25.0,50.0,25.0,-0.18692984656993486,-0.09370708020049945,0.7926988714064424,True
BRENT_session,us_open,4.0,naval_blockade_removed,8,8,3,4,1,37.5,50.0,12.5,-0.10293171144163155,-0.15829340584362678,0.9060316169860434,False
BRENT_session,us_pre_open,4.0,naval_blockade_removed,4,4,1,3,0,25.0,75.0,0.0,-0.7405904454954192,-0.720424871149974,1.1749307904583652,True
BRENT_session,europe_midday,5.0,slight_escalation_strait_closure,11,11,5,5,1,45.45454545454545,45.45454545454545,9.090909090909092,-0.037361523912927075,0.11077517121094352,0.7410040432893034,False
BRENT_session,global_reopen_pre_mcx,5.0,slight_escalation_strait_closure,12,12,3,6,3,25.0,50.0,25.0,-0.46355208139470316,-0.3835327716252264,1.108956952857126,False
BRENT_session,india_midday,5.0,slight_escalation_strait_closure,11,11,5,4,2,45.45454545454545,36.36363636363637,18.181818181818183,-0.12834884754585005,-0.09917779567164833,0.965725516969192,False
BRENT_session,india_morning,5.0,slight_escalation_strait_closure,11,11,2,2,7,18.181818181818183,18.181818181818183,63.63636363636363,-0.07577254105020313,-0.013659300601289755,0.42227077146394726,False
BRENT_session,mcx_open_drive,5.0,slight_escalation_strait_closure,12,12,3,3,6,25.0,25.0,50.0,-0.01856906331599093,0.0068946602764097835,0.24659906178812296,False
BRENT_session,mcx_tail,5.0,slight_escalation_strait_closure,11,11,4,1,6,36.36363636363637,9.090909090909092,54.54545454545454,0.1574318836643504,0.14923431199695542,0.2955954567254181,False
BRENT_session,other_valid_hours,5.0,slight_escalation_strait_closure,11,11,3,6,2,27.27272727272727,54.54545454545454,18.181818181818183,0.2737256695238916,-0.3343519978811604,1.356917567172033,False
BRENT_session,us_open,5.0,slight_escalation_strait_closure,22,22,10,6,6,45.45454545454545,27.27272727272727,27.27272727272727,0.041455716600290064,0.006438869728119011,0.5228029332851962,False
BRENT_session,us_pre_open,5.0,slight_escalation_strait_closure,11,11,5,6,0,45.45454545454545,54.54545454545454,0.0,-0.15332954459220363,-0.34927743347344753,1.208621770539716,False
BRENT_session,europe_midday,6.0,ceasefire_collapse_renewed_escalation,3,3,2,1,0,66.66666666666666,33.33333333333333,0.0,0.3717635093524578,0.6016302783604311,1.0506622619461718,True
BRENT_session,global_reopen_pre_mcx,6.0,ceasefire_collapse_renewed_escalation,3,3,0,1,2,0.0,33.33333333333333,66.66666666666666,0.017203053128589052,0.09211699167166784,0.5629866588507489,True
BRENT_session,india_midday,6.0,ceasefire_collapse_renewed_escalation,3,3,1,0,2,33.33333333333333,0.0,66.66666666666666,1.0488722007663551,0.3083318361831278,1.738530633018285,True
BRENT_session,india_morning,6.0,ceasefire_collapse_renewed_escalation,3,3,0,1,2,0.0,33.33333333333333,66.66666666666666,-0.5125355058028135,-0.5090711224313614,0.8424000805400567,True
BRENT_session,mcx_open_drive,6.0,ceasefire_collapse_renewed_escalation,3,3,0,0,3,0.0,0.0,100.0,0.07425772746398955,0.0523229713484029,0.07500477606113687,True
BRENT_session,mcx_tail,6.0,ceasefire_collapse_renewed_escalation,3,3,0,0,3,0.0,0.0,100.0,0.10979009228096037,0.31678702906647327,0.4519447849722386,True
BRENT_session,other_valid_hours,6.0,ceasefire_collapse_renewed_escalation,3,3,1,0,2,33.33333333333333,0.0,66.66666666666666,0.433718827044603,0.02632488559461433,1.0398610490866584,True
BRENT_session,us_open,6.0,ceasefire_collapse_renewed_escalation,6,6,0,3,3,0.0,50.0,50.0,-0.6427417038896195,-0.5013879434357554,0.5782808055752536,False
BRENT_session,us_pre_open,6.0,ceasefire_collapse_renewed_escalation,3,3,1,2,0,33.33333333333333,66.66666666666666,0.0,-0.24097914884277083,-1.1038941168831204,1.990459171163117,True
BRENT_session,europe_midday,7.0,sustained_major_reescalation_hormuz_war,10,10,4,3,3,40.0,30.0,30.0,0.11652919933184969,0.23878226568276956,0.7504568735504488,False
BRENT_session,global_reopen_pre_mcx,7.0,sustained_major_reescalation_hormuz_war,10,10,5,3,2,50.0,30.0,20.0,0.1785433867989753,0.22230166503726495,0.9488621698547064,False
BRENT_session,india_midday,7.0,sustained_major_reescalation_hormuz_war,10,10,3,5,2,30.0,50.0,20.0,-2.09217101097308,-0.7091181274923258,3.865512593733204,False
BRENT_session,india_morning,7.0,sustained_major_reescalation_hormuz_war,10,10,4,3,3,40.0,30.0,30.0,0.07393533515893021,0.17245931588396018,0.7365162815872915,False
BRENT_session,mcx_open_drive,7.0,sustained_major_reescalation_hormuz_war,10,10,0,3,7,0.0,30.0,70.0,-0.0987809975111135,-0.04357299477851649,0.31687517304752144,False
BRENT_session,mcx_tail,7.0,sustained_major_reescalation_hormuz_war,10,10,4,0,6,40.0,0.0,60.0,0.5382653265374588,0.2058655241347151,0.8912986840660481,False
BRENT_session,other_valid_hours,7.0,sustained_major_reescalation_hormuz_war,10,10,4,1,5,40.0,10.0,50.0,0.16654286626811915,0.009307059679008314,0.4303206626790074,False
BRENT_session,us_open,7.0,sustained_major_reescalation_hormuz_war,20,20,7,9,4,35.0,45.0,20.0,0.7825015858769213,-0.10076618507879032,3.689030262966538,False
BRENT_session,us_pre_open,7.0,sustained_major_reescalation_hormuz_war,10,10,7,3,0,70.0,30.0,0.0,1.3848994509427495,0.9558003819212559,4.525309809394652,False
BRENT_session,europe_midday,8.0,operational_pause_renewed_diplomacy,1,1,1,0,0,100.0,0.0,0.0,1.9127863770875626,1.9127863770875626,,True
BRENT_session,global_reopen_pre_mcx,8.0,operational_pause_renewed_diplomacy,1,1,1,0,0,100.0,0.0,0.0,1.2763152540161107,1.2763152540161107,,True
BRENT_session,india_midday,8.0,operational_pause_renewed_diplomacy,1,1,0,1,0,0.0,100.0,0.0,-2.5324878494905603,-2.5324878494905603,,True
BRENT_session,india_morning,8.0,operational_pause_renewed_diplomacy,1,1,0,1,0,0.0,100.0,0.0,-2.3664787721687266,-2.3664787721687266,,True
BRENT_session,mcx_open_drive,8.0,operational_pause_renewed_diplomacy,1,1,0,1,0,0.0,100.0,0.0,-0.496598395397235,-0.496598395397235,,True
BRENT_session,mcx_tail,8.0,operational_pause_renewed_diplomacy,1,1,0,1,0,0.0,100.0,0.0,-0.6411059459403041,-0.6411059459403041,,True
BRENT_session,other_valid_hours,8.0,operational_pause_renewed_diplomacy,1,1,0,1,0,0.0,100.0,0.0,-0.8032572518382985,-0.8032572518382985,,True
BRENT_session,us_open,8.0,operational_pause_renewed_diplomacy,2,2,0,2,0,0.0,100.0,0.0,-0.684961920527446,-0.684961920527446,0.011329058651223953,True
BRENT_session,us_pre_open,8.0,operational_pause_renewed_diplomacy,1,1,1,0,0,100.0,0.0,0.0,0.5805477858654617,0.5805477858654617,,True
BRENT_session,europe_midday,9.0,ceasefire_pause_breakdown_renewed_escalation,4,4,3,1,0,75.0,25.0,0.0,0.3225428507472351,0.8835899506301981,1.4504939399425243,True
BRENT_session,global_reopen_pre_mcx,9.0,ceasefire_pause_breakdown_renewed_escalation,4,4,1,3,0,25.0,75.0,0.0,-0.1593081531254371,-1.0754899283944972,2.1163930771415185,True
BRENT_session,india_midday,9.0,ceasefire_pause_breakdown_renewed_escalation,4,4,1,1,2,25.0,25.0,50.0,-0.061573586438522065,-0.04728474978487565,1.5470278545427967,True
BRENT_session,india_morning,9.0,ceasefire_pause_breakdown_renewed_escalation,4,4,2,1,1,50.0,25.0,25.0,0.501556846711154,0.17194340714709397,1.7967461537382834,True
BRENT_session,mcx_open_drive,9.0,ceasefire_pause_breakdown_renewed_escalation,4,4,1,1,2,25.0,25.0,50.0,-0.0220759179825029,-0.005730797218794234,0.30475913773863206,True
BRENT_session,mcx_tail,9.0,ceasefire_pause_breakdown_renewed_escalation,4,4,1,1,2,25.0,25.0,50.0,0.047727136906161136,0.04756917200741104,0.3067825811581921,True
BRENT_session,other_valid_hours,9.0,ceasefire_pause_breakdown_renewed_escalation,3,3,1,2,0,33.33333333333333,66.66666666666666,0.0,-0.09929071038524344,-0.3631581600232762,0.5354764303227163,True
BRENT_session,us_open,9.0,ceasefire_pause_breakdown_renewed_escalation,8,8,1,3,4,12.5,37.5,50.0,-0.40419641807878437,-0.1663888495614939,0.7682509319709233,False
BRENT_session,us_pre_open,9.0,ceasefire_pause_breakdown_renewed_escalation,4,4,1,2,1,25.0,50.0,25.0,0.3384796795409301,-0.18244036077060027,1.483066492001072,True
BRENT_session,europe_midday,10.0,second_deescalation_active_negotiation_hormuz_deal,9,9,3,5,1,33.33333333333333,55.55555555555556,11.11111111111111,-1.039913701653933,-0.5467856176464603,2.1684545308724545,False
BRENT_session,global_reopen_pre_mcx,10.0,second_deescalation_active_negotiation_hormuz_deal,8,8,2,3,3,25.0,37.5,37.5,0.07373034019339923,0.02438387606447784,0.652179381913839,False
BRENT_session,india_midday,10.0,second_deescalation_active_negotiation_hormuz_deal,9,9,5,3,1,55.55555555555556,33.33333333333333,11.11111111111111,0.3661223549993203,0.5023300645087743,1.2543766107475214,False
BRENT_session,india_morning,10.0,second_deescalation_active_negotiation_hormuz_deal,8,8,2,4,2,25.0,50.0,25.0,-0.033867825545814675,-0.28666431293284234,0.7782199059935879,False
BRENT_session,mcx_open_drive,10.0,second_deescalation_active_negotiation_hormuz_deal,8,8,4,3,1,50.0,37.5,12.5,0.11214287780287885,0.1827274957650306,0.44985588139896854,False
BRENT_session,mcx_tail,10.0,second_deescalation_active_negotiation_hormuz_deal,9,9,3,1,5,33.33333333333333,11.11111111111111,55.55555555555556,0.1825176383372003,0.27518033616199894,0.522247736664552,False
BRENT_session,other_valid_hours,10.0,second_deescalation_active_negotiation_hormuz_deal,8,8,0,3,5,0.0,37.5,62.5,-0.23322638341278007,-0.053357217116771175,0.37875117553220583,False
BRENT_session,us_open,10.0,second_deescalation_active_negotiation_hormuz_deal,18,18,9,4,5,50.0,22.22222222222222,27.77777777777778,0.3055773650665248,0.32679179949641474,0.8232429394209599,False
BRENT_session,us_pre_open,10.0,second_deescalation_active_negotiation_hormuz_deal,9,9,4,4,1,44.44444444444444,44.44444444444444,11.11111111111111,0.040179852870258825,0.2740101610101306,0.9738454925443072,False
WTI_session,asia_early,1.0,full_scale_war,11,11,2,5,4,18.181818181818183,45.45454545454545,36.36363636363637,-0.1567227212762513,0.21471630081921483,1.6681286093248566,False
WTI_session,europe_midday,1.0,full_scale_war,18,18,7,8,3,38.88888888888889,44.44444444444444,16.666666666666664,-0.3291026432783319,-0.12980621030600328,2.1550657549730867,False
WTI_session,global_reopen_pre_mcx,1.0,full_scale_war,6,6,3,3,0,50.0,50.0,0.0,0.4416274166024485,0.15600065476388592,3.028924059945738,False
WTI_session,india_midday,1.0,full_scale_war,6,6,4,1,1,66.66666666666666,16.666666666666664,16.666666666666664,0.8015635977031496,1.0429372337203526,1.7490951945309416,False
WTI_session,india_morning,1.0,full_scale_war,6,6,1,1,4,16.666666666666664,16.666666666666664,66.66666666666666,-0.891698591751865,-0.3051865487993357,2.3092745862819783,False
WTI_session,mcx_open_drive,1.0,full_scale_war,6,6,3,1,2,50.0,16.666666666666664,33.33333333333333,0.2843591023179695,0.43045371481059364,0.6078399852090719,False
WTI_session,mcx_tail,1.0,full_scale_war,6,6,1,2,3,16.666666666666664,33.33333333333333,50.0,-0.4065101710607364,-0.409964879249104,1.0325543796124417,False
WTI_session,other_valid_hours,1.0,full_scale_war,18,18,8,7,3,44.44444444444444,38.88888888888889,16.666666666666664,0.6521890484056391,0.43092775754256385,4.326343562051092,False
WTI_session,us_late,1.0,full_scale_war,12,12,5,3,4,41.66666666666667,25.0,33.33333333333333,0.0831333829126927,0.14940420396236875,1.8500974097300678,False
WTI_session,us_open,1.0,full_scale_war,36,36,21,12,3,58.333333333333336,33.33333333333333,8.333333333333332,0.25782436120709834,0.6708966459939464,1.2628869802338378,False
WTI_session,us_pre_open,1.0,full_scale_war,18,18,11,4,3,61.111111111111114,22.22222222222222,16.666666666666664,0.4222239862358162,0.6715530676310021,1.914505976330109,False
WTI_session,europe_midday,2.0,post_ceasefire_complex,43,43,10,21,12,23.25581395348837,48.837209302325576,27.906976744186046,-0.38284719710270054,-0.24997801258570387,1.2566152343484336,False
WTI_session,global_reopen_pre_mcx,2.0,post_ceasefire_complex,41,41,14,17,10,34.146341463414636,41.46341463414634,24.390243902439025,-0.29595233552984784,-0.038150611453904665,2.107529860355872,False
WTI_session,india_midday,2.0,post_ceasefire_complex,43,43,17,19,7,39.53488372093023,44.18604651162791,16.27906976744186,-0.13633153227288444,0.022858526785500377,1.9295230149302303,False
WTI_session,india_morning,2.0,post_ceasefire_complex,42,42,19,14,9,45.23809523809524,33.33333333333333,21.428571428571427,0.026178850429669307,0.23430548255334321,0.766213322661523,False
WTI_session,mcx_open_drive,2.0,post_ceasefire_complex,42,42,10,11,21,23.809523809523807,26.190476190476193,50.0,0.01951845148574219,-0.033694445213758986,0.442582914419185,False
WTI_session,mcx_tail,2.0,post_ceasefire_complex,43,43,16,15,12,37.2093023255814,34.883720930232556,27.906976744186046,-0.07794773104569791,-0.04191649942305852,0.958891261965999,False
WTI_session,other_valid_hours,2.0,post_ceasefire_complex,42,42,13,11,18,30.952380952380953,26.190476190476193,42.857142857142854,0.1461785762653127,0.026079868045637757,0.9382211868928179,False
WTI_session,us_open,2.0,post_ceasefire_complex,86,86,38,29,19,44.18604651162791,33.72093023255814,22.093023255813954,0.11959795331860962,0.14344481395023626,1.4290943870932926,False
WTI_session,us_pre_open,2.0,post_ceasefire_complex,43,43,19,18,6,44.18604651162791,41.86046511627907,13.953488372093023,-0.18139785151345864,0.12866728976932248,2.026884541260666,False
WTI_session,europe_midday,3.0,strong_escalation_op_rising_lion,4,4,3,0,1,75.0,0.0,25.0,0.8734941996284963,0.6695847914485715,1.15472447024825,True
WTI_session,global_reopen_pre_mcx,3.0,strong_escalation_op_rising_lion,4,4,1,3,0,25.0,75.0,0.0,-0.25851371143689433,-0.4184912645735647,0.7304640390320337,True
WTI_session,india_midday,3.0,strong_escalation_op_rising_lion,4,4,0,4,0,0.0,100.0,0.0,-1.1857744296688206,-1.0636933308562935,0.7868881298295726,True
WTI_session,india_morning,3.0,strong_escalation_op_rising_lion,4,4,0,3,1,0.0,75.0,25.0,-0.3824016115728004,-0.43064600025801963,0.2991397289600641,True
WTI_session,mcx_open_drive,3.0,strong_escalation_op_rising_lion,4,4,0,3,1,0.0,75.0,25.0,-0.5145517715337143,-0.571201150251858,0.33730906091262003,True
WTI_session,mcx_tail,3.0,strong_escalation_op_rising_lion,4,4,2,2,0,50.0,50.0,0.0,-0.3024044830545052,-0.12138491247950098,1.0578918803747344,True
WTI_session,other_valid_hours,3.0,strong_escalation_op_rising_lion,4,4,2,1,1,50.0,25.0,25.0,0.2939762936436055,0.3062575247175291,1.5429502904150847,True
WTI_session,us_open,3.0,strong_escalation_op_rising_lion,8,8,2,2,4,25.0,25.0,50.0,-0.2796351879147706,-0.04073916432402436,1.4666363616264217,False
WTI_session,us_pre_open,3.0,strong_escalation_op_rising_lion,4,4,2,2,0,50.0,50.0,0.0,0.1158652666866205,0.4454853137264828,1.8524815618893007,True
WTI_session,europe_midday,4.0,naval_blockade_removed,4,4,2,1,1,50.0,25.0,25.0,0.46307343180741234,0.5638992735468819,0.8480909887000725,True
WTI_session,global_reopen_pre_mcx,4.0,naval_blockade_removed,5,5,0,4,1,0.0,80.0,20.0,-0.5287889662578934,-0.5178769024950954,0.477930623642074,False
WTI_session,india_midday,4.0,naval_blockade_removed,4,4,1,3,0,25.0,75.0,0.0,-0.9046364098247033,-0.464750400237152,1.7973197405828112,True
WTI_session,india_morning,4.0,naval_blockade_removed,4,4,0,0,4,0.0,0.0,100.0,-0.03746629864837445,-0.062053044398866025,0.09210136844512552,True
WTI_session,mcx_open_drive,4.0,naval_blockade_removed,5,5,1,2,2,20.0,40.0,40.0,-0.1675355089435338,-0.19989542665373047,0.41036471081210785,False
WTI_session,mcx_tail,4.0,naval_blockade_removed,4,4,4,0,0,100.0,0.0,0.0,0.8779931703238044,0.6151011934261039,0.723547518108176,True
WTI_session,other_valid_hours,4.0,naval_blockade_removed,4,4,2,2,0,50.0,50.0,0.0,-0.19422577207051828,-0.04407432398106906,0.9463864254900901,True
WTI_session,us_open,4.0,naval_blockade_removed,8,8,3,4,1,37.5,50.0,12.5,-0.1196758238105104,-0.3245352152947884,0.9247730392081753,False
WTI_session,us_pre_open,4.0,naval_blockade_removed,4,4,1,3,0,25.0,75.0,0.0,-0.7394797760845564,-0.7702745380093239,1.1548251137396435,True
WTI_session,europe_midday,5.0,slight_escalation_strait_closure,11,11,5,5,1,45.45454545454545,45.45454545454545,9.090909090909092,-0.019972005762849063,0.1830539230506996,0.8081376466292635,False
WTI_session,global_reopen_pre_mcx,5.0,slight_escalation_strait_closure,12,12,2,8,2,16.666666666666664,66.66666666666666,16.666666666666664,-0.51597673466893,-0.4440367398289967,0.9939231402706354,False
WTI_session,india_midday,5.0,slight_escalation_strait_closure,11,11,3,5,3,27.27272727272727,45.45454545454545,27.27272727272727,-0.170194825953116,-0.05921674047948602,0.9652879094656039,False
WTI_session,india_morning,5.0,slight_escalation_strait_closure,11,11,1,2,8,9.090909090909092,18.181818181818183,72.72727272727273,-0.08590453381674024,-0.0688178467950284,0.4424583009804477,False
WTI_session,mcx_open_drive,5.0,slight_escalation_strait_closure,12,12,3,3,6,25.0,25.0,50.0,-0.00468254891201948,-0.06438684758051469,0.32307630496334533,False
WTI_session,mcx_tail,5.0,slight_escalation_strait_closure,11,11,5,0,6,45.45454545454545,0.0,54.54545454545454,0.1844220627951266,0.2046475405787163,0.3100324962795248,False
WTI_session,other_valid_hours,5.0,slight_escalation_strait_closure,11,11,4,6,1,36.36363636363637,54.54545454545454,9.090909090909092,0.3250934359574751,-0.30580908052468736,1.432235464146254,False
WTI_session,us_open,5.0,slight_escalation_strait_closure,22,22,9,7,6,40.909090909090914,31.818181818181817,27.27272727272727,0.0413666560066159,0.10945082752252383,0.5682979758469388,False
WTI_session,us_pre_open,5.0,slight_escalation_strait_closure,11,11,5,6,0,45.45454545454545,54.54545454545454,0.0,-0.13786372133508282,-0.49185790050309514,1.2342736298610657,False
WTI_session,europe_midday,6.0,ceasefire_collapse_renewed_escalation,3,3,1,2,0,33.33333333333333,66.66666666666666,0.0,-27.93679360696005,-38.78397045303092,25.51605762729423,True
WTI_session,global_reopen_pre_mcx,6.0,ceasefire_collapse_renewed_escalation,3,3,1,2,0,33.33333333333333,66.66666666666666,0.0,-25.253391738669915,-33.05654191635107,23.087583083979986,True
WTI_session,india_midday,6.0,ceasefire_collapse_renewed_escalation,3,3,2,0,1,66.66666666666666,0.0,33.33333333333333,11.755273164687575,13.491450097958928,11.251843533487966,True
WTI_session,india_morning,6.0,ceasefire_collapse_renewed_escalation,3,3,1,1,1,33.33333333333333,33.33333333333333,33.33333333333333,-18.364803974889174,-0.3733877044816239,48.152132254585865,True
WTI_session,mcx_open_drive,6.0,ceasefire_collapse_renewed_escalation,3,3,1,1,1,33.33333333333333,33.33333333333333,33.33333333333333,6.203276208901972,0.0,12.317153048429118,True
WTI_session,mcx_tail,6.0,ceasefire_collapse_renewed_escalation,3,3,1,1,1,33.33333333333333,33.33333333333333,33.33333333333333,-17.916480610236462,0.22456654035087859,50.87670192928352,True
WTI_session,other_valid_hours,6.0,ceasefire_collapse_renewed_escalation,3,3,1,1,1,33.33333333333333,33.33333333333333,33.33333333333333,-4.547609253129943,-0.013993993637760566,19.3565970782975,True
WTI_session,us_open,6.0,ceasefire_collapse_renewed_escalation,6,6,0,5,1,0.0,83.33333333333334,16.666666666666664,-53.5526070856306,-68.98480500888358,42.61207936120266,False
WTI_session,us_pre_open,6.0,ceasefire_collapse_renewed_escalation,3,3,1,2,0,33.33333333333333,66.66666666666666,0.0,-16.25623704638508,-1.3749483759132883,58.423753847065385,True
WTI_session,europe_midday,7.0,sustained_major_reescalation_hormuz_war,10,10,5,4,1,50.0,40.0,10.0,-0.11260353321681013,0.2832131843748615,0.8785510609827658,False
WTI_session,global_reopen_pre_mcx,7.0,sustained_major_reescalation_hormuz_war,10,10,4,4,2,40.0,40.0,20.0,0.17305768637713592,0.20503488169290995,0.9850248844459494,False
WTI_session,india_midday,7.0,sustained_major_reescalation_hormuz_war,10,10,4,3,3,40.0,30.0,30.0,0.13852103057593618,0.18076029223829598,1.7877851487465328,False
WTI_session,india_morning,7.0,sustained_major_reescalation_hormuz_war,10,10,4,3,3,40.0,30.0,30.0,0.06740567565662961,0.2349167821463765,0.6852064789630194,False
WTI_session,mcx_open_drive,7.0,sustained_major_reescalation_hormuz_war,10,10,2,4,4,20.0,40.0,40.0,-0.12449527433942889,-0.10386885655383926,0.3316943451379195,False
WTI_session,mcx_tail,7.0,sustained_major_reescalation_hormuz_war,10,10,5,1,4,50.0,10.0,40.0,0.5440976728829375,0.3215139403469337,0.9131904002847216,False
WTI_session,other_valid_hours,7.0,sustained_major_reescalation_hormuz_war,10,10,3,1,6,30.0,10.0,60.0,0.18447713886172437,0.17421801757745725,0.3974732325777328,False
WTI_session,us_open,7.0,sustained_major_reescalation_hormuz_war,20,20,7,9,4,35.0,45.0,20.0,-0.05472365441510901,-0.12543381326912445,0.9678013186358083,False
WTI_session,us_pre_open,7.0,sustained_major_reescalation_hormuz_war,10,10,6,1,3,60.0,10.0,30.0,0.5838610388334905,0.6811595440325386,0.6751753283582718,False
WTI_session,europe_midday,8.0,operational_pause_renewed_diplomacy,1,1,1,0,0,100.0,0.0,0.0,1.214329105742848,1.214329105742848,,True
WTI_session,global_reopen_pre_mcx,8.0,operational_pause_renewed_diplomacy,1,1,1,0,0,100.0,0.0,0.0,0.803497970100663,0.803497970100663,,True
WTI_session,india_midday,8.0,operational_pause_renewed_diplomacy,1,1,0,1,0,0.0,100.0,0.0,-1.377412324202452,-1.377412324202452,,True
WTI_session,india_morning,8.0,operational_pause_renewed_diplomacy,1,1,0,1,0,0.0,100.0,0.0,-1.6263963168931834,-1.6263963168931834,,True
WTI_session,mcx_open_drive,8.0,operational_pause_renewed_diplomacy,1,1,0,1,0,0.0,100.0,0.0,-0.5509333412762558,-0.5509333412762558,,True
WTI_session,mcx_tail,8.0,operational_pause_renewed_diplomacy,1,1,0,0,1,0.0,0.0,100.0,-0.01210032610347421,-0.01210032610347421,,True
WTI_session,other_valid_hours,8.0,operational_pause_renewed_diplomacy,1,1,0,1,0,0.0,100.0,0.0,-0.8953392090759907,-0.8953392090759907,,True
WTI_session,us_open,8.0,operational_pause_renewed_diplomacy,2,2,0,2,0,0.0,100.0,0.0,-0.5814923005345434,-0.5814923005345434,0.005965543524923686,True
WTI_session,us_pre_open,8.0,operational_pause_renewed_diplomacy,1,1,0,0,1,0.0,0.0,100.0,0.35988849304784193,0.35988849304784193,,True
WTI_session,europe_midday,9.0,ceasefire_pause_breakdown_renewed_escalation,4,4,3,1,0,75.0,25.0,0.0,0.5310159871694852,0.9316829186508583,1.1586758229714902,True
WTI_session,global_reopen_pre_mcx,9.0,ceasefire_pause_breakdown_renewed_escalation,4,4,1,3,0,25.0,75.0,0.0,-0.27176938317866633,-0.9927268509627045,2.201361393000124,True
WTI_session,india_midday,9.0,ceasefire_pause_breakdown_renewed_escalation,4,4,1,2,1,25.0,50.0,25.0,0.21319542454445828,-0.1114650628851009,1.3024259309112047,True
WTI_session,india_morning,9.0,ceasefire_pause_breakdown_renewed_escalation,4,4,2,1,1,50.0,25.0,25.0,0.25223907664936557,0.2692648972063013,1.0250258178105554,True
WTI_session,mcx_open_drive,9.0,ceasefire_pause_breakdown_renewed_escalation,4,4,2,2,0,50.0,50.0,0.0,-0.055857710195282226,-0.05239383656789662,0.5856245611719371,True
WTI_session,mcx_tail,9.0,ceasefire_pause_breakdown_renewed_escalation,4,4,0,2,2,0.0,50.0,50.0,-0.09173371483682094,-0.11792890180073606,0.25402223463833884,True
WTI_session,other_valid_hours,9.0,ceasefire_pause_breakdown_renewed_escalation,4,4,1,1,2,25.0,25.0,50.0,0.12782154334652165,0.1360627661601247,0.29341477023026025,True
WTI_session,us_open,9.0,ceasefire_pause_breakdown_renewed_escalation,8,8,2,5,1,25.0,62.5,12.5,-0.4655429748415683,-0.39309409822235686,0.7993178898579809,False
WTI_session,us_pre_open,9.0,ceasefire_pause_breakdown_renewed_escalation,4,4,3,1,0,75.0,25.0,0.0,0.8023187733143815,0.46932294750866776,1.5550182597714648,True
WTI_session,europe_midday,10.0,second_deescalation_active_negotiation_hormuz_deal,9,9,3,6,0,33.33333333333333,66.66666666666666,0.0,-1.0277834077856547,-0.6011488502334086,2.246422170905004,False
WTI_session,global_reopen_pre_mcx,10.0,second_deescalation_active_negotiation_hormuz_deal,9,9,2,4,3,22.22222222222222,44.44444444444444,33.33333333333333,-0.1306035677341605,-0.14071972953200873,0.6803618189357381,False
WTI_session,india_midday,10.0,second_deescalation_active_negotiation_hormuz_deal,9,9,5,3,1,55.55555555555556,33.33333333333333,11.11111111111111,0.4826042801709517,0.9105093193863468,1.208093869268401,False
WTI_session,india_morning,10.0,second_deescalation_active_negotiation_hormuz_deal,9,9,2,5,2,22.22222222222222,55.55555555555556,22.22222222222222,-0.12548215777511787,-0.31321784519592283,0.7504128115228604,False
WTI_session,mcx_open_drive,10.0,second_deescalation_active_negotiation_hormuz_deal,9,9,4,3,2,44.44444444444444,33.33333333333333,22.22222222222222,0.03777601291020454,0.0,0.478624804980603,False
WTI_session,mcx_tail,10.0,second_deescalation_active_negotiation_hormuz_deal,9,9,4,2,3,44.44444444444444,22.22222222222222,33.33333333333333,0.11321257904113284,0.21794637179487117,0.5633649642552154,False
WTI_session,other_valid_hours,10.0,second_deescalation_active_negotiation_hormuz_deal,9,9,1,3,5,11.11111111111111,33.33333333333333,55.55555555555556,-0.08044328133077666,0.0,0.626238577107719,False
WTI_session,us_open,10.0,second_deescalation_active_negotiation_hormuz_deal,18,18,9,3,6,50.0,16.666666666666664,33.33333333333333,0.32459081048543487,0.3389261380819834,0.7644853448592288,False
WTI_session,us_pre_open,10.0,second_deescalation_active_negotiation_hormuz_deal,9,9,3,3,3,33.33333333333333,33.33333333333333,33.33333333333333,-0.025591393984070607,0.08520960279524789,0.9389527207170355,False
