stream,session_window_ist,phase_id,phase_label,n_total,n_valid,n_up,n_down,n_flat,pct_up,pct_down,pct_flat,mean_return_pct,median_return_pct,std_return_pct,low_confidence_flag,p_up_vs_random,p_down_vs_random,q_up,q_down
BRENT_session,asia_early,1.0,full_scale_war,11,11,3,4,4,27.27272727272727,36.36363636363637,36.36363636363637,0.0489244742748526,-0.1226042643320292,1.4389010565800742,False,1.0,1.0,1.0,1.0
BRENT_session,europe_midday,1.0,full_scale_war,18,18,8,8,2,44.44444444444444,44.44444444444444,11.11111111111111,-0.5206297135801342,-0.0882375921862913,2.003249244065784,False,0.3249252442092707,0.3249252442092707,0.7469135802469135,1.0
BRENT_session,global_reopen_pre_mcx,1.0,full_scale_war,6,6,4,2,0,66.66666666666666,33.33333333333333,0.0,0.9937271252794108,1.091620699805881,2.783698442788189,False,0.10013717421124826,1.0,0.6621948626470299,1.0
BRENT_session,india_midday,1.0,full_scale_war,6,6,3,3,0,50.0,50.0,0.0,0.5680184692618928,0.0507129800336613,2.348740370820396,False,0.4074074074074074,0.4074074074074074,0.7469135802469135,1.0
BRENT_session,india_morning,1.0,full_scale_war,6,6,1,1,4,16.666666666666664,16.666666666666664,66.66666666666666,-0.8636376435285601,-0.1130157037346636,2.3344140459591918,False,0.6707818930041154,0.6707818930041154,0.8198445358939188,1.0
BRENT_session,mcx_open_drive,1.0,full_scale_war,6,6,3,1,2,50.0,16.666666666666664,33.33333333333333,0.2998542651967208,0.3515065219684888,0.7431442247791381,False,0.4074074074074074,0.6707818930041154,0.7469135802469135,1.0
BRENT_session,mcx_tail,1.0,full_scale_war,6,6,1,2,3,16.666666666666664,33.33333333333333,50.0,-0.2726579314263544,-0.4027318523377231,0.7204374820010958,False,0.6707818930041154,1.0,0.8198445358939188,1.0
BRENT_session,other_valid_hours,1.0,full_scale_war,18,18,8,7,3,44.44444444444444,38.88888888888889,16.666666666666664,0.6404834086959138,0.3006931104114304,3.587776272596525,False,0.3249252442092707,0.6225620374971965,0.7469135802469135,1.0
BRENT_session,us_late,1.0,full_scale_war,12,12,7,2,3,58.333333333333336,16.666666666666664,25.0,0.3064089712560249,0.7239293405142633,1.7178543877833878,False,0.12039906593582361,0.3588451022785222,0.6621948626470299,1.0
BRENT_session,us_open,1.0,full_scale_war,36,36,14,8,14,38.88888888888889,22.22222222222222,38.88888888888889,0.0354482219122288,0.2376354077496474,1.4657090246883064,False,0.47950012218695326,0.15729920705028522,0.7535001920080694,1.0
BRENT_session,us_pre_open,1.0,full_scale_war,18,18,6,5,7,33.33333333333333,27.77777777777778,38.88888888888889,0.3195463354581891,-0.1479020449980055,1.7108127495430985,False,1.0,0.8037322594985427,1.0,1.0
BRENT_session,europe_midday,2.0,post_ceasefire_complex,43,43,8,22,13,18.6046511627907,51.16279069767442,30.23255813953488,-0.3740306965046551,-0.3114326233315798,1.0323613265162492,False,0.040479456113210244,0.013132572942531562,0.12143836833963073,0.11819315648278406
BRENT_session,global_reopen_pre_mcx,2.0,post_ceasefire_complex,41,41,17,13,11,41.46341463414634,31.70731707317073,26.82926829268293,-0.1443485684207502,0.179398654614757,1.6134420872238504,False,0.2694564051597772,0.8251990670918414,0.3464439494911421,0.8251990670918414
BRENT_session,india_midday,2.0,post_ceasefire_complex,43,43,17,21,5,39.53488372093023,48.837209302325576,11.627906976744184,-0.4901266129746834,-0.2844350941797169,2.380596978821256,False,0.3883232289789247,0.03103251950014485,0.43686363260129024,0.13964633775065183
BRENT_session,india_morning,2.0,post_ceasefire_complex,42,42,21,13,8,50.0,30.952380952380956,19.047619047619047,0.0846775067111582,0.2827657550497591,0.695425221759847,False,0.021946771003246823,0.7434206976952527,0.12143836833963073,0.8251990670918414
BRENT_session,mcx_open_drive,2.0,post_ceasefire_complex,42,42,10,8,24,23.809523809523807,19.047619047619047,57.14285714285714,0.0185906663356057,-0.0649141394850656,0.3889380615233858,False,0.1904302638255242,0.049534613435626706,0.2856453957382863,0.14860384030688012
BRENT_session,mcx_tail,2.0,post_ceasefire_complex,43,43,10,12,21,23.25581395348837,27.906976744186046,48.837209302325576,-0.0740492853858379,-0.0624779347727066,0.7953011824623069,False,0.1609671969711517,0.45035134358487383,0.2856453957382863,0.6755270153773107
BRENT_session,other_valid_hours,2.0,post_ceasefire_complex,42,42,14,9,19,33.33333333333333,21.428571428571427,45.23809523809524,0.1360068973495056,-0.0323752602320307,0.933786997874372,False,1.0,0.10170693003109332,1.0,0.22884059256995998
BRENT_session,us_open,2.0,post_ceasefire_complex,86,86,37,31,18,43.02325581395349,36.04651162790697,20.930232558139537,0.1585805027114678,0.1512312500481398,1.395720879960527,False,0.056620095473053134,0.5935179734399718,0.12739521481436955,0.7630945372799637
BRENT_session,us_pre_open,2.0,post_ceasefire_complex,43,43,21,18,4,48.837209302325576,41.86046511627907,9.30232558139535,0.1626879374227943,0.1465235041950054,2.3900128917861,False,0.03103251950014485,0.2355589199240793,0.12143836833963073,0.4240060558633427
BRENT_session,europe_midday,3.0,strong_escalation_op_rising_lion,4,4,3,0,1,75.0,0.0,25.0,0.7867794929541819,0.6736447769413543,0.9676955947632534,True,0.11111111111111112,0.30864197530864196,0.5555555555555556,0.9074074074074074
BRENT_session,global_reopen_pre_mcx,3.0,strong_escalation_op_rising_lion,4,4,1,1,2,25.0,25.0,50.0,-0.051085317243092,-0.0197329308748036,0.7103843646157011,True,1.0,1.0,1.0,1.0
BRENT_session,india_midday,3.0,strong_escalation_op_rising_lion,4,4,0,4,0,0.0,100.0,0.0,-1.095270773931362,-1.028823355496511,0.664312696420699,True,0.30864197530864196,0.012345679012345677,0.5555555555555556,0.11111111111111109
BRENT_session,india_morning,3.0,strong_escalation_op_rising_lion,4,4,0,2,2,0.0,50.0,50.0,-0.3419850664973741,-0.3458576056678586,0.3393262260298711,True,0.30864197530864196,0.6049382716049383,0.5555555555555556,0.9074074074074074
BRENT_session,mcx_open_drive,3.0,strong_escalation_op_rising_lion,4,4,0,3,1,0.0,75.0,25.0,-0.4060452824103309,-0.5008800467529145,0.4011372616382531,True,0.30864197530864196,0.11111111111111112,0.5555555555555556,0.5
BRENT_session,mcx_tail,3.0,strong_escalation_op_rising_lion,4,4,0,2,2,0.0,50.0,50.0,-0.3522004774130568,-0.186507953401583,0.8136166701566493,True,0.30864197530864196,0.6049382716049383,0.5555555555555556,0.9074074074074074
BRENT_session,other_valid_hours,3.0,strong_escalation_op_rising_lion,4,4,2,1,1,50.0,25.0,25.0,0.1878782075895462,0.2299690691639452,1.394578677969541,True,0.6049382716049383,1.0,0.7777777777777778,1.0
BRENT_session,us_open,3.0,strong_escalation_op_rising_lion,8,8,2,2,4,25.0,25.0,50.0,-0.2461975809571333,0.0949159008210825,1.4074279205004103,False,1.0,1.0,1.0,1.0
BRENT_session,us_pre_open,3.0,strong_escalation_op_rising_lion,4,4,2,2,0,50.0,50.0,0.0,-0.0070494099507619,0.1545955492749846,1.647433691754745,True,0.6049382716049383,0.6049382716049383,0.7777777777777778,0.9074074074074074
BRENT_session,europe_midday,4.0,naval_blockade_removed,4,4,2,1,1,50.0,25.0,25.0,0.356684372260428,0.5449588850309912,0.8854997247766311,True,0.6049382716049383,1.0,1.0,1.0
BRENT_session,global_reopen_pre_mcx,4.0,naval_blockade_removed,5,5,0,3,2,0.0,60.0,40.0,-0.4422900875874737,-0.6186842031185158,0.4783994882531741,False,0.176954732510288,0.3415637860082304,0.530864197530864,0.7685185185185184
BRENT_session,india_midday,4.0,naval_blockade_removed,4,4,1,2,1,25.0,50.0,25.0,-0.4020352492397946,-0.4076877429484185,0.9665341058737456,True,1.0,0.6049382716049383,1.0,0.7777777777777778
BRENT_session,india_morning,4.0,naval_blockade_removed,4,4,0,0,4,0.0,0.0,100.0,0.0663376572814115,0.0253097986981349,0.1188525477600638,True,0.30864197530864196,0.30864197530864196,0.6944444444444444,0.7685185185185184
BRENT_session,mcx_open_drive,4.0,naval_blockade_removed,5,5,0,2,3,0.0,40.0,60.0,-0.2537136596570598,-0.2771145253689368,0.257564194447261,False,0.176954732510288,1.0,0.530864197530864,1.0
BRENT_session,mcx_tail,4.0,naval_blockade_removed,4,4,3,0,1,75.0,0.0,25.0,0.8116973643392551,0.5766119309604111,0.87055597057058,True,0.11111111111111112,0.30864197530864196,0.530864197530864,0.7685185185185184
BRENT_session,other_valid_hours,4.0,naval_blockade_removed,4,4,1,2,1,25.0,50.0,25.0,-0.1869298465699348,-0.0937070802004994,0.7926988714064424,True,1.0,0.6049382716049383,1.0,0.7777777777777778
BRENT_session,us_open,4.0,naval_blockade_removed,8,8,3,4,1,37.5,50.0,12.5,-0.1029317114416315,-0.1582934058436267,0.9060316169860434,False,1.0,0.4537418076512728,1.0,0.7777777777777778
BRENT_session,us_pre_open,4.0,naval_blockade_removed,4,4,1,3,0,25.0,75.0,0.0,-0.7405904454954192,-0.720424871149974,1.1749307904583652,True,1.0,0.11111111111111112,1.0,0.7685185185185184
BRENT_session,europe_midday,5.0,slight_escalation_strait_closure,11,11,5,5,1,45.45454545454545,45.45454545454545,9.090909090909092,-0.037361523912927,0.1107751712109435,0.7410040432893034,False,0.5231079273146033,0.5231079273146033,0.941594269166286,0.7026346226656053
BRENT_session,global_reopen_pre_mcx,5.0,slight_escalation_strait_closure,12,12,3,6,3,25.0,50.0,25.0,-0.4635520813947031,-0.3835327716252264,1.108956952857126,False,0.761553963657302,0.23167388289574958,0.9791408104165311,0.5212662365154366
BRENT_session,india_midday,5.0,slight_escalation_strait_closure,11,11,5,4,2,45.45454545454545,36.36363636363637,18.181818181818183,-0.12834884754585,-0.0991777956716483,0.965725516969192,False,0.5231079273146033,1.0,0.941594269166286,1.0
BRENT_session,india_morning,5.0,slight_escalation_strait_closure,11,11,2,2,7,18.181818181818183,18.181818181818183,63.63636363636363,-0.0757725410502031,-0.0136593006012897,0.4222707714639472,False,0.35619570187471444,0.35619570187471444,0.941594269166286,0.6411522633744859
BRENT_session,mcx_open_drive,5.0,slight_escalation_strait_closure,12,12,3,3,6,25.0,25.0,50.0,-0.0185690633159909,0.0068946602764097,0.2465990617881229,False,0.761553963657302,0.761553963657302,0.9791408104165311,0.8567482091144647
BRENT_session,mcx_tail,5.0,slight_escalation_strait_closure,11,11,4,1,6,36.36363636363637,9.090909090909092,54.54545454545454,0.1574318836643504,0.1492343119969554,0.2955954567254181,False,1.0,0.11377556492630422,1.0,0.5212662365154366
BRENT_session,other_valid_hours,5.0,slight_escalation_strait_closure,11,11,3,6,2,27.27272727272727,54.54545454545454,18.181818181818183,0.2737256695238916,-0.3343519978811604,1.356917567172033,False,1.0,0.19723167764624872,1.0,0.5212662365154366
BRENT_session,us_open,5.0,slight_escalation_strait_closure,22,22,10,6,6,45.45454545454545,27.27272727272727,27.27272727272727,0.04145571660029,0.006438869728119,0.5228029332851962,False,0.22779999398822914,0.5464935954065819,0.941594269166286,0.7026346226656053
BRENT_session,us_pre_open,5.0,slight_escalation_strait_closure,11,11,5,6,0,45.45454545454545,54.54545454545454,0.0,-0.1533295445922036,-0.3492774334734475,1.208621770539716,False,0.5231079273146033,0.19723167764624872,0.941594269166286,0.5212662365154366
BRENT_session,europe_midday,6.0,ceasefire_collapse_renewed_escalation,3,3,2,1,0,66.66666666666666,33.33333333333333,0.0,0.3717635093524578,0.6016302783604311,1.0506622619461718,True,0.2592592592592592,1.0,0.8333333333333331,1.0
BRENT_session,global_reopen_pre_mcx,6.0,ceasefire_collapse_renewed_escalation,3,3,0,1,2,0.0,33.33333333333333,66.66666666666666,0.017203053128589,0.0921169916716678,0.5629866588507489,True,0.5555555555555555,1.0,0.8333333333333331,1.0
BRENT_session,india_midday,6.0,ceasefire_collapse_renewed_escalation,3,3,1,0,2,33.33333333333333,0.0,66.66666666666666,1.0488722007663551,0.3083318361831278,1.738530633018285,True,1.0,0.5555555555555555,1.0,0.8333333333333331
BRENT_session,india_morning,6.0,ceasefire_collapse_renewed_escalation,3,3,0,1,2,0.0,33.33333333333333,66.66666666666666,-0.5125355058028135,-0.5090711224313614,0.8424000805400567,True,0.5555555555555555,1.0,0.8333333333333331,1.0
BRENT_session,mcx_open_drive,6.0,ceasefire_collapse_renewed_escalation,3,3,0,0,3,0.0,0.0,100.0,0.0742577274639895,0.0523229713484029,0.0750047760611368,True,0.5555555555555555,0.5555555555555555,0.8333333333333331,0.8333333333333331
BRENT_session,mcx_tail,6.0,ceasefire_collapse_renewed_escalation,3,3,0,0,3,0.0,0.0,100.0,0.1097900922809603,0.3167870290664732,0.4519447849722386,True,0.5555555555555555,0.5555555555555555,0.8333333333333331,0.8333333333333331
BRENT_session,other_valid_hours,6.0,ceasefire_collapse_renewed_escalation,3,3,1,0,2,33.33333333333333,0.0,66.66666666666666,0.433718827044603,0.0263248855946143,1.0398610490866584,True,1.0,0.5555555555555555,1.0,0.8333333333333331
BRENT_session,us_open,6.0,ceasefire_collapse_renewed_escalation,6,6,0,3,3,0.0,50.0,50.0,-0.6427417038896195,-0.5013879434357554,0.5782808055752536,False,0.18792866941015085,0.4074074074074074,0.8333333333333331,0.8333333333333331
BRENT_session,us_pre_open,6.0,ceasefire_collapse_renewed_escalation,3,3,1,2,0,33.33333333333333,66.66666666666666,0.0,-0.2409791488427708,-1.1038941168831204,1.990459171163117,True,1.0,0.2592592592592592,1.0,0.8333333333333331
BRENT_session,europe_midday,7.0,sustained_major_reescalation_hormuz_war,10,10,4,3,3,40.0,30.0,30.0,0.1165291993318496,0.2387822656827695,0.7504568735504488,False,0.7398770512625112,1.0,0.9512704944803716,1.0
BRENT_session,global_reopen_pre_mcx,7.0,sustained_major_reescalation_hormuz_war,10,10,5,3,2,50.0,30.0,20.0,0.1785433867989753,0.2223016650372649,0.9488621698547064,False,0.31717725956409104,1.0,0.9512704944803716,1.0
BRENT_session,india_midday,7.0,sustained_major_reescalation_hormuz_war,10,10,3,5,2,30.0,50.0,20.0,-2.09217101097308,-0.7091181274923258,3.865512593733204,False,1.0,0.31717725956409104,1.0,0.7696343913550744
BRENT_session,india_morning,7.0,sustained_major_reescalation_hormuz_war,10,10,4,3,3,40.0,30.0,30.0,0.0739353351589302,0.1724593158839601,0.7365162815872915,False,0.7398770512625112,1.0,0.9512704944803716,1.0
BRENT_session,mcx_open_drive,7.0,sustained_major_reescalation_hormuz_war,10,10,0,3,7,0.0,30.0,70.0,-0.0987809975111135,-0.0435729947785164,0.3168751730475214,False,0.037003166861420175,1.0,0.1665142508763908,1.0
BRENT_session,mcx_tail,7.0,sustained_major_reescalation_hormuz_war,10,10,4,0,6,40.0,0.0,60.0,0.5382653265374588,0.2058655241347151,0.8912986840660481,False,0.7398770512625112,0.037003166861420175,0.9512704944803716,0.3330285017527816
BRENT_session,other_valid_hours,7.0,sustained_major_reescalation_hormuz_war,10,10,4,1,5,40.0,10.0,50.0,0.1665428662681191,0.0093070596790083,0.4303206626790074,False,0.7398770512625112,0.18061271147690913,0.9512704944803716,0.7696343913550744
BRENT_session,us_open,7.0,sustained_major_reescalation_hormuz_war,20,20,7,9,4,35.0,45.0,20.0,0.7825015858769213,-0.1007661850787903,3.689030262966538,False,1.0,0.34205972949114416,1.0,0.7696343913550744
BRENT_session,us_pre_open,7.0,sustained_major_reescalation_hormuz_war,10,10,7,3,0,70.0,30.0,0.0,1.3848994509427497,0.955800381921256,4.525309809394652,False,0.019661636945587566,1.0,0.1665142508763908,1.0
BRENT_session,europe_midday,8.0,operational_pause_renewed_diplomacy,1,1,1,0,0,100.0,0.0,0.0,1.9127863770875624,1.9127863770875624,,True,0.3333333333333333,1.0,1.0,1.0
BRENT_session,global_reopen_pre_mcx,8.0,operational_pause_renewed_diplomacy,1,1,1,0,0,100.0,0.0,0.0,1.276315254016111,1.276315254016111,,True,0.3333333333333333,1.0,1.0,1.0
BRENT_session,india_midday,8.0,operational_pause_renewed_diplomacy,1,1,0,1,0,0.0,100.0,0.0,-2.5324878494905603,-2.5324878494905603,,True,1.0,0.3333333333333333,1.0,0.5
BRENT_session,india_morning,8.0,operational_pause_renewed_diplomacy,1,1,0,1,0,0.0,100.0,0.0,-2.3664787721687266,-2.3664787721687266,,True,1.0,0.3333333333333333,1.0,0.5
BRENT_session,mcx_open_drive,8.0,operational_pause_renewed_diplomacy,1,1,0,1,0,0.0,100.0,0.0,-0.496598395397235,-0.496598395397235,,True,1.0,0.3333333333333333,1.0,0.5
BRENT_session,mcx_tail,8.0,operational_pause_renewed_diplomacy,1,1,0,1,0,0.0,100.0,0.0,-0.6411059459403041,-0.6411059459403041,,True,1.0,0.3333333333333333,1.0,0.5
BRENT_session,other_valid_hours,8.0,operational_pause_renewed_diplomacy,1,1,0,1,0,0.0,100.0,0.0,-0.8032572518382985,-0.8032572518382985,,True,1.0,0.3333333333333333,1.0,0.5
BRENT_session,us_open,8.0,operational_pause_renewed_diplomacy,2,2,0,2,0,0.0,100.0,0.0,-0.684961920527446,-0.684961920527446,0.0113290586512239,True,1.0,0.1111111111111111,1.0,0.5
BRENT_session,us_pre_open,8.0,operational_pause_renewed_diplomacy,1,1,1,0,0,100.0,0.0,0.0,0.5805477858654617,0.5805477858654617,,True,0.3333333333333333,1.0,1.0,1.0
BRENT_session,europe_midday,9.0,ceasefire_pause_breakdown_renewed_escalation,4,4,3,1,0,75.0,25.0,0.0,0.3225428507472351,0.8835899506301981,1.4504939399425243,True,0.11111111111111112,1.0,1.0,1.0
BRENT_session,global_reopen_pre_mcx,9.0,ceasefire_pause_breakdown_renewed_escalation,4,4,1,3,0,25.0,75.0,0.0,-0.1593081531254371,-1.0754899283944972,2.1163930771415185,True,1.0,0.11111111111111112,1.0,1.0
BRENT_session,india_midday,9.0,ceasefire_pause_breakdown_renewed_escalation,4,4,1,1,2,25.0,25.0,50.0,-0.061573586438522,-0.0472847497848756,1.547027854542797,True,1.0,1.0,1.0,1.0
BRENT_session,india_morning,9.0,ceasefire_pause_breakdown_renewed_escalation,4,4,2,1,1,50.0,25.0,25.0,0.501556846711154,0.1719434071470939,1.7967461537382834,True,0.6049382716049383,1.0,1.0,1.0
BRENT_session,mcx_open_drive,9.0,ceasefire_pause_breakdown_renewed_escalation,4,4,1,1,2,25.0,25.0,50.0,-0.0220759179825029,-0.0057307972187942,0.304759137738632,True,1.0,1.0,1.0,1.0
BRENT_session,mcx_tail,9.0,ceasefire_pause_breakdown_renewed_escalation,4,4,1,1,2,25.0,25.0,50.0,0.0477271369061611,0.047569172007411,0.3067825811581921,True,1.0,1.0,1.0,1.0
BRENT_session,other_valid_hours,9.0,ceasefire_pause_breakdown_renewed_escalation,3,3,1,2,0,33.33333333333333,66.66666666666666,0.0,-0.0992907103852434,-0.3631581600232762,0.5354764303227163,True,1.0,0.2592592592592592,1.0,1.0
BRENT_session,us_open,9.0,ceasefire_pause_breakdown_renewed_escalation,8,8,1,3,4,12.5,37.5,50.0,-0.4041964180787843,-0.1663888495614939,0.7682509319709233,False,0.2830361225422955,1.0,1.0,1.0
BRENT_session,us_pre_open,9.0,ceasefire_pause_breakdown_renewed_escalation,4,4,1,2,1,25.0,50.0,25.0,0.3384796795409301,-0.1824403607706002,1.483066492001072,True,1.0,0.6049382716049383,1.0,1.0
BRENT_session,europe_midday,10.0,second_deescalation_active_negotiation_hormuz_deal,14,14,4,8,2,28.57142857142857,57.14285714285714,14.285714285714285,-0.7312598690473165,-0.3933901200462992,1.774613950522344,False,1.0,0.0850202039779058,1.0,0.7651818358011522
BRENT_session,global_reopen_pre_mcx,10.0,second_deescalation_active_negotiation_hormuz_deal,13,13,4,3,6,30.76923076923077,23.07692307692308,46.15384615384615,0.1247543893894406,0.1510798684774723,0.516184227420325,False,1.0,0.5637320668396559,1.0,1.0
BRENT_session,india_midday,10.0,second_deescalation_active_negotiation_hormuz_deal,14,14,8,5,1,57.14285714285714,35.714285714285715,7.142857142857142,0.4173367195333128,0.5298200907581398,1.1603940647210411,False,0.0850202039779058,1.0,0.2550606119337174,1.0
BRENT_session,india_morning,10.0,second_deescalation_active_negotiation_hormuz_deal,13,13,4,4,5,30.76923076923077,30.76923076923077,38.46153846153847,0.0706045006684973,-0.0546218951888878,0.6723606472725127,False,1.0,1.0,1.0,1.0
BRENT_session,mcx_open_drive,10.0,second_deescalation_active_negotiation_hormuz_deal,13,13,4,4,5,30.76923076923077,30.76923076923077,38.46153846153847,0.0260914170085548,0.0113945547266017,0.3749266938467803,False,1.0,1.0,1.0,1.0
BRENT_session,mcx_tail,10.0,second_deescalation_active_negotiation_hormuz_deal,14,14,8,3,3,57.14285714285714,21.428571428571427,21.428571428571427,0.1300736376655504,0.2755931231686573,0.5450827911445943,False,0.0850202039779058,0.41065559906409627,0.2550606119337174,1.0
BRENT_session,other_valid_hours,10.0,second_deescalation_active_negotiation_hormuz_deal,13,13,2,4,7,15.384615384615383,30.76923076923077,53.84615384615385,-0.1474466386027251,-0.0358922940215011,0.4070991308252527,False,0.24227148451098068,1.0,0.5451108401497066,1.0
BRENT_session,us_open,10.0,second_deescalation_active_negotiation_hormuz_deal,28,28,15,7,6,53.57142857142857,25.0,21.428571428571427,0.3382348637178016,0.4029291033032747,0.7503283530571003,False,0.023103393801764183,0.3495748061232984,0.20793054421587764,1.0
BRENT_session,us_pre_open,10.0,second_deescalation_active_negotiation_hormuz_deal,14,14,6,6,2,42.85714285714285,42.85714285714285,14.285714285714285,-0.0549653286986425,0.0597092072298773,0.8608842129309731,False,0.5713858902284338,0.5713858902284338,1.0,1.0
WTI_session,asia_early,1.0,full_scale_war,11,11,2,5,4,18.181818181818183,45.45454545454545,36.36363636363637,-0.1567227212762513,0.2147163008192148,1.6681286093248566,False,0.35619570187471444,0.5231079273146033,0.6402116402116401,0.9223251028806587
WTI_session,europe_midday,1.0,full_scale_war,18,18,7,8,3,38.88888888888889,44.44444444444444,16.666666666666664,-0.3291026432783319,-0.1298062103060032,2.1550657549730867,False,0.6225620374971965,0.3249252442092707,0.6707818930041154,0.9223251028806587
WTI_session,global_reopen_pre_mcx,1.0,full_scale_war,6,6,3,3,0,50.0,50.0,0.0,0.4416274166024485,0.1560006547638859,3.028924059945738,False,0.4074074074074074,0.4074074074074074,0.6402116402116401,0.9223251028806587
WTI_session,india_midday,1.0,full_scale_war,6,6,4,1,1,66.66666666666666,16.666666666666664,16.666666666666664,0.8015635977031496,1.0429372337203526,1.7490951945309416,False,0.10013717421124826,0.6707818930041154,0.3671696387745769,0.9223251028806587
WTI_session,india_morning,1.0,full_scale_war,6,6,1,1,4,16.666666666666664,16.666666666666664,66.66666666666666,-0.891698591751865,-0.3051865487993357,2.3092745862819783,False,0.6707818930041154,0.6707818930041154,0.6707818930041154,0.9223251028806587
WTI_session,mcx_open_drive,1.0,full_scale_war,6,6,3,1,2,50.0,16.666666666666664,33.33333333333333,0.2843591023179695,0.4304537148105936,0.6078399852090719,False,0.4074074074074074,0.6707818930041154,0.6402116402116401,0.9223251028806587
WTI_session,mcx_tail,1.0,full_scale_war,6,6,1,2,3,16.666666666666664,33.33333333333333,50.0,-0.4065101710607364,-0.409964879249104,1.0325543796124417,False,0.6707818930041154,1.0,0.6707818930041154,1.0
WTI_session,other_valid_hours,1.0,full_scale_war,18,18,8,7,3,44.44444444444444,38.88888888888889,16.666666666666664,0.6521890484056391,0.4309277575425638,4.326343562051092,False,0.3249252442092707,0.6225620374971965,0.6402116402116401,0.9223251028806587
WTI_session,us_late,1.0,full_scale_war,12,12,5,3,4,41.66666666666667,25.0,33.33333333333333,0.0831333829126927,0.1494042039623687,1.850097409730068,False,0.549601931352681,0.761553963657302,0.6707818930041154,0.9307881778033692
WTI_session,us_open,1.0,full_scale_war,36,36,21,12,3,58.333333333333336,33.33333333333333,8.333333333333332,0.2578243612070983,0.6708966459939464,1.2628869802338378,False,0.0014627165866811787,1.0,0.016089882453492965,1.0
WTI_session,us_pre_open,1.0,full_scale_war,18,18,11,4,3,61.11111111111112,22.22222222222222,16.666666666666664,0.4222239862358162,0.6715530676310021,1.914505976330109,False,0.02120001712144864,0.45433254563880376,0.11660009416796753,0.9223251028806587
WTI_session,europe_midday,2.0,post_ceasefire_complex,43,43,10,21,12,23.25581395348837,48.837209302325576,27.906976744186046,-0.3828471971027005,-0.2499780125857038,1.2566152343484336,False,0.1609671969711517,0.03103251950014485,0.34277447488594354,0.27929267550130366
WTI_session,global_reopen_pre_mcx,2.0,post_ceasefire_complex,41,41,14,17,10,34.14634146341464,41.46341463414634,24.390243902439025,-0.2959523355298478,-0.0381506114539046,2.107529860355872,False,0.9120671518304253,0.2694564051597772,0.9120671518304254,0.48916417803073386
WTI_session,india_midday,2.0,post_ceasefire_complex,43,43,17,19,7,39.53488372093023,44.18604651162791,16.27906976744186,-0.1363315322728844,0.0228585267855003,1.9295230149302305,False,0.3883232289789247,0.13113050286965056,0.582484843468387,0.48916417803073386
WTI_session,india_morning,2.0,post_ceasefire_complex,42,42,19,14,9,45.23809523809524,33.33333333333333,21.428571428571427,0.0261788504296693,0.2343054825533432,0.766213322661523,False,0.10170693003109332,1.0,0.34277447488594354,1.0
WTI_session,mcx_open_drive,2.0,post_ceasefire_complex,42,42,10,11,21,23.809523809523807,26.190476190476197,50.0,0.0195184514857421,-0.0336944452137589,0.442582914419185,False,0.1904302638255242,0.32610945202048924,0.34277447488594354,0.48916417803073386
WTI_session,mcx_tail,2.0,post_ceasefire_complex,43,43,16,15,12,37.2093023255814,34.88372093023256,27.906976744186046,-0.0779477310456979,-0.0419164994230585,0.958891261965999,False,0.5897737906589076,0.8292484591829459,0.758280587990024,1.0
WTI_session,other_valid_hours,2.0,post_ceasefire_complex,42,42,13,11,18,30.952380952380956,26.190476190476197,42.85714285714285,0.1461785762653127,0.0260798680456377,0.938221186892818,False,0.7434206976952527,0.32610945202048924,0.8363482849071593,0.48916417803073386
WTI_session,us_open,2.0,post_ceasefire_complex,86,86,38,29,19,44.18604651162791,33.72093023255814,22.093023255813957,0.1195979533186096,0.1434448139502362,1.4290943870932924,False,0.03276264507885984,0.939220772891616,0.2948638057097386,1.0
WTI_session,us_pre_open,2.0,post_ceasefire_complex,43,43,19,18,6,44.18604651162791,41.86046511627907,13.953488372093023,-0.1813978515134586,0.1286672897693224,2.026884541260666,False,0.13113050286965056,0.2355589199240793,0.34277447488594354,0.48916417803073386
WTI_session,europe_midday,3.0,strong_escalation_op_rising_lion,4,4,3,0,1,75.0,0.0,25.0,0.8734941996284963,0.6695847914485715,1.15472447024825,True,0.11111111111111112,0.30864197530864196,0.6944444444444444,0.5555555555555556
WTI_session,global_reopen_pre_mcx,3.0,strong_escalation_op_rising_lion,4,4,1,3,0,25.0,75.0,0.0,-0.2585137114368943,-0.4184912645735647,0.7304640390320337,True,1.0,0.11111111111111112,1.0,0.25
WTI_session,india_midday,3.0,strong_escalation_op_rising_lion,4,4,0,4,0,0.0,100.0,0.0,-1.1857744296688206,-1.0636933308562937,0.7868881298295726,True,0.30864197530864196,0.012345679012345677,0.6944444444444444,0.11111111111111109
WTI_session,india_morning,3.0,strong_escalation_op_rising_lion,4,4,0,3,1,0.0,75.0,25.0,-0.3824016115728004,-0.4306460002580196,0.2991397289600641,True,0.30864197530864196,0.11111111111111112,0.6944444444444444,0.25
WTI_session,mcx_open_drive,3.0,strong_escalation_op_rising_lion,4,4,0,3,1,0.0,75.0,25.0,-0.5145517715337143,-0.571201150251858,0.33730906091262,True,0.30864197530864196,0.11111111111111112,0.6944444444444444,0.25
WTI_session,mcx_tail,3.0,strong_escalation_op_rising_lion,4,4,2,2,0,50.0,50.0,0.0,-0.3024044830545052,-0.1213849124795009,1.0578918803747344,True,0.6049382716049383,0.6049382716049383,0.7777777777777778,0.7777777777777778
WTI_session,other_valid_hours,3.0,strong_escalation_op_rising_lion,4,4,2,1,1,50.0,25.0,25.0,0.2939762936436055,0.3062575247175291,1.5429502904150847,True,0.6049382716049383,1.0,0.7777777777777778,1.0
WTI_session,us_open,3.0,strong_escalation_op_rising_lion,8,8,2,2,4,25.0,25.0,50.0,-0.2796351879147706,-0.0407391643240243,1.4666363616264215,False,1.0,1.0,1.0,1.0
WTI_session,us_pre_open,3.0,strong_escalation_op_rising_lion,4,4,2,2,0,50.0,50.0,0.0,0.1158652666866205,0.4454853137264828,1.852481561889301,True,0.6049382716049383,0.6049382716049383,0.7777777777777778,0.7777777777777778
WTI_session,europe_midday,4.0,naval_blockade_removed,4,4,2,1,1,50.0,25.0,25.0,0.4630734318074123,0.5638992735468819,0.8480909887000725,True,0.6049382716049383,1.0,1.0,1.0
WTI_session,global_reopen_pre_mcx,4.0,naval_blockade_removed,5,5,0,4,1,0.0,80.0,20.0,-0.5287889662578934,-0.5178769024950954,0.477930623642074,False,0.176954732510288,0.045267489711934145,0.7962962962962961,0.3333333333333333
WTI_session,india_midday,4.0,naval_blockade_removed,4,4,1,3,0,25.0,75.0,0.0,-0.9046364098247032,-0.464750400237152,1.7973197405828112,True,1.0,0.11111111111111112,1.0,0.3333333333333333
WTI_session,india_morning,4.0,naval_blockade_removed,4,4,0,0,4,0.0,0.0,100.0,-0.0374662986483744,-0.062053044398866,0.0921013684451255,True,0.30864197530864196,0.30864197530864196,0.9259259259259259,0.5555555555555556
WTI_session,mcx_open_drive,4.0,naval_blockade_removed,5,5,1,2,2,20.0,40.0,40.0,-0.1675355089435338,-0.1998954266537304,0.4103647108121078,False,1.0,1.0,1.0,1.0
WTI_session,mcx_tail,4.0,naval_blockade_removed,4,4,4,0,0,100.0,0.0,0.0,0.8779931703238044,0.6151011934261039,0.723547518108176,True,0.012345679012345677,0.30864197530864196,0.11111111111111109,0.5555555555555556
WTI_session,other_valid_hours,4.0,naval_blockade_removed,4,4,2,2,0,50.0,50.0,0.0,-0.1942257720705182,-0.044074323981069,0.94638642549009,True,0.6049382716049383,0.6049382716049383,1.0,0.7777777777777778
WTI_session,us_open,4.0,naval_blockade_removed,8,8,3,4,1,37.5,50.0,12.5,-0.1196758238105104,-0.3245352152947884,0.9247730392081752,False,1.0,0.4537418076512728,1.0,0.6806127114769093
WTI_session,us_pre_open,4.0,naval_blockade_removed,4,4,1,3,0,25.0,75.0,0.0,-0.7394797760845564,-0.7702745380093239,1.1548251137396437,True,1.0,0.11111111111111112,1.0,0.3333333333333333
WTI_session,europe_midday,5.0,slight_escalation_strait_closure,11,11,5,5,1,45.45454545454545,45.45454545454545,9.090909090909092,-0.019972005762849,0.1830539230506996,0.8081376466292635,False,0.5231079273146033,0.5231079273146033,0.784661890971905,0.6725673351187756
WTI_session,global_reopen_pre_mcx,5.0,slight_escalation_strait_closure,12,12,2,8,2,16.666666666666664,66.66666666666666,16.666666666666664,-0.51597673466893,-0.4440367398289967,0.9939231402706354,False,0.3588451022785222,0.02646577889173022,0.784661890971905,0.11909600501278599
WTI_session,india_midday,5.0,slight_escalation_strait_closure,11,11,3,5,3,27.27272727272727,45.45454545454545,27.27272727272727,-0.170194825953116,-0.059216740479486,0.965287909465604,False,1.0,0.5231079273146033,1.0,0.6725673351187756
WTI_session,india_morning,5.0,slight_escalation_strait_closure,11,11,1,2,8,9.090909090909092,18.181818181818183,72.72727272727273,-0.0859045338167402,-0.0688178467950284,0.4424583009804477,False,0.11377556492630422,0.35619570187471444,0.784661890971905,0.6411522633744859
WTI_session,mcx_open_drive,5.0,slight_escalation_strait_closure,12,12,3,3,6,25.0,25.0,50.0,-0.0046825489120194,-0.0643868475805146,0.3230763049633453,False,0.761553963657302,0.761553963657302,0.9791408104165311,0.8567482091144647
WTI_session,mcx_tail,5.0,slight_escalation_strait_closure,11,11,5,0,6,45.45454545454545,0.0,54.54545454545454,0.1844220627951266,0.2046475405787163,0.3100324962795248,False,0.5231079273146033,0.02038420069208059,0.784661890971905,0.11909600501278599
WTI_session,other_valid_hours,5.0,slight_escalation_strait_closure,11,11,4,6,1,36.36363636363637,54.54545454545454,9.090909090909092,0.3250934359574751,-0.3058090805246873,1.432235464146254,False,1.0,0.19723167764624872,1.0,0.44377127470405964
WTI_session,us_open,5.0,slight_escalation_strait_closure,22,22,9,7,6,40.909090909090914,31.818181818181817,27.27272727272727,0.0413666560066159,0.1094508275225238,0.5682979758469388,False,0.45098231926888244,0.8801684549067255,0.784661890971905,0.8801684549067255
WTI_session,us_pre_open,5.0,slight_escalation_strait_closure,11,11,5,6,0,45.45454545454545,54.54545454545454,0.0,-0.1378637213350828,-0.4918579005030951,1.2342736298610657,False,0.5231079273146033,0.19723167764624872,0.784661890971905,0.44377127470405964
WTI_session,europe_midday,6.0,ceasefire_collapse_renewed_escalation,3,3,1,2,0,33.33333333333333,66.66666666666666,0.0,-27.93679360696005,-38.78397045303092,25.51605762729423,True,1.0,0.2592592592592592,1.0,0.5833333333333331
WTI_session,global_reopen_pre_mcx,6.0,ceasefire_collapse_renewed_escalation,3,3,1,2,0,33.33333333333333,66.66666666666666,0.0,-25.253391738669915,-33.05654191635107,23.087583083979982,True,1.0,0.2592592592592592,1.0,0.5833333333333331
WTI_session,india_midday,6.0,ceasefire_collapse_renewed_escalation,3,3,2,0,1,66.66666666666666,0.0,33.33333333333333,11.755273164687576,13.491450097958928,11.251843533487966,True,0.2592592592592592,0.5555555555555555,1.0,0.9999999999999998
WTI_session,india_morning,6.0,ceasefire_collapse_renewed_escalation,3,3,1,1,1,33.33333333333333,33.33333333333333,33.33333333333333,-18.36480397488917,-0.3733877044816239,48.152132254585865,True,1.0,1.0,1.0,1.0
WTI_session,mcx_open_drive,6.0,ceasefire_collapse_renewed_escalation,3,3,1,1,1,33.33333333333333,33.33333333333333,33.33333333333333,6.203276208901972,0.0,12.317153048429118,True,1.0,1.0,1.0,1.0
WTI_session,mcx_tail,6.0,ceasefire_collapse_renewed_escalation,3,3,1,1,1,33.33333333333333,33.33333333333333,33.33333333333333,-17.916480610236462,0.2245665403508785,50.87670192928352,True,1.0,1.0,1.0,1.0
WTI_session,other_valid_hours,6.0,ceasefire_collapse_renewed_escalation,3,3,1,1,1,33.33333333333333,33.33333333333333,33.33333333333333,-4.547609253129943,-0.0139939936377605,19.3565970782975,True,1.0,1.0,1.0,1.0
WTI_session,us_open,6.0,ceasefire_collapse_renewed_escalation,6,6,0,5,1,0.0,83.33333333333334,16.666666666666664,-53.5526070856306,-68.98480500888358,42.61207936120266,False,0.18792866941015085,0.017832647462277085,1.0,0.16049382716049376
WTI_session,us_pre_open,6.0,ceasefire_collapse_renewed_escalation,3,3,1,2,0,33.33333333333333,66.66666666666666,0.0,-16.25623704638508,-1.3749483759132883,58.423753847065385,True,1.0,0.2592592592592592,1.0,0.5833333333333331
WTI_session,europe_midday,7.0,sustained_major_reescalation_hormuz_war,10,10,5,4,1,50.0,40.0,10.0,-0.1126035332168101,0.2832131843748615,0.8785510609827658,False,0.31717725956409104,0.7398770512625112,0.9512704944803716,0.9512704944803716
WTI_session,global_reopen_pre_mcx,7.0,sustained_major_reescalation_hormuz_war,10,10,4,4,2,40.0,40.0,20.0,0.1730576863771359,0.2050348816929099,0.9850248844459494,False,0.7398770512625112,0.7398770512625112,0.9512704944803716,0.9512704944803716
WTI_session,india_midday,7.0,sustained_major_reescalation_hormuz_war,10,10,4,3,3,40.0,30.0,30.0,0.1385210305759361,0.1807602922382959,1.7877851487465328,False,0.7398770512625112,1.0,0.9512704944803716,1.0
WTI_session,india_morning,7.0,sustained_major_reescalation_hormuz_war,10,10,4,3,3,40.0,30.0,30.0,0.0674056756566296,0.2349167821463765,0.6852064789630194,False,0.7398770512625112,1.0,0.9512704944803716,1.0
WTI_session,mcx_open_drive,7.0,sustained_major_reescalation_hormuz_war,10,10,2,4,4,20.0,40.0,40.0,-0.1244952743394288,-0.1038688565538392,0.3316943451379195,False,0.5122694711172081,0.7398770512625112,0.9512704944803716,0.9512704944803716
WTI_session,mcx_tail,7.0,sustained_major_reescalation_hormuz_war,10,10,5,1,4,50.0,10.0,40.0,0.5440976728829375,0.3215139403469337,0.9131904002847216,False,0.31717725956409104,0.18061271147690913,0.9512704944803716,0.5418381344307274
WTI_session,other_valid_hours,7.0,sustained_major_reescalation_hormuz_war,10,10,3,1,6,30.0,10.0,60.0,0.1844771388617243,0.1742180175774572,0.3974732325777328,False,1.0,0.18061271147690913,1.0,0.5418381344307274
WTI_session,us_open,7.0,sustained_major_reescalation_hormuz_war,20,20,7,9,4,35.0,45.0,20.0,-0.054723654415109,-0.1254338132691244,0.9678013186358084,False,1.0,0.34205972949114416,1.0,0.7696343913550744
WTI_session,us_pre_open,7.0,sustained_major_reescalation_hormuz_war,10,10,6,1,3,60.0,10.0,30.0,0.5838610388334905,0.6811595440325386,0.6751753283582718,False,0.09390506189774595,0.18061271147690913,0.8451455570797135,0.5418381344307274
WTI_session,europe_midday,8.0,operational_pause_renewed_diplomacy,1,1,1,0,0,100.0,0.0,0.0,1.214329105742848,1.214329105742848,,True,0.3333333333333333,1.0,1.0,1.0
WTI_session,global_reopen_pre_mcx,8.0,operational_pause_renewed_diplomacy,1,1,1,0,0,100.0,0.0,0.0,0.803497970100663,0.803497970100663,,True,0.3333333333333333,1.0,1.0,1.0
WTI_session,india_midday,8.0,operational_pause_renewed_diplomacy,1,1,0,1,0,0.0,100.0,0.0,-1.377412324202452,-1.377412324202452,,True,1.0,0.3333333333333333,1.0,0.6
WTI_session,india_morning,8.0,operational_pause_renewed_diplomacy,1,1,0,1,0,0.0,100.0,0.0,-1.6263963168931834,-1.6263963168931834,,True,1.0,0.3333333333333333,1.0,0.6
WTI_session,mcx_open_drive,8.0,operational_pause_renewed_diplomacy,1,1,0,1,0,0.0,100.0,0.0,-0.5509333412762558,-0.5509333412762558,,True,1.0,0.3333333333333333,1.0,0.6
WTI_session,mcx_tail,8.0,operational_pause_renewed_diplomacy,1,1,0,0,1,0.0,0.0,100.0,-0.0121003261034742,-0.0121003261034742,,True,1.0,1.0,1.0,1.0
WTI_session,other_valid_hours,8.0,operational_pause_renewed_diplomacy,1,1,0,1,0,0.0,100.0,0.0,-0.8953392090759907,-0.8953392090759907,,True,1.0,0.3333333333333333,1.0,0.6
WTI_session,us_open,8.0,operational_pause_renewed_diplomacy,2,2,0,2,0,0.0,100.0,0.0,-0.5814923005345434,-0.5814923005345434,0.0059655435249236,True,1.0,0.1111111111111111,1.0,0.6
WTI_session,us_pre_open,8.0,operational_pause_renewed_diplomacy,1,1,0,0,1,0.0,0.0,100.0,0.3598884930478419,0.3598884930478419,,True,1.0,1.0,1.0,1.0
WTI_session,europe_midday,9.0,ceasefire_pause_breakdown_renewed_escalation,4,4,3,1,0,75.0,25.0,0.0,0.5310159871694852,0.9316829186508584,1.1586758229714902,True,0.11111111111111112,1.0,0.5,1.0
WTI_session,global_reopen_pre_mcx,9.0,ceasefire_pause_breakdown_renewed_escalation,4,4,1,3,0,25.0,75.0,0.0,-0.2717693831786663,-0.9927268509627044,2.201361393000124,True,1.0,0.11111111111111112,1.0,0.5713305898491082
WTI_session,india_midday,9.0,ceasefire_pause_breakdown_renewed_escalation,4,4,1,2,1,25.0,50.0,25.0,0.2131954245444582,-0.1114650628851009,1.3024259309112047,True,1.0,0.6049382716049383,1.0,1.0
WTI_session,india_morning,9.0,ceasefire_pause_breakdown_renewed_escalation,4,4,2,1,1,50.0,25.0,25.0,0.2522390766493655,0.2692648972063013,1.0250258178105554,True,0.6049382716049383,1.0,1.0,1.0
WTI_session,mcx_open_drive,9.0,ceasefire_pause_breakdown_renewed_escalation,4,4,2,2,0,50.0,50.0,0.0,-0.0558577101952822,-0.0523938365678966,0.5856245611719371,True,0.6049382716049383,0.6049382716049383,1.0,1.0
WTI_session,mcx_tail,9.0,ceasefire_pause_breakdown_renewed_escalation,4,4,0,2,2,0.0,50.0,50.0,-0.0917337148368209,-0.117928901800736,0.2540222346383388,True,0.30864197530864196,0.6049382716049383,0.9259259259259259,1.0
WTI_session,other_valid_hours,9.0,ceasefire_pause_breakdown_renewed_escalation,4,4,1,1,2,25.0,25.0,50.0,0.1278215433465216,0.1360627661601247,0.2934147702302602,True,1.0,1.0,1.0,1.0
WTI_session,us_open,9.0,ceasefire_pause_breakdown_renewed_escalation,8,8,2,5,1,25.0,62.5,12.5,-0.4655429748415683,-0.3930940982223568,0.7993178898579809,False,1.0,0.12696235329980182,1.0,0.5713305898491082
WTI_session,us_pre_open,9.0,ceasefire_pause_breakdown_renewed_escalation,4,4,3,1,0,75.0,25.0,0.0,0.8023187733143815,0.4693229475086677,1.5550182597714648,True,0.11111111111111112,1.0,0.5,1.0
WTI_session,europe_midday,10.0,second_deescalation_active_negotiation_hormuz_deal,14,14,4,9,1,28.57142857142857,64.28571428571429,7.142857142857142,-0.7432030830920036,-0.5181674177197706,1.8309268580268456,False,1.0,0.02085921945134915,1.0,0.14629250090573764
WTI_session,global_reopen_pre_mcx,10.0,second_deescalation_active_negotiation_hormuz_deal,14,14,3,5,6,21.428571428571427,35.714285714285715,42.85714285714285,-0.0648022484930915,-0.0845602599635935,0.5590551628334675,False,0.41065559906409627,1.0,0.6159833985961444,1.0
WTI_session,india_midday,10.0,second_deescalation_active_negotiation_hormuz_deal,14,14,8,4,2,57.14285714285714,28.57142857142857,14.285714285714285,0.4998963496896894,0.7331929051371524,1.2105776015578047,False,0.0850202039779058,1.0,0.3825909179005761,1.0
WTI_session,india_morning,10.0,second_deescalation_active_negotiation_hormuz_deal,14,14,4,6,4,28.57142857142857,42.85714285714285,28.57142857142857,-0.0052259913784816,-0.147046094740804,0.679675675218942,False,1.0,0.5713858902284338,1.0,1.0
WTI_session,mcx_open_drive,10.0,second_deescalation_active_negotiation_hormuz_deal,14,14,4,5,5,28.57142857142857,35.714285714285715,35.714285714285715,0.0079024874336185,0.0430449465629052,0.3959165041722611,False,1.0,1.0,1.0,1.0
WTI_session,mcx_tail,10.0,second_deescalation_active_negotiation_hormuz_deal,14,14,7,4,3,50.0,28.57142857142857,21.428571428571427,0.0702546484228757,0.2489289879677654,0.623744015419745,False,0.2547959227835264,1.0,0.6159833985961444,1.0
WTI_session,other_valid_hours,10.0,second_deescalation_active_negotiation_hormuz_deal,14,14,3,4,7,21.428571428571427,28.57142857142857,50.0,-0.0235105175213752,0.0184766998555373,0.5891255380812842,False,0.41065559906409627,1.0,0.6159833985961444,1.0
WTI_session,us_open,10.0,second_deescalation_active_negotiation_hormuz_deal,28,28,16,4,8,57.14285714285714,14.285714285714285,28.57142857142857,0.3663581962064057,0.433959965455268,0.7101389445797628,False,0.007526315166457964,0.032509444645719476,0.06773683649812168,0.14629250090573764
WTI_session,us_pre_open,10.0,second_deescalation_active_negotiation_hormuz_deal,14,14,3,5,6,21.428571428571427,35.714285714285715,42.85714285714285,-0.1445626322554043,-0.0982635039526721,0.8426381925002938,False,0.41065559906409627,1.0,0.6159833985961444,1.0
